ProductId,main_gemstone_shape,main_gemstone_size,gold_18k_weight,gold_14k_weight,plat_900_weight,surface_plain_pattern,catalogue_color
1,Heart, 5.0*6.0 , 3.84 , 3.30 , 5.05 , Pattern , Hồng 
2,,   , 3.03 , 2.83 ,   , Plain , Vàng 
3,,   , 2.85 , 2.66 ,   , Plain , Hồng 
4,,   , 3.77 , 3.52 ,   , Pattern , Trắng-Hồng 
5,,   , 1.65 , 1.51 ,   , Plain , Hồng 
6,,   , 1.65 , 1.52 ,   , Plain , Trắng 
7, ,   , 1.69 , 1.55 ,   , Plain , Vàng 
8, ,   , 2.21 , 2.03 ,   , Pattern , Vàng 
9,,, 1.38 , 1.16 ,, Plain , Vàng 
10,Round, 4.5 , 1.52 , 1.42 ,   , Plain , Trắng 
11,Round, 4.5 , 1.51 , 1.42 ,   , Plain , Trắng 
12,Round, 4.5 , 1.51 , 1.41 ,   , Plain , Trắng 
13,Round, 5.4 , 1.83 , 1.71 ,   , Plain , Trắng 
14,Round, 4.5 , 2.84 , 2.65 ,   , Plain , Trắng 
15,Round, 3.6 , 2.81 , 2.62 ,   , Plain , Trắng 
16,Round, 4.5 , 4.03 , 3.37 ,   , Plain , Trắng 
17,Round, 4.5 , 2.83 , 2.64 ,   , Plain , Trắng 
18,Round, 3.6 , 1.04 , 0.97 ,   , Plain , Trắng 
19,Round, 3.6 , 4.45 , 4.15 ,   , Pattern , Trắng 
20,Round, 3.6 , 1.45 , 1.35 ,   , Plain , Trắng 
21,Heart, 5.0 , 1.91 , 1.78 ,   , Plain , Trắng 
22,Round, 3.6 , 2.37 , 2.21 ,   , Pattern , Trắng 
23,,   , 3.40 , 3.17 ,   , Plain , Trắng 
24,Round, 4.1 , 2.42 , 2.02 ,   , Plain , Trắng 
25,Round, 4.1 , 2.42 , 2.25 ,   , Plain , Trắng 
26,Round, 3.6 , 2.96 , 2.48 ,   , Plain , Trắng 
27,Round, 4.1 , 3.45 , 3.21 ,   , Plain , Trắng 
28,Round, 4.1 , 3.81 , 3.18 ,   , Plain , Trắng 
29,Round, 4.1 , 3.06 , 2.56 ,   , Plain , Trắng 
30,Round, 4.1 , 2.35 , 1.96 ,   , Plain , Trắng 
31,Round, 5.4 , 3.43 , 2.87 ,   , Plain , Trắng 
32,Round, 5.4 , 3.44 , 2.87 ,   , Plain , Trắng 
33,Round, 4.5 , 3.95 , 3.68 ,   , Plain , Trắng 
34,Round, 3.6 , 7.83 , 7.30 ,   , Pattern , Trắng 
35,Emerald, 5.4 , 3.41 , 3.18 ,   , Plain , Trắng 
36,Emerald, 5.4 , 4.71 , 4.39 ,   , Plain , Trắng 
37,Emerald, 5.4 , 6.24 , 5.82 ,   , Pattern , Trắng 
38,,   , 4.13 , 3.85 ,   , Pattern , Trắng 
39,,   , 5.41 , 4.52 ,   , Plain , Trắng 
40,Round, 5.0 , 6.22 , 5.80 ,   , Plain , Trắng 
41,Round, 4.5 , 7.16 , 6.68 ,   , Plain , Trắng 
42,Round, 4.5 , 5.70 , 5.32 ,   , Plain , Trắng 
43,Round, 5.4 , 6.28 , 5.85 ,   , Plain , Trắng 
44,Round, 4.1 , 4.64 , 4.33 ,   , Plain , Trắng 
45,Round, 4.5 , 4.69 , 4.37 ,   , Plain , Trắng 
46,Round, 4.6 , 4.76 , 4.44 ,   , Plain , Trắng 
47,Round, 4.1 , 2.85 , 2.66 ,   , Plain , Trắng 
48,Round, 3.6 , 6.17 , 5.75 ,   , Plain , Trắng 
49,Round, 3.6 , 3.03 , 2.82 ,   , Plain , Trắng 
50,Round, 4.5 , 2.62 , 2.44 ,   , Plain , Trắng-Hồng 
51,Round, 4.5 , 3.64 , 3.39 ,   , Plain , Trắng 
52,Round, 5.2 , 4.11 , 3.83 ,   , Plain , Trắng 
53,Round, 4.5 , 4.55 , 3.80 ,   , Plain , Trắng 
54,Round, 4.6 , 4.94 , 4.60 ,   , Plain , Trắng 
55,Round, 4.5 , 3.48 , 3.24 ,   , Plain , Trắng 
56,Round, 4.5 , 4.15 , 3.87 ,   , Pattern , Trắng 
57,Cushion, 4.5 , 4.92 , 4.59 ,   , Plain , Trắng 
58,Round, 3.6 , 7.67 , 7.15 ,   , Plain , Trắng 
59,Round, 3.6 , 5.48 , 5.11 ,   , Pattern , Trắng 
60,Round, 3.6 , 5.63 , 5.25 ,   , Pattern , Trắng 
61,,   , 6.83 , 6.37 ,   , Plain , Trắng 
62,Round, 3.6 , 5.53 , 5.16 ,   , Pattern , Trắng 
63,Round, 4.6 , 4.14 , 3.86 ,   , Plain , Trắng 
64,Round, 4.5 , 6.58 , 6.13 ,   , Plain , Trắng 
65,Round, 4.5 , 3.66 , 3.42 ,   , Pattern , Vàng 
66,,   , 5.27 , 4.91 ,   , Plain , Trắng 
67,Emerald, 4.5 , 3.86 , 3.60 ,   , Plain , Trắng 
68,Round, 5.0 , 4.31 , 4.02 ,   , Plain , Trắng 
69,Round, 4.5 , 6.09 , 5.68 ,   , Plain , Trắng 
70,Round, 5.2 , 5.17 , 4.82 ,   , Pattern , Trắng 
71,Round, 4.6 , 4.70 , 4.38 ,   , Plain , Trắng 
72,Round, 5.2 , 5.18 , 4.83 ,   , Plain , Trắng 
73,Round, 4.1 , 2.57 , 2.40 ,   , Plain , Trắng 
74,Round, 4.5 , 2.37 , 2.21 ,   , Plain , Trắng 
75,Round, 5.4 , 4.25 , 3.96 ,   , Pattern , Trắng 
76,Cushion, 4.5 , 2.02 , 1.69 ,   , Plain , Trắng 
77,Round, 4.5 , 3.46 , 2.92 ,   , Plain , Trắng 
78,Cushion, 3.6 , 2.02 , 1.69 ,   , Plain , Trắng 
79,Cushion, 4.0 , 3.93 , 3.66 ,   , Plain , Trắng 
80,Round, 5.4 , 4.25 , 3.96 ,   , Pattern , Trắng 
81,Round, Ngọc trai , 4.28 , 3.58 ,   , Plain , Trắng 
82,Round,   , 3.20 , 2.98 ,   , Plain , Trắng 
83,,   , 2.28 , 2.10 ,   , Plain , Trắng 
84,,   , 2.89 , 2.65 ,   , Plain , Trắng 
85,,   , 4.90 , 4.10 ,   , Plain , Trắng 
86,,   , 2.73 , 2.51 ,   , Plain , Trắng 
87,,   , 7.51 , 7.00 ,   , Plain , Trắng 
88,,   , 2.52 , 2.35 ,   , Plain , Trắng 
89,,   , 4.42 , 4.12 ,   , Pattern , Trắng 
90,,   , 3.27 , 3.04 ,   , Plain , Trắng 
91,Round, 3.6 , 4.34 , 4.05 ,   , Plain , Trắng 
92,Round, 3.6 , 2.70 , 2.26 ,   , Plain , Trắng 
93,Round, 4.5 , 7.15 , 6.67 ,   , Plain , Trắng 
94,Round, 4.5 , 2.73 , 2.51 ,   , Plain , Trắng 
95,Round, 4.5 , 2.16 , 1.81 ,   , Plain , Trắng 
96,Round, 4.5 , 3.19 , 2.66 ,   , Pattern , Trắng 
97,Round, 5.4 , 3.52 , 3.23 ,   , Plain , Trắng 
98,Round, 4.1 , 3.16 , 2.90 ,   , Plain , Trắng 
99,Round, 4.5 , 2.98 , 2.74 ,   , Plain , Trắng 
100,Pear, 8.0*5.0 , 3.43 , 2.87 ,   , Plain , Trắng 
101,,   , 4.48 , 3.75 ,   , Plain , Trắng 
102,,   , 3.32 , 3.06 ,   , Plain , Trắng 
103,Round, 6.3 , 2.98 , 2.78 ,   , Plain , Trắng 
104,Round, 3.6 , 4.53 , 4.22 ,   , Plain , Trắng 
105,Round, 4.5 , 1.86 , 1.73 ,   , Plain , Trắng 
106,Pear, 6.6 , 6.06 , 5.06 ,   , Plain , Trắng 
107,Pear, 4.5 , 5.66 , 5.28 ,   , Plain , Trắng 
108,Round, 4.1 , 4.11 , 3.44 ,   , Plain , Trắng 
109,,   , 4.34 , 4.05 ,   , Plain , Hồng 
110,, 5.0 , 2.88 , 2.40 ,   , Pattern , Vàng 
111,Round, 3.6 , 5.27 , 4.91 ,   , Pattern , Trắng 
112,Marquise, 6.0*3.0 , 3.67 , 3.43 ,   , Plain , Trắng 
113,Round, 5.0 , 4.02 , 3.75 ,   , Plain , -   
114,Round, 4.1 , 3.53 , 3.29 ,   , Plain , Trắng 
115,Oval, 8.0*6.0 , 4.56 , 4.26 ,   , Pattern , Trắng 
116,Emerald, 4.5*3.5 , 4.15 , 3.81 ,   , Pattern , Trắng 
117,,   , 2.83 , 2.64 ,   , Pattern , Trắng 
118,,   , 4.42 , 4.13 ,   , Pattern , Trắng 
119,Princess, 4.5 , 10.62 , 9.91 ,   , Plain , Vàng 
120,,   , 7.45 , 6.95 ,   , Plain , Trắng 
121,,   , 5.72 , 5.34 ,   , Plain , Trắng 
122,,   , 3.09 , 2.88 ,   , Plain , Vàng 
123,Round, 3.6 , 3.14 , 2.93 ,   , Plain , Trắng 
124,Round, 3.6 , 2.24 , 2.09 ,   , Plain , Trắng 
125,Princess, 4.5 , 4.38 , 4.08 ,   , Plain , Vàng 
126,,   , 4.71 , 4.39 ,   , Pattern , Hồng 
127,,   , 3.98 , 3.71 ,   , Plain , Trắng 
128,,   , 4.60 , 4.29 ,   , Plain , Hồng 
129,,   , 4.55 , 4.25 ,   , Plain , Trắng 
130,,   , 2.47 , 2.30 ,   , Plain , Trắng 
131,,   , 3.55 , 3.31 ,   , Plain , Trắng 
132,,   , 4.39 , 3.67 ,   , Pattern , Hồng 
133,,   , 2.32 , 2.16 ,   , Plain , Trắng 
134,,   , 5.35 , 4.99 ,   , Plain , Trắng 
135,,   , 3.85 , 3.21 ,   , Plain , Trắng 
136,,   , 3.54 , 3.30 ,   , Plain , Hồng 
137,Round, 5.4 , 4.19 , 3.91 ,   , Plain , Trắng 
138,Round, 4.7 , 2.87 , 2.68 ,   , Plain , Trắng 
139,Round, 4.1 , 3.60 , 3.01 ,   , Plain , Trắng 
140,Heart, 5.4 , 2.00 , 1.86 ,   , Plain , Trắng 
141,Round, 4.5 , 7.68 , 7.16 ,   , Pattern , Trắng 
142,,   , 3.07 , 2.86 ,   , Plain , Trắng 
143,Round, 4.5 , 3.57 , 3.33 ,   , Plain , Trắng 
144,Princess, 3.6 , 4.65 , 4.34 ,   , Plain , Trắng 
145,Radiant, 6.0 , 4.53 , 4.22 ,   , Plain , Trắng 
146,,   , 3.82 , 3.57 ,   , Pattern , Trắng 
147,Round, 3.6 , 3.37 , 3.14 ,   , Pattern , Trắng 
148,,   , 7.34 , 6.84 ,   , Pattern , Trắng 
149,,   , 3.98 , 3.72 ,   , Plain , Trắng 
150,,   , 9.75 , 9.09 ,   , Plain , Trắng 
151,,   , 5.77 , 5.38 ,   , Plain , Hồng 
152,Round, 6.0 , 4.88 , 4.08 ,   , Plain , Hồng 
153,,   , 11.07 , 10.33 ,   , Plain , Trắng 
154,Princess, 4.1 , 4.34 , 4.04 ,   , Plain , Trắng 
155,Round, 5.4 , 4.30 , 4.01 ,   , Pattern , Trắng 
156,Round, 5.4 , 5.46 , 5.10 ,   , Pattern , Trắng 
157,Round, 5.4 , 7.03 , 6.55 ,   , Plain , Trắng 
158,Round, 3.6 , 4.80 , 4.74 ,   , Pattern , Trắng 
159,Round, 4.1 , 4.19 , 3.91 ,   , Plain , Trắng 
160,Oval, 7.0*5.0 , 4.04 , 3.77 ,   , Plain , Trắng 
161,Round, 4.1 , 5.17 , 4.82 ,   , Plain , Trắng 
162,Round, 3.6 , 3.06 , 2.86 ,   , Plain , Trắng 
163,Pear, 6.0*4.0 , 3.06 , 2.86 ,   , Plain , Trắng 
164,Emerald, 6.0*4.0 , 5.24 , 4.89 ,   , Plain , Trắng 
165,Emerald, 6.5*4.5 , 4.69 , 3.92 ,   , Plain , Trắng 
166,Cushion, 5.5 , 4.99 , 4.17 ,   , Plain , Trắng 
167,Pear, 6.0*4.0 , 3.33 , 2.78 ,   , Pattern , Trắng 
168,Heart, 3.5 , 1.13 , 1.05 ,   , Plain , Trắng 
169,Round,   , 3.40 , 3.17 ,   , Plain , Trắng 
170,Round,   , 6.50 , 6.06 ,   , Plain , Trắng 
171, ,   , 2.63 , 2.45 ,   , Plain , Trắng-Hồng 
172, ,   , 0.71 , 0.65 ,   , Plain , Trắng 
173, ,   , 1.66 , 1.55 ,   , Plain , Trắng 
174,Heart, 4.0*4.0 , 2.43 , 2.27 ,   , Plain , Hồng 
175, ,   , 1.20 , 1.10 ,   , Plain , Hồng 
176,Round, 6.8 - 5.4 , 6.63 , 6.18 ,   , Plain , Trắng-Vàng 
177,Round, 6.8 , 7.91 , 7.38 ,   , Plain , Trắng 
178,Princess, 6.0 , 6.15 , 5.73 ,   , Plain , Trắng 
179,Round, 5.4 , 3.37 , 2.82 , 4.52 , Pattern , -   
180,Round, 5.4 , 3.04 , 2.54 , 4.08 ,   , -   
181,Round, 5.4 , 2.83 , 2.37 , 3.79 ,   , -   
182,Round, 5.4 , 3.32 , 2.77 , 4.45 ,   , -   
183,Round, 6.3 , 3.28 , 2.74 , 4.39 ,   , -   
184,Round, 5.4 , 3.24 , 2.71 , 4.34 ,   , -   
185,Round, 5.4 , 3.22 , 2.69 , 4.31 ,   , -   
186,Round, 5.4 , 3.34 , 2.79 , 4.48 ,   , -   
187,Round, 5.4 , 3.64 , 3.04 , 4.88 ,   , -   
188,Round, 6.3 , 3.62 , 3.03 , 4.86 ,   , -   
189,,,,,,, Trắng 
190,,,,,,, Trắng 
191,,,,,,, Trắng 
192,,,,,,, Trắng 
193,,,,,,, Trắng 
194,,,,,,, Vàng 
195,,,,,,, Hồng 
196,,,,,,, Trắng 
197,,,,,,, Trắng 
198,,,,,,, Trắng 
199,,,,,,, Trắng 
200,,,,,,, Hồng 
201,,,,,,, Trắng 
202,,,,,,, Hồng 
203,,,,,,, Trắng 
204,,,,,,, Trắng 
205,,   , 1.98 , 1.85 ,   , Plain , Trắng-Vàng 
206,,   , 2.78 , 2.59 ,   , Plain , Hồng 
207,,   , 2.79 , 2.56 ,   , Pattern , Hồng 
208,Round, 3.6 , 1.08 , 1.01 ,   , Plain , Trắng 
209,Round, 5.0 , 2.65 , 2.47 ,   , Plain , Trắng 
210,Round, 4.5 , 2.03 , 1.89 ,   , Plain , Trắng 
211,,   , 3.10 , 2.89 , 4.08 , Pattern , Trắng-Hồng 
212,,   , 2.70 , 2.52 ,   , Plain , -   
213,,   , 0.11 , 0.11 ,   , Plain , Vàng 
214,,   , 0.13 , 0.12 ,   , Plain , Hồng 
215,,   , 0.96 , 0.90 , 1.30 , Pattern , Vàng 
216,,   , 1.11 , 1.02 , 1.46 , Pattern , Vàng 
217,,, 1.82 , 1.52 ,, Plain , Vàng 
218,,, 0.66 , 0.79 ,, Plain , Vàng 
219, ,   , 1.11 , 1.02 ,   , Pattern , Vàng 
220, ,   , 1.83 , 1.68 ,   , Pattern , Vàng 
221,,   , 1.04 , 0.96 ,   , Pattern , Trắng-Vàng 
222,,   , 1.80 , 1.65 ,   , Pattern , Trắng-Hồng 
223,,   , 1.27 , 1.19 ,   , Plain , Vàng 
224,,   , 3.10 , 2.89 ,   , Plain , Trắng-Vàng 
225, ,   , 2.43 , 2.23 ,   , Pattern , Hồng 
226, ,   , 2.51 , 2.30 ,   , Pattern , Trắng-Vàng 
227, ,   , 2.07 , 1.90 ,   , Pattern , Trắng-Vàng 
228,Round, 4.1 , 0.27 , 0.25 ,   , Plain , Trắng 
229,Round, 4.5 , 0.93 , 0.86 ,   , Plain , Trắng 
230,Heart, 5.4 , 0.24 , 0.20 , 0.31 , Plain , Trắng 
231,Emerald, 8.3*6.1 , 1.65 , 1.54 ,   , Plain , Trắng 
232,Heart, 5.49*6.66 , 0.86 , 0.79 , 1.14 , Plain , Trắng 
233,Oval, 12.0*7.5 , 1.37 , 1.28 ,   , Plain , Trắng 
234,Cushion, 6.3*5.1 , 1.18 , 1.09 ,   , Plain , Trắng 
235,Princess, 5.5 , 1.31 , 1.22 ,   , Plain , Trắng 
236,Princess, 4.1 , 0.97 , 0.79 ,   , Plain , Trắng 
237,Round, 4.1 , 0.58 , 0.54 ,   , Plain , Trắng 
238,Round, 4.5 , 0.60 , 0.55 , 0.79 , Plain , Trắng 
239,Round, 4.5 , 0.72 , 0.67 ,   , Plain , Trắng 
240,Round, 4.5 , 0.36 , 0.34 ,   , Plain , Trắng 
241,Round, 4.5 , 1.04 , 0.95 ,   , Plain , Trắng 
242,Round, 4.5 , 1.16 , 1.06 ,   , Plain , Trắng 
243,Round, 5.4 , 1.70 , 1.59 ,   , Plain , Trắng 
244,Round, 5.4 , 1.68 , 1.57 ,   , Plain , Trắng 
245,Round, 5.4 , 1.42 , 1.33 ,   , Plain , Trắng 
246,Round, 5.4 , 1.74 , 1.62 ,   , Plain , Trắng 
247,Round, 5.0 , 1.63 , 1.52 ,   , Plain , Trắng 
248,Round, 5.0 , 2.29 , 2.13 ,   , Plain , Trắng 
249,Round, 5.4 , 1.83 , 1.71 ,   , Plain , Trắng 
250,Round, 5.4 , 1.49 , 1.39 ,   , Plain , Trắng 
251,Round, 4.5 , 1.27 , 1.19 ,   , Plain , Trắng 
252,Round, 5.4 , 1.41 , 1.18 ,   , Plain , Trắng 
253,Round, 5.4 , 2.63 , 2.46 ,   , Plain , Trắng 
254,Round, 5.0 , 3.94 , 3.68 ,   , Plain , Trắng 
255,Emerald, 6.0*5.0 , 3.06 , 2.81 ,   , Pattern , Trắng 
256,Round, 7.2 , 4.31 , 3.96 ,   , Plain , Trắng 
257,Cushion, 5.4 , 2.02 , 1.88 ,   , Plain , Trắng 
258,Cushion, 5.5 , 3.48 , 3.25 ,   , Plain , Trắng 
259,Cushion, 5.4 , 2.02 , 1.88 ,   , Plain , Trắng 
260,Round, 5.4 , 1.38 , 1.28 ,   , Plain , Trắng 
261,,   , 3.48 , 3.24 ,   , Plain , Trắng 
262,,   , 5.14 , 4.80 ,   , Plain , Trắng 
263,Round, 3.6 , 1.17 , 1.09 ,   , Plain , Trắng 
264,Round, 4.1 , 1.39 , 1.28 ,   , Plain , Trắng 
265,Round, 5.4 , 2.23 , 2.08 ,   , Pattern , Hồng 
266,Round, 5.4 , 1.39 , 1.30 ,   , Plain , Trắng 
267,Round, 4.1 , 0.54 , 0.51 ,   , Plain , Trắng 
268,Round, 4.0 , 1.83 , 1.70 ,   , Pattern , Hồng 
269,Round, 5.0 , 2.36 , 2.20 ,   , Pattern , Trắng 
270,Round, 5.5 , 1.84 , 1.71 ,   , Plain , Trắng 
271,Round, 4.5 , 2.56 , 2.39 ,   , Plain , Trắng 
272,Round, 4.5 , 0.70 , 0.65 ,   , Plain , Trắng-Hồng 
273,Round, 5.4 , 1.13 , 1.06 ,   , Plain , Trắng 
274,Round, 3.6 , 2.66 , 2.44 ,   , Plain , Trắng 
275,Round, 4.5 , 1.30 , 1.20 ,   , Plain , Trắng 
276,Round, 4.5 , 0.58 , 0.53 , 0.77 , Plain , Trắng 
277,Round, 3.6 , 0.75 , 0.69 ,   , Plain , Trắng 
278,Round, 4.5 , 0.99 , 0.91 ,   , Plain , Trắng 
279,Round, 5.4 , 2.82 , 2.63 ,   , Plain , Trắng 
280,Pear, 8.0*6.0 , 3.44 , 2.87 ,   , Pattern , Trắng 
281,Oval, 8.0*6.0 , 2.17 , 1.81 ,   , Plain , Trắng 
282,Round, 6.3 , 3.55 , 2.96 ,   , Plain , Trắng 
283,Pear, 9*7 , 2.25 , 2.07 , 2.98 , Plain , Trắng 
284,Emerald, 7.0*5.0 , 2.72 , 2.53 ,   , Plain , Vàng 
285,Emerald, 7.5*5.5 , 2.83 , 2.64 ,   , Plain , Hồng 
286,Cushion, 6.5 , 2.57 , 2.15 ,   , Plain , Hồng 
287,Round, 6.3 , 3.35 , 2.80 ,   , Plain , Trắng 
288,Round, 4.5 , 2.65 , 2.21 ,   , Plain , Trắng 
289,,   , 5.67 , 5.29 ,   , Plain , Trắng 
290,Pear, 8.0*4.9 , 2.75 , 2.70 ,   , Plain , Trắng 
291,Round, 4.1 , 0.88 , 0.86 ,   , Plain , Trắng 
292,Round, 4.5 , 0.62 , 0.58 ,   , Plain , Trắng 
293,Marquise, 7.0*3.5 , 1.60 , 1.49 ,   , Plain , Trắng 
294,Round, 4.5 , 0.74 , 0.69 ,   , Plain , Trắng 
295,Round, 5.4 , 1.35 , 1.26 ,   , Pattern , Trắng 
296,,   , 2.12 , 1.77 ,   , Plain , Trắng 
297,,   , 2.36 , 2.17 ,   , Plain , Trắng 
298,Heart, 5.4 , 3.94 , 3.68 ,   , Plain , Trắng 
299,,   , 0.96 , 0.90 ,   , Plain , Trắng 
300, ,   , 2.06 , 1.92 ,   , Pattern , Trắng-Hồng 
301, ,   , 1.25 , 1.15 ,   , Plain , Trắng 
302, ,   , 1.08 , 1.00 ,   , Plain , Trắng 
303,Heart, 5.0*5.0 , 2.74 , 2.56 ,   , Plain , Hồng 
304, ,   , 1.23 , 1.13 ,   , Plain , Hồng 
305,,   ,   ,   ,   , Plain , Trắng 
306,,   ,   ,   ,   , Pattern , Trắng 
307,,   ,   ,   ,   , Plain , Trắng 
308,,   ,   ,   ,   , Plain , Trắng 
309,,   ,   ,   ,   , Plain , Trắng 
310,,   ,   ,   ,   , Plain , Trắng 
311,,   ,   ,   ,   , Plain , Trắng 
312,,   ,   ,   ,   , Plain , Trắng 
313,,   ,   ,   ,   , F.Pattern-M.Plain , Hồng 
314,,   ,   ,   ,   , Plain , Hồng 
315,,   ,   ,   ,   , Pattern , Trắng 
316,,   ,   ,   ,   , Pattern , Hồng 
317,,   ,   ,   ,   , Pattern , Phối màu 
318,,   ,   ,   ,   , Plain , Trắng 
319,,   ,   ,   ,   , Pattern , Trắng 
320,,   ,   ,   ,   , Plain , Trắng 
321,,   ,   ,   ,   , F.Plain-M.Pattern , Trắng 
322,,   ,   ,   ,   , Pattern , Trắng 
323,,   ,   ,   ,   , Pattern , Hồng 
324,,   ,   ,   ,   , Pattern , Trắng-Hồng 
325,,   ,   ,   ,   , Pattern , Phối màu 
326,,   ,   ,   ,   , Pattern , Phối màu 
327,,   ,   ,   ,   , Pattern , Trắng-Hồng 
328,,   ,   ,   ,   , F.Pattern-M.Plain , Trắng-Vàng 
329,,   ,   ,   ,   , Pattern , Hồng 
330,,   ,   ,   ,   , Pattern , Hồng 
331,,   ,   ,   ,   , Pattern , Hồng 
332,,   ,   ,   ,   , Pattern , Hồng 
333,,   ,   ,   ,   , Pattern , Hồng 
334,,   ,   ,   ,   , Plain , Phối màu 
335,,   ,   ,   ,   , Pattern , Phối màu 
336,,   ,   ,   ,   , Pattern , Hồng 
337,,   ,   ,   ,   , Plain , Hồng 
338,,   ,   ,   ,   , Pattern , Hồng 
339,,   ,   ,   ,   , Plain , Phối màu 
340,,   ,   ,   ,   , Pattern , Hồng 
341,,   ,   ,   ,   , F.Pattern-M.Plain , Trắng 
342,,   ,   ,   ,   , Plain , Trắng 
343,,   ,   ,   ,   , Pattern , Trắng-Hồng 
344,,   ,   ,   ,   , Pattern , Hồng 
345,,   ,   ,   ,   , Plain , Trắng 
346,,   ,   ,   ,   , Pattern , Hồng 
347,,   ,   ,   ,   , Pattern , Trắng 
348,,   ,   ,   ,   , Pattern , Vàng 
349,,   ,   ,   ,   , Plain , Trắng 
350,,   ,   ,   ,   , Pattern , Vàng 
351,,   ,   ,   ,   , Pattern , Trắng 
352,,   ,   ,   ,   , Plain , Trắng 
353,,   ,   ,   ,   , Pattern , Vàng 
354,,   ,   ,   ,   , Plain , Trắng-Vàng 
355,,   ,   ,   ,   , Plain , Trắng-Vàng 
356,,   ,   ,   ,   , Plain , Phối màu 
357,,   ,   ,   ,   , Pattern , Trắng-Vàng 
358,,   ,   ,   ,   , Pattern , Trắng-Vàng 
359,,   ,   ,   ,   , Pattern , Vàng 
360,,   ,   ,   ,   , Pattern , Trắng-Vàng 
361,,   ,   ,   ,   , Pattern , Trắng-Vàng 
362,,   ,   ,   ,   , Pattern , Vàng 
363,,   ,   ,   ,   , Pattern , Trắng-Vàng 
364,,   ,   ,   ,   , Pattern , Trắng-Vàng 
365,,   ,   ,   ,   , Plain , Trắng-Hồng 
366,,   ,   ,   ,   , Pattern , Hồng 
367,,   ,   ,   ,   , Plain , Phối màu 
368,,   ,   ,   ,   , Plain , Trắng 
369,,   ,   ,   ,   , Plain , Vàng 
370,,   ,   ,   ,   , Plain , Trắng-Hồng 
371,,   ,   ,   ,   , Plain , Trắng 
372,,   ,   ,   ,   , Plain , Trắng 
373,,   ,   ,   ,   , Plain , Trắng-Hồng 
374,,   ,   ,   ,   , Plain , Trắng-Hồng 
375,,   ,   ,   ,   , Plain , Trắng 
376,,   ,   ,   ,   , Plain , Trắng 
377,,   ,   ,   ,   , Plain , Phối màu 
378,,   ,   ,   ,   , Plain , Trắng 
379,,   ,   ,   ,   , Plain , Trắng 
380,,   ,   ,   ,   , Plain , Trắng 
381,,   ,   ,   ,   , Plain , Trắng 
382,,   ,   ,   ,   , Plain , Phối màu 
383,,   ,   ,   ,   , Pattern , Trắng-Vàng-Hồng 
384,,   ,   ,   ,   , Pattern , Trắng-Vàng 
385,,   ,   ,   ,   , Pattern , Hồng 
386,,   ,   ,   ,   , Pattern , Trắng 
387,,   ,   ,   ,   , Pattern , Hồng 
388,,   ,   ,   ,   , Pattern , Phối màu 
389,,   ,   ,   ,   , Pattern , Trắng-Vàng 
390,,   ,   ,   ,   , Pattern , Trắng 
391,,   ,   ,   ,   , Pattern , Trắng-Vàng 
392,,   ,   ,   ,   , Pattern , Trắng-Vàng 
393,,   ,   ,   ,   , Pattern , Trắng-Vàng 
394,,   ,   ,   ,   , Plain , Hồng 
395,,   ,   ,   ,   , Pattern , Trắng-Hồng 
396,,   ,   ,   ,   , Pattern , Trắng 
397,,   ,   ,   ,   , Plain , Phối màu 
398,,   ,   ,   ,   , Pattern , Trắng 
399,,   ,   ,   ,   , Pattern , Trắng-Hồng 
400,,   ,   ,   ,   , Pattern , Trắng-Hồng 
401,,   ,   ,   ,   , Plain , Trắng-Hồng 
402,,   ,   ,   ,   , Plain , Hồng 
403,,   ,   ,   ,   , Pattern , Hồng 
404,,   ,   ,   ,   , Pattern , Hồng 
405,,   ,   ,   ,   , Pattern , Hồng 
406,,   ,   ,   ,   , Pattern , Trắng 
407,,   ,   ,   ,   , Plain , Trắng 
408,,   ,   ,   ,   , Plain , Hồng 
409,,   ,   ,   ,   , Plain , Trắng-Hồng 
410,,   ,   ,   ,   , Plain , Vàng 
411,,   ,   ,   ,   , Pattern , Trắng-Vàng 
412,,   ,   ,   ,   , Plain , Phối màu 
413,,   ,   ,   ,   , Plain , Phối màu 
414,,   ,   ,   ,   , Plain , Trắng-Hồng 
415,,   ,   ,   ,   , Pattern , Vàng 
416,,   ,   ,   ,   , Plain , Trắng 
417,,   ,   ,   ,   , Pattern , Trắng-Vàng 
418,,   ,   ,   ,   , Plain , Vàng 
419,,   ,   ,   ,   , Pattern , Vàng 
420,,   ,   ,   ,   , Pattern , Hồng 
421,,   ,   ,   ,   , F.Pattern-M.Plain , Hồng 
422,,   ,   ,   ,   , Plain , Trắng 
423,,   ,   ,   ,   , Pattern , Phối màu 
424,,   ,   ,   ,   , Pattern , Hồng 
425,,   ,   ,   ,   , Plain , Hồng 
426,,   ,   ,   ,   , Plain , Hồng 
427,,   ,   ,   ,   , Pattern , Hồng 
428,,   ,   ,   ,   , Pattern , Hồng 
429,,   ,   ,   ,   , Pattern , Trắng 
430,,   ,   ,   ,   , F.Pattern-M.Plain , Trắng-Vàng 
431,,   , 4.63 , 4.25 , 6.12 , Plain , Trắng 
432,,   , 2.49 , 2.29 , 3.29 , Pattern , Trắng 
433,,   , 2.31 , 2.12 , 3.05 , Pattern , Trắng 
434,,   , 2.41 , 2.21 , 3.10 , Plain , Trắng 
435,,   , 1.76 , 1.62 , 2.33 , Plain , Trắng 
436,,   , 2.19 , 1.83 ,   , Plain , Trắng 
437,,   , 2.24 , 2.06 , 2.96 , Pattern , Trắng 
438,,   , 2.18 , 2.00 , 2.88 , Plain , Trắng 
439,,   , 2.04 , 1.70 ,   , Plain , Trắng 
440,,   , 2.81 , 2.63 ,   , Plain , Trắng 
441,,   , 2.44 , 2.24 , 3.23 , Pattern , Hồng 
442,,   , 3.66 , 3.06 ,   , Plain , Hồng 
443,,   , 2.33 , 2.14 ,   , Pattern , Trắng 
444,,   , 2.66 , 2.48 ,   , Pattern , Hồng 
445,,   , 3.11 , 2.90 ,   , Pattern , Vàng 
446,,   , 2.72 , 2.28 ,   , Plain , Trắng 
447,,   , 5.56 , 5.18 ,   , Pattern , Trắng 
448,,   , 2.10 , 1.93 , 2.77 , Plain , Trắng 
449,,   , 3.06 , 3.00 ,   , Plain , Trắng 
450,,   , 6.89 , 6.43 ,   , Pattern , Trắng 
451,,   , 2.97 , 2.91 , 4.19 , Pattern , Hồng 
452,,   , 2.74 , 2.56 ,   , Pattern , Trắng-Hồng 
453,,   , 5.03 , 4.69 ,   , Pattern , Trắng-Hồng 
454,,   , 4.40 , 4.10 ,   , Pattern , Trắng-Vàng 
455,,   , 4.58 , 4.27 ,   , Pattern , Trắng-Hồng 
456,,   , 4.51 , 4.21 ,   , Pattern , Trắng-Vàng 
457,,   , 2.05 , 1.71 , 4.28 , Plain , Trắng 
458,,   , 2.86 , 2.39 , 3.84 , Plain , Trắng 
459,,   , 2.13 , 1.78 , 2.85 , Plain , Trắng 
460,,   , 2.35 , 1.97 ,   , Plain , Trắng 
461,,   , 2.13 , 1.78 , 2.92 , Plain , Trắng 
462,,   , 1.92 , 1.60 , 2.78 , Pattern , Trắng 
463,,   , 2.35 , 1.96 , 3.72 , Plain , Trắng 
464,,   , 2.51 , 2.09 , 3.36 , Plain , Trắng 
465,,   , 2.54 , 2.12 , 3.44 , Plain , Trắng 
466,,   , 1.68 , 1.40 , 2.69 , Plain , Trắng 
467,,   , 1.66 , 1.39 , 2.23 , Plain , Trắng 
468,,   , 1.52 , 1.27 , 2.12 , Plain , Trắng 
469,,   , 2.62 , 2.19 ,   , Plain , Trắng 
470,,   , 1.37 , 1.14 ,   , Plain , Trắng 
471,,   , 1.63 , 1.36 , 2.19 , Plain , Trắng 
472,,   , 1.76 , 1.47 ,   , Plain , Trắng 
473,,   , 1.87 , 1.56 , 2.77 , Plain , Trắng 
474,,   , 1.60 , 1.33 , 2.18 , Plain , Trắng 
475,,   , 4.72 , 3.94 ,   , Plain , Trắng 
476,,   , 2.72 , 2.27 ,   , Plain , Trắng 
477,,   , 1.93 , 1.61 ,   , Plain , Trắng 
478,,   , 1.31 , 1.10 ,   , Plain , Trắng 
479,,   , 0.98 , 0.82 , 1.57 , Plain , Trắng 
480,,   , 1.33 , 1.11 , 1.78 , Plain , Trắng 
481,,   , 1.92 , 1.61 ,   , Plain , Trắng 
482,,   , 3.33 , 2.79 ,   , Plain , Trắng 
483,,   , 2.70 , 2.26 , 3.83 , Plain , Trắng 
484,,   , 2.86 , 2.39 ,   , Pattern , Trắng 
485,,   , 2.47 , 2.06 ,   , Plain , Trắng 
486,,   , 3.60 , 3.01 ,   , Plain , Trắng 
487,,   , 1.89 , 1.58 , 2.54 , Plain , Trắng 
488,,   , 2.59 , 2.16 , 3.48 , Plain , Trắng 
489,,   , 3.42 , 3.19 ,   , Plain , Hồng 
490,,   , 2.06 , 1.92 ,   , Plain , Trắng 
491,,   , 1.63 , 1.52 , 2.19 , Plain , Trắng 
492,,   , 2.42 , 2.22 , 3.20 , Pattern , Hồng 
493,,   , 3.56 , 3.27 , 4.70 , Pattern , Hồng 
494,,   , 1.83 , 1.53 ,   , Pattern , Hồng 
495,,   , 3.27 , 3.05 ,   , Pattern , Hồng 
496,,   , 2.20 , 1.84 ,   , Pattern , Hồng 
497,,   , 5.58 , 4.66 ,   , Plain , Hồng 
498,,   , 3.74 , 3.12 ,   , Pattern , Trắng 
499,,   , 1.97 , 1.81 , 2.61 , Pattern , Hồng 
500,,   , 2.80 , 2.34 ,   , Plain , Hồng 
501,,   , 4.22 , 3.94 ,   , Pattern , Hồng 
502,,   , 2.60 , 2.17 ,   , Plain , Hồng 
503,,   , 3.19 , 2.67 ,   , Pattern , Hồng 
504,,   , 3.14 , 2.62 ,   , Pattern , Trắng 
505,,   , 1.67 , 1.39 ,   , Plain , Trắng 
506,,   , 2.45 , 2.25 , 3.23 , Pattern , Trắng-Hồng 
507,,   , 3.58 , 2.99 ,   , Pattern , Hồng 
508,,   , 2.57 , 2.14 ,   , Plain , Trắng 
509,,   , 3.17 , 2.91 , 4.18 , Pattern , Hồng 
510,,   , 2.99 , 2.75 , 3.95 , Pattern , Trắng 
511,,   , 2.54 , 2.12 ,   , Pattern , Vàng 
512,,   , 1.99 , 1.67 ,   , Plain , Trắng 
513,,   , 4.20 , 3.85 , 5.54 , Pattern , Vàng 
514,,   , 4.95 , 4.54 , 6.53 , Pattern , Trắng 
515,,   , 2.80 , 2.57 , 3.70 , Plain , Trắng 
516,,   , 2.74 , 2.55 , 3.67 , Pattern , Vàng 
517,,   , 4.40 , 4.10 , 5.90 , Plain , Trắng-Vàng 
518,,   , 2.29 , 2.10 , 3.02 , Plain , Trắng-Vàng 
519,,   , 2.62 , 2.44 , 3.51 , Plain , Trắng-Vàng 
520,,   , 3.29 , 3.06 , 4.40 , Pattern , Trắng-Vàng 
521,,   , 3.74 , 2.95 ,   , Pattern , Trắng-Vàng 
522,,   , 3.00 , 2.85 , 4.09 , Pattern , Vàng 
523,,   , 3.62 , 3.31 , 4.76 , Pattern , Trắng-Vàng 
524,,   , 3.50 , 3.16 , 4.55 , Pattern , Trắng-Vàng 
525,,   , 3.73 , 3.43 , 4.92 , Pattern , Vàng 
526,,   , 5.61 , 4.59 ,   , Pattern , Trắng-Vàng 
527,,   , 5.00 , 4.67 , 6.71 , Pattern , Trắng-Vàng 
528,,   , 3.39 , 3.11 , 4.47 , Plain , Trắng-Hồng 
529,,   , 3.87 , 3.24 ,   , Pattern , Hồng 
530,,   , 4.33 , 3.62 ,   , Plain , Hồng 
531,,   , 2.84 , 2.61 , 3.75 , Plain , Trắng 
532,,   , 6.26 , 5.75 , 8.27 , Plain , Vàng 
533,,   , 4.31 , 3.60 ,   , Plain , Trắng-Hồng 
534,,   , 3.69 , 3.08 ,   , Plain , Trắng 
535,,   , 4.74 , 4.35 , 6.25 , Plain , Trắng 
536,,   , 5.13 , 4.29 ,   , Plain , Trắng-Hồng 
537,,   , 5.60 , 4.68 ,   , Plain , Trắng-Hồng 
538,,   , 4.86 , 4.06 ,   , Plain , Trắng 
539,,   , 3.04 , 2.79 , 4.01 , Plain , Trắng 
540,,   , 3.79 , 3.17 ,   , Plain , Trắng 
541,,   , 2.43 , 2.03 ,   , Plain , Trắng 
542,,   , 2.74 , 2.29 ,   , Plain , Trắng 
543,,   , 2.53 , 2.12 ,   , Plain , Trắng 
544,,   , 4.21 , 3.52 ,   , Plain , Trắng 
545,,   , 4.68 , 4.37 ,   , Pattern , Trắng-Vàng-Hồng 
546,,   , 5.80 , 5.49 ,   , Pattern , Trắng-Vàng 
547,,   , 3.94 , 3.62 , 5.21 , Pattern , Hồng 
548,,   , 5.17 , 4.32 ,   , Pattern , Trắng 
549,,   , 3.32 , 3.05 , 4.37 , Pattern , Hồng 
550,,   , 6.21 , 5.79 ,   , Pattern , Trắng-Vàng 
551,,   , 3.80 , 3.55 ,   , Pattern , Trắng-Vàng 
552,,   , 5.45 , 5.08 ,   , Pattern , Trắng 
553,,   , 3.08 , 2.83 , 4.07 , Pattern , Trắng-Vàng 
554,,   , 3.80 , 3.49 ,   , Pattern , Trắng-Vàng 
555,,   , 2.50 , 2.29 , 3.30 , Pattern , Trắng-Vàng 
556,Round, 4.1 , 3.44 , 2.87 ,   , Plain , Hồng 
557,Round, 4.1 , 5.42 , 4.97 , 7.15 , Pattern , Trắng-Hồng 
558,Round, 5.4 , 3.89 , 3.57 , 5.13 , Plain , Trắng 
559,,   , 4.51 , 3.77 ,   , Pattern , Trắng 
560,, 3.6 , 5.59 , 5.14 , 7.39 , Plain , Hồng 
561,Round, 3.6 , 4.11 , 3.44 ,   , Pattern , Trắng 
562,,   , 6.94 , 5.80 ,   , Pattern , Trắng-Hồng 
563,,   , 5.05 , 4.64 , 6.67 , Pattern , Trắng-Hồng 
564,,   , 4.61 , 4.30 ,   , Plain , Trắng-Hồng 
565,,   , 5.35 , 4.91 , 7.06 , Plain , Hồng 
566,,   , 6.50 , 5.97 , 8.58 , Pattern , Hồng 
567,,   , 4.83 , 4.43 , 6.37 , Pattern , Hồng 
568,,   , 3.41 , 3.13 , 4.50 , Pattern , Hồng 
569,,   , 4.50 , 3.76 ,   , Pattern , Trắng 
570,,   , 5.21 , 4.36 ,   , Plain , Trắng 
571,,   , 3.34 , 3.06 , 4.40 , Plain , Hồng 
572,,   , 8.70 , 7.27 ,   , Plain , Trắng-Hồng 
573,,   , 2.38 , 2.18 ,   , Plain , Vàng 
574,,   , 3.68 , 3.38 ,   , Pattern , Trắng-Vàng 
575,,   , 2.08 , 1.91 ,   , Plain , Hồng 
576,,   , 3.01 , 2.77 ,   , Plain , Hồng 
577,,   , 3.48 , 3.20 ,   , Plain , Trắng-Hồng 
578,,   , 2.60 , 2.38 ,   , Pattern , Vàng 
579,,   , 2.42 , 2.22 ,   , Plain , Trắng 
580,,   , 1.85 , 1.70 ,   , Pattern , Trắng-Vàng 
581,,   , 1.20 , 1.12 ,   , Plain , Vàng 
582,,   , 2.11 , 1.97 ,   , Pattern , Vàng 
583,,   , 3.79 , 3.48 ,   , Pattern , Hồng 
584,,   , 1.28 , 1.18 , 1.69 , Pattern , Hồng 
585,,   , 2.70 , 2.48 , 3.57 , Plain , Trắng 
586,,   , 2.32 , 2.16 ,   , Pattern , Trắng 
587,,   , 4.52 , 4.15 ,   , Pattern , Hồng 
588,,   , 5.20 , 4.78 , 6.87 , Plain , Hồng 
589,,   , 4.36 , 3.64 ,   , Plain , Hồng 
590,,   , 3.61 , 3.32 , 4.77 , Pattern , Hồng 
591,,   , 3.79 , 3.48 ,   , Pattern , Hồng 
592,,   , 3.45 , 3.38 ,   , Pattern , Trắng 
593,,   , 4.98 , 4.64 ,   , Pattern , Trắng-Vàng 
594,Round, 5.4 , 3.99 , 3.33 ,   , Plain , Trắng 
595,Round, 4.5 , 2.63 , 2.20 ,   , Pattern , Trắng 
596,Round, 5.4 , 2.60 , 2.17 , 3.43 , Plain , Trắng 
597,Round, 6.3 , 2.56 , 2.14 , 3.38 , Pattern , Trắng-Hồng 
598,Round, 5.4 , 2.78 , 2.33 , -   , Plain , Trắng-Hồng 
599,Round, 5.4 , 2.57 , 2.15 , 3.39 , Plain , Trắng 
600,Round, 5.4 , 2.27 , 1.89 , 3.00 , Plain , Trắng 
601,Round, 6.4 , 3.06 , 2.56 ,   , Plain , Trắng 
602,Round, 5.0 , 3.28 , 2.74 ,   , Pattern , Trắng 
603,Round, 5.4 , 4.10 , 3.00 ,   , Pattern , Hồng 
604,Round, 5.4 , 2.28 , 1.91 , 3.01 , Plain , Hồng 
605,Round, 5.4 , 4.38 , 4.29 ,   , Plain , Trắng 
606,Round, 5.4 , 3.36 , 3.14 ,   , Pattern , Vàng 
607,Round, 5.4 , 2.57 , 2.15 , 3.39 , Pattern , Trắng 
608,Round, 5.4 , 2.34 , 1.96 , 3.09 , Plain , Trắng 
609,Round, 5.0 , 1.96 , 1.64 ,, Plain , Trắng-Hồng 
610,Round, 5.4 , 1.71 , 1.43 , - , Plain , Trắng-Hồng 
611,Round, 5.4 , 2.09 , 1.74 ,, Pattern , Trắng-Hồng 
612,Round, 5.4 , 2.03 , 1.70 , - , Pattern , Trắng-Vàng 
613,Round, 5.4 , 3.14 , 2.93 ,   , Plain , Trắng 
614,Round, 5.4 , 3.00 , 2.80 ,   , Plain , Trắng 
615,Round, 5.4 , 2.74 , 2.51 , 3.61 , Plain , Trắng 
616,Round, 5.4 , 2.12 , 1.77 , 2.80 , Plain , Trắng 
617,Round, 5.4 , 2.45 , 2.05 , 3.23 , Plain , Trắng 
618,Round, 4.5 , 1.87 , 1.56 , 2.47 , Plain , Trắng 
619,Round, 5.4 , 2.27 , 1.90 , 3.00 , Plain , Trắng 
620,Round, 5.4 , 2.49 , 2.08 , 3.29 , Plain , Trắng 
621,Round, 5.4 , 2.51 , 2.10 , 3.31 , Plain , Trắng 
622,Round, 6.3 , 2.44 , 2.04 , 3.22 , Plain , Trắng 
623,Round, 5.4 , 1.94 , 1.62 , 2.56 , Pattern , Trắng 
624,Round, 5.4 , 2.93 , 2.69 , 3.87 , Plain , Trắng 
625,Round, 4.5 , 2.12 , 1.77 , 2.80 , Plain , Trắng 
626,Round, 5.4 , 3.66 , 3.36 ,   , Plain , Trắng 
627,Round, 5.4 , 3.92 , 3.65 ,   , Plain , Trắng 
628,Round, 7.2 , 3.51 , 2.93 , 4.63 , Plain , Trắng 
629,Round, 7.2 , 3.71 , 3.10 , 4.90 , Plain , Trắng-Hồng 
630,Round, 5.4 , 2.12 , 1.78 , 2.80 , Plain , Trắng 
631,Round, 5.4 , 3.79 , 3.53 ,   , Plain , Trắng 
632,Round, 5.4 , 2.25 , 1.88 , 2.97 , Plain , Vàng 
633,Round, 5.4 , 5.30 , 4.87 ,   , Pattern , Trắng-Vàng 
634,Round, 5.4 , 3.58 , 3.29 ,   , Pattern , Trắng-Hồng 
635,Round, 5.4 , 2.41 , 2.01 , 3.18 , Plain , Trắng-Hồng 
636,Round, 5.4 , 1.64 , 1.37 , -   , Plain , Trắng 
637,Round, 5.4 , 1.78 , 1.49 , -   , Pattern , Trắng-Hồng 
638,Round, 5.4 , 1.80 , 1.50 , -   , Plain , Trắng-Hồng 
639,Round, 5.4 , 3.02 , 2.77 , 3.99 , Plain , Trắng 
640,Round, 5.4 , 3.15 , 2.89 , 4.16 , Plain , Trắng 
641,Round, 5.4 , 2.86 , 2.39 , 3.78 , Plain , Trắng 
642,Round, 6.3 , 2.37 , 2.18 ,   , Plain , Trắng 
643,Round, 5.4 , 2.45 , 2.05 , 3.23 , Plain , Trắng 
644,Round, 5.4 , 3.04 , 2.79 ,   , Plain , Trắng 
645,Round, 5.4 , 2.30 , 1.92 , 3.04 , Plain , Trắng 
646,Round, 5.4 , 6.16 , 5.68 ,   , Plain , Trắng 
647,Round, 5.4 , 2.72 , 2.27 , 3.59 , Plain , Trắng 
648,Round, 5.4 , 4.38 , 4.08 ,   , Plain , Trắng 
649,Round, 5.4 , 3.11 , 2.60 ,   , Pattern , Trắng 
650,Round, 5.4 , 3.55 , 3.31 ,   , Plain , Trắng 
651,Round, 5.4 , 2.63 , 2.20 ,   , Plain , Trắng 
652,Round, 5.4 , 2.94 , 2.46 , 3.88 , Plain , Trắng 
653,Princess, 5.0 , 4.10 , 3.43 ,   , Pattern , Trắng 
654,Round, 5.4 , 2.10 , 1.75 , 2.77 , Plain , Trắng 
655,Round, 5.4 , 2.11 , 1.76 , 2.79 , Plain , Trắng 
656,Round, 6.3 , 2.95 , 2.71 , 3.90 , Plain , Trắng 
657,Round, 5.4 , 2.37 , 1.98 , 3.13 , Pattern , Trắng 
658,Round, 5.4 , 2.58 , 2.16 , 3.41 , Plain , Trắng 
659,Round, 6.3 , 3.58 , 3.29 , 4.73 , Plain , Trắng 
660,Round, 5.4 , 2.59 , 2.16 , 3.42 , Plain , Trắng 
661,Round, 5.4 , 2.86 , 2.39 ,   , Plain , Trắng 
662,Round, 5.4 , 2.28 , 2.10 ,   , Plain , Trắng 
663,Round, 5.4 , 2.14 , 1.79 , 2.82 , Plain , Trắng 
664,Round, 5.4 , 2.59 , 2.41 ,   , Pattern , Trắng 
665,Round, 5.4 , 2.53 , 2.12 , 3.34 , Plain , Trắng 
666,Round, 5.4 , 2.19 , 1.83 , 2.89 , Plain , Trắng-Hồng 
667,Round, 5.4 , 2.16 , 1.80 , 2.85 , Pattern , Trắng-Hồng 
668,Round, 4.5 , 2.91 , 2.67 , 3.84 , Plain , Trắng 
669,Round, 5.4 , 2.32 , 1.94 , 3.06 , Pattern , Trắng 
670,Round, 5.4 , 2.60 , 2.39 , 3.43 , Plain , Trắng 
671,Round, 5.4 , 3.38 , 3.11 ,   , Pattern , Trắng 
672,Round, 5.0 , 2.66 , 2.22 , 3.51 , Plain , Trắng 
673,Round, 5.4 , 3.66 , 3.36 ,   , Pattern , Trắng 
674,Round, 5.4 , 3.15 , 2.64 , 4.16 , Plain , Trắng 
675,Round, 4.5 , 2.17 , 1.82 , 2.86 , Pattern , Trắng 
676,Round, 5.4 , 2.64 , 2.21 , 3.48 , Plain , Trắng 
677,Round, 5.4 , 4.99 , 4.66 ,   , Plain , Trắng 
678,Round, 5.4 , 2.48 , 2.07 , 3.27 , Plain , Trắng 
679,Round, 5.4 , 2.59 , 2.17 , 3.42 , Plain , Trắng 
680,Round, 5.4 , 2.76 , 2.30 , 3.64 , Pattern , Trắng 
681,Round, 5.4 , 3.33 , 3.26 ,   , Plain , Trắng 
682,Round, 5.4 , 3.11 , 2.86 , 4.11 , Plain , Trắng 
683,Round, 6.3 , 3.45 , 3.17 , 4.56 , Plain , Trắng 
684,Round, 5.4 , 2.35 , 1.97 , 3.10 , Plain , Trắng 
685,Round, 5.4 , 3.37 , 3.14 ,   , Plain , Trắng 
686,Round, 5.4 , 4.22 , 3.94 ,   , Pattern , Trắng 
687,Round, 6.3 , 5.80 , 5.32 ,   , Pattern , Trắng 
688,Round, 5.4 , 3.05 , 2.80 ,   , Plain , Trắng 
689,Round, 6.3 , 6.34 , 5.91 ,   , Pattern , Trắng 
690,Round, 5.4 , 2.56 , 2.14 ,   , Plain , Trắng 
691,Round, 5.4 , 4.11 , 3.43 , 5.43 , Plain , Trắng-Hồng 
692,Round, 5.4 , 3.54 , 3.30 ,   , Pattern , Trắng 
693,Round, 5.4 , 2.87 , 2.40 , 3.79 , Pattern , Hồng 
694,Round, 5.4 , 2.28 , 1.90 , 3.01 , Pattern , Trắng 
695,Round, 5.4 , 2.11 , 1.76 , 2.79 , Pattern , Trắng 
696,Round, 5.4 , 2.65 , 2.21 , 3.50 , Plain , Trắng 
697,Round, 5.4 , 3.10 , 2.84 ,   , Plain , Trắng 
698,Round, 5.4 , 4.15 , 3.87 ,   , Plain , Trắng 
699,Round, 4.5 , 2.93 , 2.69 , 3.87 , Plain , Trắng 
700,Round, 5.4 , 3.85 , 3.54 ,   , Plain , Trắng 
701,Round, 5.4 , 3.48 , 2.91 , 4.59 , Plain , Trắng 
702,Round, 5.4 , 3.32 , 3.05 , 4.38 , Plain , Trắng 
703,Round, 5.0 , 3.61 , 3.37 ,   , Pattern , Hồng 
704,Round, 5.4 , 3.06 , 2.55 ,   , Plain , Hồng 
705,Round, 5.4 , 3.02 , 2.52 , 3.99 , Plain , Trắng 
706,Round, 5.4 , 4.19 , 3.91 ,   , Pattern , Trắng 
707,Round, 5.4 , 3.75 , 3.14 ,   , Pattern , Trắng 
708,Round, 6.3 , 2.65 , 2.43 ,   , Plain , Trắng 
709,Round, 5.4 , 3.61 , 3.36 ,   , Pattern , Trắng 
710,Round, 6.3 , 3.36 , 3.13 ,   , Plain , Trắng 
711,Round, 5.4 , 2.47 , 2.28 ,   , Pattern , Trắng 
712,Round, 4.5 , 2.51 , 2.31 ,   , Pattern , Trắng 
713,Round, 5.4 , 2.80 , 2.58 ,   , Pattern , Trắng 
714,Round, 5.4 , 2.35 , 2.19 , 3.15 , Plain , Trắng 
715,Round, 4.5 , 2.00 , 1.96 , 2.82 , Plain , Trắng 
716,Round, 5.4 , 2.61 , 2.40 ,   , Plain , Trắng 
717,Round, 5.4 , 2.63 , 2.20 , 3.47 , Pattern , Trắng 
718,Round, 5.0 , 2.37 , 2.17 , 3.12 , Plain , Trắng 
719,Round, 5.4 , 3.85 , 3.54 , 5.09 , Plain , Trắng-Hồng 
720,Round, 5.4 , 3.01 , 2.76 ,   , Pattern , Trắng-Vàng 
721,Round, 5.4 , 1.82 , 1.52 , -   , Pattern , Trắng 
722,Round, 5.4 , 2.09 , 1.75 , 2.76 , Plain , Trắng 
723,Round, 5.4 , 2.20 , 1.84 , -   , Pattern , Trắng-Vàng 
724,Round, 5.4 , 1.88 , 1.57 , -   , Plain , Trắng 
725,Round, 5.4 , 3.16 , 2.90 ,   , Pattern , Trắng-Vàng 
726,Round, 5.4 , 2.85 , 2.61 , 3.77 , Pattern , Trắng 
727,Round, 5.4 , 2.96 , 2.72 , 3.96 , Pattern , Trắng-Hồng 
728,Round, 4.5 , 2.18 , 1.83 , 2.88 , Plain , Trắng 
729,Round, 4.5 , 3.05 , 2.80 ,   , Plain , Trắng 
730,Round, 4.5 , 2.30 , 1.92 , 3.04 , Plain , Trắng 
731,Round, 5.4 , 3.59 , 3.30 ,   , Plain , Trắng 
732,Round, 5.4 , 3.09 , 2.83 ,   , Plain , Trắng 
733,Round, 5.0 , 2.58 , 2.16 , 3.41 , Plain , Trắng 
734,Round, 5.4 , 2.92 , 2.44 , 3.85 , Plain , Trắng 
735,Round, 6.3 , 3.55 , 3.31 , 4.76 , Plain , Trắng 
736,Round, 5.4 , 3.61 , 3.37 ,   , Plain , Trắng 
737,Round, 4.5 , 2.58 , 2.16 , 3.41 , Plain , Trắng 
738,Round, 5.4 , 3.12 , 2.61 , 4.12 , Pattern , Trắng 
739,Round, 5.4 , 2.47 , 2.07 , 3.26 , Plain , Trắng 
740,Round,5.4, 2.59 , 2.16 , 3.42 , Plain , Trắng 
741,Round, 5.4 , 3.02 , 2.81 ,   , Plain , Trắng 
742,Round, 4.5 , 2.51 , 2.31 ,   , Plain , Trắng 
743,Round, 5.4 , 2.91 , 2.86 ,   , Plain , Trắng 
744,Round, 5.4 , 3.10 , 2.85 ,   , Plain , Trắng 
745,Round, 5.4 , 2.77 , 2.31 , 3.66 , Plain , Trắng 
746,Round, 5.4 , 2.31 , 1.93 , 3.05 , Pattern , Trắng 
747,Round, 5.4 , 2.87 , 2.40 , 3.79 , Plain , Trắng 
748,Round, 5.4 , 2.39 , 2.00 , 3.15 , Plain , Trắng 
749,Round, 5.4 , 2.37 , 1.98 , 3.13 , Plain , Trắng 
750,Round, 5.0 , 2.86 , 2.30 , 3.77 , Plain , Trắng 
751,Round, 5.4 , 4.07 , 3.80 ,   , Plain , Trắng 
752,Round, 5.0 , 2.42 , 2.22 ,   , Plain , Trắng-Hồng 
753,Round, 6.4 , 5.02 , 4.68 ,   , Plain , Trắng 
754,Round, 5.4 , 3.78 , 3.47 , 4.99 , Plain , Trắng 
755,Round, 5.4 , 2.55 , 2.13 , 3.37 , Plain , Trắng 
756,Round, 5.4 , 3.38 , 3.15 ,   , Plain , Trắng 
757,Round, 4.5 , 3.40 , 3.17 ,   , Plain , Trắng 
758,Round, 4.5 , 2.79 , 2.56 ,   , Plain , Trắng 
759,Round, 5.4 , 2.76 , 2.31 , 3.64 , Plain , Trắng 
760,Round, 5.4 , 2.90 , 2.42 , 3.83 , Plain , Trắng 
761,Round, 5.4 , 3.59 , 3.35 ,   , Plain , Trắng 
762,Round, 5.4 , 4.23 , 3.95 ,   , Plain , Trắng 
763,Round, 5.4 , 3.02 , 2.82 ,   , Plain , Trắng 
764,Round, 5.0 , 4.26 , 3.91 , 5.63 , Plain , Trắng 
765,Round, 5.4 , 2.98 , 2.49 , 3.93 , Plain , Trắng 
766,Round, 5.4 , 2.76 , 2.31 , 3.64 , Plain , Trắng 
767,Round, 5.4 , 2.00 , 1.67 , 2.64 , Plain , Trắng 
768,Round, 5.4 , 2.80 , 2.57 ,   , Pattern , Trắng 
769,Round, 5.4 , 2.33 , 1.95 , 3.08 , Pattern , Vàng 
770,Round, 5.4 , 2.19 , 1.83 , 2.89 , Pattern , Trắng 
771,Round, 5.4 , 4.58 , 4.21 ,   , Pattern , Trắng-Hồng 
772,Round, 5.4 , 2.57 , 2.15 , 3.39 , Plain , Trắng-Hồng 
773,Round, 5.4 , 2.63 , 2.45 , 3.47 , Pattern , Trắng 
774,Round, 4.5 , 2.48 , 2.32 ,   , Plain , Trắng-Hồng 
775,Round, 4.0 , 1.74 , 1.60 , 2.30 , Plain , Trắng 
776,Round, 4.0 , 2.68 , 2.46 , 3.54 , Plain , Trắng 
777,Round, 4.0 , 1.73 , 1.58 , 2.28 , Plain , Trắng 
778,Round, 4.0 , 2.33 , 2.14 , 3.07 , Plain , Trắng 
779,Round, 4.0 , 2.41 , 2.21 , 3.18 , Plain , Trắng 
780,Round, 4.0 , 2.11 , 1.94 , 2.79 , Pattern , Trắng 
781,Round, 4.0 , 1.82 , 1.67 , 2.53 , Plain , Trắng 
782,Heart, 4.0 , 1.76 , 1.64 , 2.36 , Plain , Trắng-Hồng 
783,Round, 4.0 , 1.66 , 1.52 , 2.19 , Pattern , Trắng 
784,Round, 4.0 , 1.79 , 1.64 , 2.36 , Plain , Trắng-Hồng 
785,Round, 4.0 , 1.65 , 1.51 , 2.17 , Pattern , Hồng 
786,Round, 4.0 , 1.99 , 1.83 , 2.64 , Pattern , Trắng 
787,Princess, 5.0 , 2.48 , 2.32 ,   , Plain , Trắng 
788,Princess, 5.4 , 2.83 , 2.59 , 3.73 , Plain , Hồng 
789,Princess, 5.0 , 2.47 , 2.07 ,, Plain , Trắng 
790,Emerald, 7.0*5.0 , 2.42 , 2.03 , 3.19 , Plain , Trắng 
791,Emerald, 6.0*4.0 , 3.03 , 2.82 ,   , Plain , Trắng 
792,Emerald, 12.4*8.4 , 4.18 , 3.90 ,   , Plain , Trắng 
793,Emerald, 9.0*7.0 , 3.27 , 3.05 ,   , Plain , Trắng 
794,Pear, 6.0*4.0 , 2.41 , 2.01 , 3.18 , Plain , Trắng 
795,Heart, 6.0 , 2.99 , 2.74 , 3.94 , Plain , Trắng 
796,Heart, 5.4*6.6 , 3.08 , 2.58 , 4.07 , Plain , Trắng 
797,Heart, 5.4*4.8 , 2.72 , 2.54 ,   , Plain , Trắng 
798,Heart, 5.0*6.4 , 2.33 , 1.95 , 3.08 , Plain , Trắng 
799,Heart, 6.3 , 1.92 , 1.79 ,   , Plain , Trắng 
800,Heart, 6.5*6.96 , 3.50 , 3.26 ,   , Plain , Trắng 
801,Heart, 6.0*6.0 , 3.26 , 2.73 , 4.30 , Plain , Hồng 
802,Heart, 5.5*5.5 , 3.09 , 2.84 , 4.08 , Plain , Trắng 
803,Heart, 5.4*5.8 , 4.49 , 4.18 ,   , Plain , Hồng 
804,Heart, 5.4 , 1.86 , 1.55 , 2.46 , Plain , Trắng 
805,Heart,5, 2.47 , 2.07 , 3.26 , Pattern , Trắng-Hồng 
806,Heart, 5.0 , 2.12 , 1.77 ,, Pattern , Trắng-Hồng 
807,Heart, 5.0 , 2.02 , 1.69 , -   , Plain , Trắng 
808,Heart, 5.0 , 2.52 , 2.10 ,, Plain , Trắng 
809,Heart, 5.0 , 2.00 , 1.84 ,, Plain , Trắng 
810,Oval, 8.0*6.0 , 2.70 , 2.25 , 3.56 , Plain , Trắng 
811,Round, 5.4 , 3.78 , 3.52 ,   , Plain , Trắng 
812,Round, 5.4 , 3.41 , 3.18 ,   , Pattern , Trắng 
813,Round, 5.4 , 3.47 , 3.24 ,   , Plain , Trắng 
814,Round, 5.4 , 3.85 , 3.59 ,   , Pattern , Trắng 
815,Round, 5.4 , 3.15 , 2.63 , 4.16 , Pattern , Trắng 
816,Round, 5.4 , 5.06 , 4.65 ,   , Pattern , Trắng 
817,Round, 5.4 , 4.65 , 4.34 ,   , Plain , Hồng 
818,Round, 6.3 , 4.46 , 4.15 ,   , Plain , Hồng 
819,Round, 5.4 , 2.47 , 2.06 , 3.26 , Plain , Trắng 
820,,   , 5.88 , 5.40 , 7.76 , Plain , Trắng 
821,,   , 5.58 , 5.47 , 4.72 , Pattern , Trắng 
822,,   , 5.34 , 4.90 , 7.05 , Plain , Trắng 
823,,   , 5.55 , 5.09 , 7.32 , Plain , Trắng 
824,,   , 3.25 , 2.72 ,   , Plain , Trắng 
825,,   , 5.86 , 5.38 , 7.73 , Pattern , Trắng 
826,,   , 10.25 , 8.56 ,   , Plain , Trắng 
827,,   , 5.15 , 4.21 ,   , Plain , Trắng 
828,,   , 5.56 , 5.11 , 7.34 , Plain , Hồng 
829,,   , 3.99 , 3.34 ,   , Plain , Hồng 
830,,   , 4.62 , 4.25 ,   , Pattern , Trắng 
831,,   , 3.91 , 3.65 ,   , Pattern , Hồng 
832,,   , 5.65 , 5.27 ,   , Pattern , Trắng 
833,,   , 3.96 , 3.31 ,   , Plain , Trắng 
834,,   , 6.10 , 5.69 ,   , Pattern , Trắng 
835,,   , 4.15 , 3.87 , 5.56 , Plain , Trắng 
836,,   , 4.00 , 3.68 ,   , Pattern , Trắng 
837,,   , 8.23 , 7.67 ,   , Pattern , Trắng 
838,,   , 5.89 , 5.41 , 7.77 , Pattern , Hồng 
839,,   , 7.08 , 6.60 ,   , Pattern , Trắng-Hồng 
840,,   , 8.31 , 7.75 ,   , Pattern , Trắng 
841,,   , 5.54 , 5.17 ,   , Pattern , Trắng 
842,,   , 5.48 , 5.11 ,   , Pattern , Trắng-Hồng 
843,,   , 7.37 , 6.87 ,   , Plain , Trắng-Vàng 
844,,   , 3.56 , 3.27 , 4.70 , Pattern , Hồng 
845,,   , 4.64 , 4.26 , 6.13 , Pattern , Hồng 
846,,   , 3.05 , 2.55 ,   , Pattern , Hồng 
847,,   , 4.49 , 4.19 ,   , Pattern , Hồng 
848,,   , 2.88 , 2.41 ,   , Pattern , Hồng 
849,,   , 10.10 , 8.44 ,   , Plain , Trắng 
850,,   , 5.65 , 4.73 ,   , Pattern , Hồng 
851,,   , 5.18 , 4.76 , 6.84 , Pattern , Hồng 
852,,   , 3.90 , 3.20 ,   , Plain , Hồng 
853,,   , 8.19 , 7.64 ,   , Pattern , Hồng 
854,,   , 3.92 , 3.28 ,   , Plain , Trắng 
855,,   , 4.22 , 3.53 ,   , Pattern , Hồng 
856,,   , 4.18 , 3.50 ,   , Plain , Trắng 
857,,   , 4.74 , 3.96 ,   , Plain , Trắng 
858,,   , 3.43 , 3.15 , 4.52 , Pattern , Trắng-Hồng 
859,,   , 6.11 , 5.11 ,   , Pattern , Hồng 
860,,   , 4.34 , 3.63 ,   , Plain , Trắng 
861,,   , 5.36 , 4.92 , 7.07 , Pattern , Hồng 
862,,   , 3.72 , 3.42 , 4.91 , Pattern , Trắng 
863,,   , 3.17 , 2.65 ,   , Pattern , Vàng 
864,,   , 3.24 , 2.71 ,   , Plain , Trắng 
865,,   , 6.59 , 6.05 , 8.70 , Pattern , Vàng 
866,,   , 5.67 , 5.21 , 7.49 , Pattern , Trắng 
867,,   , 3.82 , 3.51 , 5.04 , Plain , Trắng 
868,,   , 3.46 , 3.23 , 4.64 , Pattern , Vàng 
869,,   , 4.53 , 4.22 , 6.07 , Plain , Trắng-Vàng 
870,,   , 3.83 , 3.52 , 5.06 , Plain , Trắng-Vàng 
871,,   , 3.41 , 3.18 , 4.57 , Plain , Trắng 
872,,   , 4.31 , 4.02 , 5.78 , Pattern , Trắng-Vàng 
873,,   , 4.13 , 3.85 ,   , Pattern , Trắng-Vàng 
874,,   , 4.51 , 4.14 , 5.95 , Pattern , Vàng 
875,,   , 5.36 , 4.92 , 7.07 , Pattern , Trắng-Vàng 
876,,   , 5.28 , 4.92 , 7.08 , Pattern , Trắng-Vàng 
877,,   , 4.75 , 4.36 , 6.27 , Pattern , Vàng 
878,,   , 5.70 , 4.74 , 7.52 , Pattern , Trắng-Vàng 
879,,   , 5.53 , 4.68 , 7.41 , Pattern , Trắng-Vàng 
880,,   , 4.79 , 4.40 , 6.32 , Plain , Trắng-Hồng 
881,,   , 4.55 , 3.81 ,   , Pattern , Hồng 
882,,   , 6.56 , 5.48 ,   , Plain , Trắng 
883,,   , 5.61 , 5.15 , 5.53 , Plain , Trắng 
884,,   , 7.65 , 7.03 , 10.10 , Plain , Vàng 
885,,   , 5.56 , 4.64 ,   , Plain , Trắng-Hồng 
886,,   , 5.77 , 4.83 ,   , Plain , Trắng 
887,,   , 8.18 , 7.51 , 10.79 , Plain , Trắng 
888,,   , 6.08 , 5.08 ,   , Plain , Trắng-Hồng 
889,,   , 6.55 , 4.87 ,   , Plain , Trắng-Hồng 
890,,   , 7.33 , 6.13 ,   , Plain , Trắng 
891,,   , 3.94 , 3.62 , 5.20 , Plain , Trắng 
892,,   , 5.55 , 4.64 ,   , Plain , Trắng 
893,,   , 3.89 , 3.25 ,   , Plain , Trắng 
894,,   , 3.30 , 2.76 ,   , Plain , Trắng 
895,,   , 3.29 , 2.75 ,   , Plain , Trắng 
896,,   , 5.45 , 4.55 ,   , Plain , Trắng-Hồng 
897,,   , 6.40 , 5.97 ,   , Pattern , Trắng-Vàng-Hồng 
898,,   , 7.60 , 7.14 ,   , Pattern , Trắng-Vàng 
899,,   , 5.27 , 4.24 , 6.95 , Pattern , Hồng 
900,,   , 6.32 , 5.27 , 8.32 , Pattern , Trắng 
901,,   , 5.10 , 4.68 , 6.73 , Pattern , Hồng 
902,,   , 8.34 , 7.77 ,   , Pattern , Trắng 
903,,   , 6.11 , 5.61 ,   , Pattern , Trắng-Vàng 
904,,   , 9.84 , 9.17 ,   , Pattern , Trắng 
905,,   , 4.58 , 4.20 , 6.05 , Pattern , Trắng-Vàng 
906,,   , 5.89 , 5.41 ,   , Pattern , Trắng-Vàng 
907,,   , 4.13 , 3.79 , 5.45 , Pattern , Trắng-Vàng 
908,Round, 4.1 , 8.16 , 6.82 ,   , Plain , Hồng 
909,Round, 4.5 , 7.45 , 6.84 , 9.84 , Pattern , Trắng-Hồng 
910,,   , 5.48 , 4.58 ,   , Pattern , Trắng 
911,, 3.6 , 6.35 , 5.92 , 8.51 , Plain , Trắng 
912,Round, 3.6 , 4.68 , 3.91 ,   , Pattern , Trắng 
913,,   , 8.38 , 7.01 ,   , Pattern , Trắng-Hồng 
914,,   , 6.62 , 6.08 , 8.74 , Pattern , Trắng-Hồng 
915,,   , 7.35 , 6.85 ,   , Plain , Trắng-Hồng 
916,,   , 8.14 , 7.47 , 10.74 , Plain , Hồng 
917,,   , 9.72 , 8.92 , 12.48 , Pattern , Hồng 
918,,   , 6.66 , 6.11 , 8.79 , Pattern , Hồng 
919,,   , 3.88 , 3.56 , 5.13 , Pattern , Hồng 
920,,   , 7.59 , 6.35 ,   , Pattern , Trắng 
921,,   , 8.03 , 6.72 ,   , Plain , Trắng 
922,,   , 4.95 , 4.54 , 6.53 , Plain , Hồng 
923,,   , 8.70 , 7.27 ,   , Plain , Trắng-Hồng 
924,,   , 2.87 , 2.64 ,   , Plain , Vàng 
925,,   , 5.31 , 4.88 ,   , Pattern , Trắng-Vàng 
926,,   , 3.55 , 3.26 ,   , Plain , Trắng 
927,,   , 3.44 , 3.16 ,   , Plain , Trắng 
928,,   , 4.32 , 3.97 ,   , Plain , Trắng-Hồng 
929,,   , 3.63 , 3.33 ,   , Pattern , Vàng 
930,,   , 6.05 , 5.58 ,   , Plain , Trắng 
931,,   , 2.81 , 2.58 ,   , Pattern , Trắng-Vàng 
932,,   , 3.49 , 3.25 ,   , Plain , Vàng 
933,,   , 3.76 , 3.50 ,   , Pattern , Vàng 
934,,   , 5.23 , 4.80 , 6.91 , Plain , Trắng 
935,,   , 5.41 , 5.05 ,   , Plain , Trắng-Vàng 
936,,   , 6.93 , 6.37 ,   , Pattern , Hồng 
937,,   , 6.77 , 6.22 , 8.94 , Plain , Hồng 
938,,   , 10.29 , 8.60 ,   , Plain , Hồng 
939,,   , 5.27 , 4.84 , 6.96 , Pattern , Hồng 
940,,   , 4.54 , 4.17 ,   , Pattern , Hồng 
941,,   , 6.03 , 5.53 ,   , Pattern , Trắng 
942,,   , 6.81 , 6.36 ,   , Plain , Trắng-Vàng 
943,,   ,   ,   ,   ,   , Hồng 
944,,   ,   ,   ,   ,   , Trắng 
945,,   ,   ,   ,   ,   , Trắng 
946,,   ,   ,   ,   ,   , Trắng 
947,,   ,   ,   ,   ,   , Trắng 
948,,   ,   ,   ,   ,   , Trắng 
949,,   ,   ,   ,   ,   , Trắng 
950,,   ,   ,   ,   ,   , Trắng 
951,,   ,   ,   ,   ,   , Hồng 
952,,   ,   ,   ,   ,   , Trắng 
953,,   ,   ,   ,   ,   , Phối màu 
954,,   ,   ,   ,   ,   , Phối màu 
955,,   ,   ,   ,   ,   , Trắng 
956,,   ,   ,   ,   ,   , Trắng 
957,,   ,   ,   ,   ,   , Hồng 
958,,   ,   ,   ,   ,   , Hồng 
959,,   ,   ,   ,   ,   , Trắng 
960,,   ,   ,   ,   ,   , Trắng 
961,,   ,   ,   ,   ,   , Phối màu 
962,,   ,   ,   ,   ,   , Hồng 
963,,   ,   ,   ,   ,   , Trắng 
964,,   ,   ,   ,   ,   , Trắng 
965,,   ,   ,   ,   ,   , Trắng 
966,,   ,   ,   ,   ,   , Trắng 
967,,   ,   ,   ,   ,   , Hồng 
968,,   ,   ,   ,   ,   , Trắng 
969,,   ,   ,   ,   ,   , Trắng 
970,,   ,   ,   ,   ,   , Phối màu 
971,,   ,   ,   ,   ,   , Hồng 
972,,   ,   ,   ,   ,   , Phối màu 
973,,   ,   ,   ,   ,   , Hồng 
974,,   ,   ,   ,   ,   , Phối màu 
975,,   ,   ,   ,   ,   , Trắng 
976,,   ,   ,   ,   ,   , Hồng 
977,,   ,   ,   ,   ,   , Trắng 
978,,   ,   ,   ,   ,   , Hồng 
979,,   ,   ,   ,   ,   , Trắng 
980,,   ,   ,   ,   ,   , Trắng 
981,,   ,   ,   ,   ,   , Trắng-Hồng 
982,,   ,   ,   ,   ,   , Trắng 
983,,   ,   ,   ,   ,   , Trắng 
984,,   ,   ,   ,   ,   , Phối màu 
985,,   ,   ,   ,   ,   , Hồng 
986,,   ,   ,   ,   ,   , Trắng 
987,,   ,   ,   ,   ,   , Trắng 
988,,   ,   ,   ,   ,   , Phối màu 
989,,   ,   ,   ,   ,   , Vàng 
990,,   ,   ,   ,   ,   , Trắng 
991,,   ,   ,   ,   ,   , Trắng 
992,,   ,   ,   ,   ,   , Trắng 
993,,   ,   ,   ,   ,   , Trắng 
994,,   ,   ,   ,   ,   , Trắng 
995,,   ,   ,   ,   ,   , Trắng 
996,,   ,   ,   ,   ,   , Trắng 
997,,   ,   ,   ,   ,   , Hồng 
998,,   ,   ,   ,   ,   , Vàng 
999,,   ,   ,   ,   ,   , Phối màu 
1000,,   , 2.45 , 2.25 , 3.23 , Plain , Hồng 
1001,,   , 2.27 , 2.08 , 2.99 , Pattern , -   
1002,,   , 3.28 , 3.01 , 4.32 , Pattern , Trắng 
1003,,   , 2.14 , 1.96 , 2.82 , Pattern , -   
1004,,   , 2.85 , 2.62 , 3.77 , Pattern , Trắng 
1005,,   , 2.29 , 2.10 , 3.02 , Plain , Trắng 
1006,,   , 2.58 , 2.37 , 3.40 , Plain , Trắng 
1007,,   , 3.51 , 2.93 , 4.70 ,   , Trắng 
1008,,   , 4.26 , 3.91 , 5.63 , Plain , Hồng 
1009,,   , 4.20 , 3.51 , 5.64 ,   , Trắng 
1010,,   , 3.19 , 2.67 , 4.28 ,   , Trắng-Hồng 
1011,,   , 2.34 , 1.95 , 3.14 ,   , Vàng 
1012,,   , 2.71 , 2.49 , 3.58 , Plain , Trắng 
1013,,   , 3.01 , 2.76 , 3.97 , Plain , Trắng 
1014,,   , 3.21 , 2.68 , 4.30 ,   , Hồng 
1015,,   , 4.42 , 3.69 , 5.92 ,   , Hồng 
1016,,   , 3.34 , 3.07 , 4.41 , Plain , Trắng 
1017,,   , 3.53 , 2.95 , 4.74 ,   , Trắng 
1018,,   , 3.48 , 2.91 , 4.66 ,   , Hồng 
1019,,   , 3.34 , 2.79 , 4.48 ,   , Hồng 
1020,,   , 3.03 , 2.53 , 4.06 ,   , Trắng 
1021,,   , 3.96 , 3.31 , 5.31 ,   , Trắng 
1022,,   , 2.83 , 2.36 , 3.79 ,   , Trắng 
1023,,   , 2.96 , 2.48 , 3.97 ,   , Trắng 
1024,,   , 6.28 , 5.25 , 8.42 ,   , Hồng 
1025,,   , 2.83 , 2.36 , 3.79 ,   , Trắng 
1026,,   , 2.99 , 2.50 , 4.00 ,   , Trắng 
1027,,   , 2.88 , 2.41 , 3.86 ,   , Hồng 
1028,,   , 4.51 , 3.77 , 6.04 ,   , Hồng 
1029,,   , 3.61 , 3.02 , 4.84 ,   , Hồng 
1030,,   , 2.33 , 2.14 , 3.08 , Plain , Hồng 
1031,,   , 3.27 , 2.73 , 4.38 ,   , Hồng 
1032,,   , 2.87 , 2.40 , 3.84 ,   , Trắng 
1033,,, 3.02 , 2.53 ,,, Hồng 
1034,,   , 3.38 , 2.82 , 4.53 ,   , Hồng 
1035,,   , 2.55 , 2.34 , 3.36 , Plain , Trắng 
1036,,   , 2.23 , 1.86 , 2.99 ,   , Hồng 
1037,,   , 3.05 , 2.55 , 4.09 ,   , Trắng 
1038,,   , 3.07 , 2.56 , 4.11 ,   , Trắng 
1039,,   , 4.75 , 3.97 , 6.37 ,   , Trắng-Hồng 
1040,,   , 4.02 , 3.36 , 5.39 ,   , Trắng 
1041,,   , 2.57 , 2.15 , 3.44 ,   , Trắng 
1042,,   , 2.74 , 2.29 , 3.68 ,   , Trắng 
1043,,   , 3.62 , 3.03 , 4.86 ,   , Hồng 
1044,,   , 3.29 , 2.75 , 4.42 ,   , Trắng 
1045,,   , 3.05 , 2.55 , 4.09 ,   , Trắng 
1046,Round, 3.6 , 3.55 , 2.97 , 4.76 ,   , Vàng 
1047,,   , 4.43 , 3.70 , 5.94 ,   , Vàng 
1048,Round, 5.4 , 3.87 , 3.56 , 5.11 , Plain , -   
1049,Round, 4.1 , 3.30 , 2.76 , 4.42 ,   , Trắng 
1050,,   , 3.58 , 3.29 , 4.73 , Plain , Trắng 
1051,Round, 3.6 , 3.40 , 3.12 , 4.49 , Plain , Trắng 
1052,Heart, 3.1*3.6 , 3.26 , 2.72 , 4.37 ,   , Trắng 
1053,,   , 5.50 , 4.60 , 7.38 ,   , Trắng 
1054,,   , 3.73 , 3.42 , 4.92 , Plain , Trắng 
1055,,   , 4.36 , 3.64 , 5.84 ,   , Hồng 
1056,,   , 2.70 , 2.25 , 3.62 ,   , Vàng 
1057,,   , 3.74 , 3.13 , 5.02 ,   , Vàng 
1058,Heart, 3.5 , 3.30 , 3.08 ,   , Plain , Trắng 
1059,Round, 6.3 , 4.58 , 4.27 ,   , Plain , Trắng 
1060,Round, 5.4 , 6.45 , 6.02 ,   , Plain , Trắng 
1061,Round, 6.3 , 4.16 , 3.88 ,   , Plain , Trắng 
1062,Round, 6.3 , 6.70 , 6.25 ,   , Plain , Trắng 
1063,Round, 4.5 , 4.27 , 3.98 ,   , Plain , Trắng 
1064,Ngọc trai,   , 3.40 , 2.84 ,   , Plain , Trắng 
1065,Round, 7.2 , 7.99 , 7.45 ,   , Plain , Trắng-Vàng 
1066,Round, 7.2 , 10.84 , 10.11 ,   , Plain , Trắng-Vàng 
1067,Round, 7.2 , 6.61 , 6.17 ,   , Plain , Trắng 
1068,Round, 6.3 , 4.39 , 4.09 ,   , Plain , Trắng 
1069,Round, 6.3 , 3.01 , 2.81 , 4.04 , Pattern , Trắng 
1070,Round, 6.3 , 8.08 , 7.42 , 10.67 , Plain , Trắng 
1071,Round, 6.3 , 2.80 , 2.61 , 3.74 , Plain , Trắng 
1072,Round, 7.6 , 7.59 , 6.96 ,   , Plain , Trắng 
1073,Round, 6.3 , 4.52 , 4.15 , 5.97 , Plain , Trắng 
1074,Round, 6.3 , 6.91 , 6.44 ,   , Plain , Trắng 
1075,Round, 8.1 , 4.92 , 4.59 ,   , Plain , Trắng 
1076,Round, 5.4 , 2.96 , 2.76 ,   , Plain , Trắng 
1077,Round, 6.3 , 4.36 , 4.00 , 5.75 , Plain , Trắng 
1078,Round, 6.3 , 2.43 , 2.26 , 3.26 , Pattern , Trắng 
1079,Round, 6.3 , 2.91 , 2.71 , 3.90 , Pattern , Trắng 
1080,Round, 6.0 , 3.76 , 3.45 ,   , Pattern , Trắng 
1081,Round, 5.4 , 4.01 , 3.74 ,   , Pattern , Trắng 
1082,Round, 6.3 , 4.06 , 3.73 , 5.36 , Pattern , Trắng 
1083,Round, 5.4 , 6.35 , 5.93 ,   , Pattern , Trắng 
1084,Round, 5.4 , 3.63 , 3.39 ,   , Plain , Trắng 
1085,Round, 7.2 , 3.82 , 3.57 ,   , Plain , Trắng 
1086,Round, 5.4 , 6.71 , 6.26 ,   , Plain , Trắng 
1087,Round, 7.2 , 10.00 , 9.32 ,   , Plain , Trắng 
1088,Round, 7.2 , 8.18 , 6.84 ,   , Pattern , Trắng 
1089,Ngọc trai,   , 3.93 , 3.29 ,   , Pattern , Trắng 
1090,Round, 6.3 , 6.56 , 6.12 ,   , Plain , Trắng 
1091,Round, 5.4 , 4.19 , 3.91 ,   , Pattern , Trắng 
1092,Round, 6.3 , 10.00 , 9.32 ,   , Plain , Trắng 
1093,Round, 5.4 , 4.93 , 4.60 ,   , Plain , Trắng 
1094,Round, 6.5 , 4.76 , 4.44 ,   , Plain , Trắng 
1095,Round, 6.3 , 4.46 , 4.10 , 5.89 , Plain , Trắng 
1096,Round, 6.3 , 7.03 , 6.55 ,   , Plain , Trắng 
1097,Round, 6.3 , 9.51 , 8.87 ,   , Pattern , Trắng 
1098,Round, 5.4 , 3.45 , 3.17 ,   , Plain , Trắng 
1099,Round, 5.4 , 4.84 , 4.44 ,   , Plain , Trắng 
1100,Round, 5.4 , 5.00 , 4.18 ,   , Plain , Trắng 
1101,Round, 5.4 , 4.78 , 4.39 ,   , Plain , Trắng 
1102,Round, 5.4 , 3.90 , 3.58 ,   , Plain , Trắng 
1103,Round, 6.3 , 7.55 , 7.04 ,   , Plain , Trắng 
1104,Round, 5.4 , 7.20 , 6.72 ,   , Plain , Trắng-Hồng 
1105,Round, 4.5 , 5.37 , 4.93 ,   , Plain , -   
1106,Round, 5.4 , 3.32 , 3.05 ,   , Plain , Trắng 
1107,Round, 5.4 , 4.50 , 4.14 ,   , Plain , Trắng 
1108,Round, 6.3 , 5.16 , 4.74 , 6.82 , Plain , Trắng 
1109,Round, 6.3 , 7.09 , 6.61 ,   , Plain , Trắng 
1110,Round, 6.0 , 3.85 , 3.59 ,   , Plain , Hồng 
1111,Round, 5.4 , 5.89 , 5.49 ,   , Plain , Trắng 
1112,Round, 7.2 , 4.16 , 3.88 ,     , Plain , Trắng 
1113,Round, 6.0 , 6.88 , 6.42 ,   , Plain , Trắng 
1114,Round, 4.5 , 5.25 , 4.90 ,   , Plain , Trắng 
1115,Round, 5.4 , 4.07 , 3.80 ,   , Plain , Trắng 
1116,Round, 5.4 , 3.56 , 3.32 ,   , Plain , Trắng 
1117,Round, 6.3 , 6.52 , 6.08 ,   , Plain , Trắng 
1118,Round, 6.3 , 2.36 , 2.20 , 3.08 , Plain , Trắng 
1119,Round, 5.4 , 3.46 , 3.22 ,   , Plain , Trắng 
1120,Round, 4.5 , 3.39 , 3.16 ,   , Plain , Trắng 
1121,Round, 5.4 , 3.55 , 3.31 ,   , Plain , Trắng 
1122,Round, 7.0 , 3.24 , 2.74 , 4.22 , Plain , Trắng 
1123,Round, 6.3 , 8.53 , 7.96 ,   , Plain , Trắng 
1124,Round, 6.3 , 8.53 , 7.96 ,   , Plain , Trắng 
1125,Round, 5.4 , 5.89 , 5.49 ,   , Plain , Hồng 
1126,Round, 5.4 , 5.82 , 5.43 ,   , Pattern , Trắng 
1127,Round, 6.3 , 7.48 , 6.87 ,   , Plain , Trắng 
1128,Round, 6.3 , 8.64 , 7.93 ,   , Plain , Trắng 
1129,Round, 5.4 , 6.63 , 6.09 ,   , Plain , Hồng 
1130,Round, 5.4 , 8.70 , 8.11 ,   , Plain , Trắng 
1131,Round, 6.3 , 8.43 , 7.86 ,   , Plain , Trắng 
1132,Round, 5.4 , 6.93 , 6.47 ,   , Plain , Trắng 
1133,Round, 5.4 , 7.34 , 6.85 ,   , Plain , Trắng 
1134,Cushion, 8.0 , 9.46 , 8.82 ,   , Plain , Trắng 
1135,Princess, 4.0 , 3.42 , 3.19 ,   , Plain , Trắng 
1136,Emerald," 8,0*6,8 ", 5.40 , 4.94 ,   , Plain , Trắng 
1137,Emerald, 6.88*4.58 , 4.89 , 4.56 ,   , Plain , Trắng 
1138,Emerald, 7.5*5.5 , 5.49 , 4.64 ,   , Plain , Trắng 
1139,Emerald, 7.3*4.5 , 4.60 , 4.29 ,   , Plain , Trắng 
1140,Princess, 5.4 , 4.59 , 3.35 ,   , Plain , Trắng 
1141,Pear, 9.1*5.3 , 3.94 , 3.67 ,   , Plain , Trắng 
1142,Heart, 6.0 , 8.95 , 8.35 ,   , Plain , Trắng 
1143,Oval, 8.0*6.0 , 3.78 , 3.50 ,   , Plain , Trắng 
1144,Oval, 7*5 , 4.99 , 4.17 ,   , Plain , Trắng 
1145,Round, 6.0 , 3.34 , 3.11 ,   , Plain , Trắng 
1146,Round, 6.3 , 4.95 , 4.62 ,   , Plain , Trắng 
1147,Round, 5.4 , 3.41 , 3.18 ,   , Pattern , Trắng 
1148,Round, 5.4 , 3.36 , 3.13 ,   , Pattern , Trắng 
1149,Round, 6.4 , 4.76 , 4.44 ,   , Pattern , Trắng 
1150,Round, 6.3 , 5.32 , 4.96 ,   , Pattern , Trắng 
1151,Round, 6.3 , 7.05 , 6.57 ,   , Pattern , Trắng 
1152,Round, 6.3 , 5.16 , 4.81 ,   , Pattern , Trắng 
1153,Round, 6.3 , 4.95 , 4.62 ,   , Pattern , Trắng 
1154,Round, 5.4 , 3.40 , 3.17 ,   , Pattern , Trắng 
1155,,   , 4.37 , 4.01 , 5.77 , Plain , Hồng 
1156,,   , 4.00 , 3.22 , 5.29 , Pattern , Trắng 
1157,,   , 4.10 , 3.76 , 5.41 , Pattern , Trắng 
1158,,   , 3.01 , 2.77 , 3.98 , Plain , Trắng 
1159,,   , 4.68 , 4.30 , 6.18 , Plain , Trắng 
1160,,   , 2.70 , 2.17 , 3.57 , Plain , Trắng 
1161,,   , 3.80 , 3.49 , 5.02 , Plain , Trắng 
1162,,   , 4.23 , 3.53 , 5.67 ,   , Trắng 
1163,,   , 5.36 , 4.92 , 7.08 , Plain , Hồng 
1164,,   , 4.62 , 3.86 , 6.19 ,   , Trắng 
1165,,   , 4.24 , 3.54 , 5.69 ,   , Trắng 
1166,,   , 3.99 , 3.33 , 5.35 ,   , Trắng-Vàng 
1167,,   , 3.74 , 3.44 , 4.94 , Plain , Trắng 
1168,,   , 3.72 , 3.65 , 5.24 , Plain , Trắng 
1169,,   , 4.85 , 4.05 , 6.50 ,   , Hồng 
1170,,   , 5.75 , 4.80 , 7.70 ,   , Hồng 
1171,,   , 4.79 , 4.39 , 6.31 , Plain , Trắng 
1172,,   , 5.05 , 4.22 , 6.78 ,   , Trắng 
1173,,   , 4.89 , 4.09 , 6.56 ,   , Trắng 
1174,,   , 5.11 , 4.27 , 6.85 ,   , Hồng 
1175,,   , 4.00 , 3.35 , 5.37 ,   , Trắng 
1176,,   , 5.79 , 4.84 , 7.77 ,   , Trắng 
1177,,   , 4.80 , 4.01 , 6.44 ,   , Trắng 
1178,,   , 4.44 , 3.71 , 5.95 ,   , Trắng 
1179,,   , 7.11 , 5.94 , 9.53 ,   , Hồng 
1180,,   , 4.32 , 3.61 , 5.79 ,   , Trắng 
1181,,   , 3.93 , 3.28 , 5.26 ,   , Trắng 
1182,,   , 4.11 , 3.43 , 5.51 ,   , Trắng 
1183,,   , 5.57 , 4.65 , 7.46 ,   , Hồng 
1184,,   , 5.85 , 4.89 , 7.84 ,   , Trắng 
1185,,   , 3.03 , 2.78 , 4.00 , Plain , Hồng 
1186,,   , 3.38 , 2.83 , 4.54 ,   , Trắng 
1187,,   , 2.99 , 2.50 , 4.01 ,   , Trắng 
1188,,   , 4.37 , 3.66 , 5.86 ,   , Trắng 
1189,,   , 4.85 , 4.06 , 6.51 ,   , Hồng 
1190,,   , 3.60 , 3.31 , 4.75 , Pattern , Trắng 
1191,,   , 2.78 , 2.32 , 3.72 ,   , Hồng 
1192,,   , 4.12 , 3.44 , 5.52 ,   , Trắng 
1193,,   , 4.41 , 3.69 , 5.91 ,   , Trắng 
1194,,   , 5.12 , 4.28 , 6.87 ,   , Trắng-Hồng 
1195,,   , 4.80 , 4.01 , 6.43 ,   , Trắng 
1196,,   , 3.87 , 3.23 , 5.19 ,   , Trắng 
1197,,   , 4.06 , 3.39 , 5.44 ,   , Trắng-Vàng 
1198,,   , 4.70 , 3.93 , 6.30 ,   , Hồng 
1199,,   , 4.82 , 4.03 , 6.46 ,   , Trắng 
1200,Round, 3.6 , 4.23 , 3.53 , 5.67 ,   , Trắng 
1201,Round, 3.6 , 4.09 , 3.42 , 5.48 ,   , Trắng 
1202,,   , 5.40 , 4.51 , 7.24 ,   , Vàng 
1203,Round, 4.5 , 4.55 , 4.18 , 6.01 , Plain , Trắng 
1204,Round, 4.1 , 4.28 , 3.58 , 5.74 ,   , Trắng 
1205,,   , 4.39 , 4.03 , 3.48 , Plain , Trắng 
1206,Round, 3.6 , 4.06 , 3.73 , 5.37 , Plain , Trắng 
1207,,   , 5.22 , 4.36 , 7.00 ,   , Trắng 
1208,,   , 6.07 , 5.08 , 8.14 ,   , Trắng 
1209,,   , 5.17 , 4.75 , 6.83 , Pattern , Trắng 
1210,,   , 5.64 , 4.71 , 7.56 ,   , Hồng 
1211,,   , 4.47 , 3.73 , 5.99 ,   , Hồng 
1212,,   , 6.07 , 5.07 , 8.13 ,   , Hồng 
1213,,   , 3.71 , 3.10 , 4.98 ,   , Vàng 
1214,,   , 4.72 , 3.94 , 6.32 ,   , Trắng 
1215,,   , 11.01 , 10.27 ,   , Plain , Trắng 
1216,Emerald, 13.6*10.8 , 26.05 , 24.30 ,   , Plain , Trắng 
1217,,   , 15.90 , 14.83 ,   , Plain , -   
1218,,   , 13.55 , 12.64 ,   , Plain , Trắng 
1219,,   , 17.80 , 16.60 ,   , Plain , Trắng 
1220,,   , 19.22 , 17.93 ,   , Plain , Trắng 
1221,,   , 9.71 , 8.91 , 12.81 , Plain , Trắng 
1222,,   , 16.44 , 15.09 , 21.70 , Pattern , Trắng-Vàng 
1223,,   , 9.75 , 8.95 , 12.87 , Pattern , Trắng 
1224,,   , 14.06 , 13.11 ,   , Plain , Vàng 
1225,,   , 14.06 , 13.11 ,   , Plain , Trắng-Hồng 
1226,,   , 8.50 , 7.81 , 11.22 , Pattern , Trắng 
1227,,   , 7.77 , 7.13 , 10.25 , Pattern , Trắng-Vàng 
1228,,   , 6.22 , 5.71 , 8.21 , Pattern , Trắng 
1229,,   , 11.33 , 10.41 , 14.96 , Pattern , Trắng-Vàng 
1230,,   , 11.92 , 11.11 ,   , Plain , Trắng 
1231,,   , 13.38 , 12.48 ,   , Plain , -   
1232,,   , 12.40 , 11.56 ,   , Plain , Trắng 
1233,,   , 14.42 , 13.45 ,   , Plain , Trắng 
1234,,   , 12.67 , 11.82 ,   , Plain , Trắng 
1235,,   , 14.18 , 13.81 ,   , Plain , Trắng 
1236,,   , 11.82 , 11.02 ,   , Pattern , Trắng-Hồng 
1237,,   , 12.80 , 11.10 ,   , Plain , Trắng 
1238,,   , 13.27 , 12.37 ,   , Plain , Trắng 
1239,,   , 11.38 , 10.60 ,   , Plain , Trắng 
1240,,   , 8.77 , 8.18 ,   , Plain , -   
1241,,   , 12.22 , 11.40 ,   , Pattern , Vàng 
1242,,   , 8.40 , 7.83 , 11.26 , Plain , Trắng 
1243,Princess, 4.0 , 7.42 , 6.92 , 9.95 , Pattern , Trắng 
1244,Princess, 4.0 , 10.44 , 9.59 , 13.78 , Pattern , Vàng 
1245,Round, 6.3 , 17.54 , 16.36 ,   , Plain , Trắng 
1246,Round, 5.4 , 13.65 , 12.73 ,   , Plain , Trắng 
1247,Round, 4.5 , 11.73 , 10.94 ,   , Plain , Trắng 
1248,Round, 5.0 , 15.43 , 14.39 ,   , Plain , Trắng 
1249,Round, 5.4 , 10.21 , 9.52 ,   , Plain , Vàng 
1250,Round, 5.0 , 9.24 , 8.61 ,   , Plain , Trắng 
1251,Round, 5.0 , 10.80 , 10.07 ,   , Plain , Vàng 
1252,Round, 5.4 , 10.80 , 10.07 ,   , Plain , Trắng 
1253,Round, 5.4 , 12.02 , 11.20 ,   , Plain , Trắng 
1254,Round, 5.4 , 12.55 , 11.70 ,   , Pattern , Trắng 
1255,Round, 5.0 , 10.77 , 10.04 ,   , Plain , Trắng 
1256,Round, 5.0 , 10.33 , 9.63 ,   , Plain , Trắng 
1257,Round, 5.4 , 12.05 , 11.24 ,   , Plain , Trắng 
1258,Round, 5.0 , 10.09 , 9.41 ,   , Plain , Trắng 
1259,Round, 5.0 , 13.96 , 13.02 ,   , Plain , Hồng 
1260,Round, 5.0 , 9.54 , 8.90 ,   , Plain , Trắng 
1261,Round, 5.0 , 11.83 , 11.03 ,   , Plain , -   
1262,Round, 5.4 , 13.38 , 12.47 ,   , Plain , Trắng 
1263,Round, 6.3 , 17.10 , 15.94 ,   , Plain , -   
1264,Round, 6.3 , 27.26 , 25.42 ,   , Plain , Trắng 
1265,Round, 4.5 , 10.23 , 9.54 ,   , Plain , Trắng 
1266,Round, 5.4 , 15.99 , 14.91 ,   , Plain , Trắng 
1267,Round, 5.4 , 10.33 , 9.63 ,   , Plain , Vàng 
1268,Oval, 8.0*6.0 , 9.97 , 9.30 ,   , Plain , Trắng 
1269,Round, 5.0 , 14.53 , 13.55 ,   , Pattern , Trắng-Hồng 
1270,Round, 5.4 , 10.63 , 9.91 ,   , Plain , Trắng 
1271,Round, 5.4 , 12.33 , 11.47 ,   , Plain , Trắng 
1272,Round, 5.0 , 9.09 , 8.47 ,   , Plain , Trắng 
1273,Round, 4.5 , 19.68 , 18.35 ,   , Pattern , Trắng-Hồng 
1274,Round, 6.3 , 10.57 , 8.83 ,   , Pattern , Trắng 
1275,Round, 5.0 , 17.94 , 15.00 ,   , Pattern , Trắng 
1276,Round, 5.0 , 14.89 , 12.44 ,   , Pattern , Hồng 
1277,Round, 5.4 , 13.22 , 11.05 ,   , Plain , Trắng 
1278,Round, 6.3 , 16.49 , 13.78 ,   , Plain , Trắng 
1279,Round, 4.5 , 7.73 , 6.46 ,   , Plain , Trắng 
1280,Round, 6.0 , 11.48 , 9.60 ,   , Pattern , Trắng 
1281,Round, 4.1 , 16.78 , 14.03 ,   , Pattern , Trắng 
1282,Round, 5.4 , 20.97 , 17.53 ,   , Plain , Trắng 
1283,Round, 5.4 , 9.93 , 8.30 ,   , Plain , Trắng 
1284,Round, 6.0 , 9.97 , 8.33 ,   , Pattern , Hồng 
1285,Round, 6.0 , 10.91 , 9.12 , 14.62 , Plain , -   
1286,Round, 4.1 , 12.22 , 11.39 ,   , Plain , Trắng 
1287,Round, 5.4 , 10.19 , 8.52 ,   , Plain , Trắng 
1288,Round, 6.3 , 9.18 , 7.67 ,   , Plain , Trắng 
1289,Round, 6.3 , 12.80 , 10.70 ,   , Plain , Vàng 
1290,Round, 4.5 , 8.38 , 7.00 ,   , Plain , Trắng 
1291,Round, 6.3 , 18.20 , 15.21 ,   , Plain , -   
1292,Round, 5.0 , 16.52 , 13.81 ,   , Plain , Trắng 
1293,Round, 4.5 , 10.03 , 8.39 ,   , Plain , Trắng 
1294,Round, 4.1 , 16.89 , 14.12 ,   , Plain , Trắng 
1295,Round, 6.0 , 13.08 , 10.93 ,   , Plain , Trắng 
1296,Round, 6.3 , 11.27 , 10.34 , 14.87 , Plain , Trắng 
1297,Round, 5.4 , 12.15 , 10.15 ,   , Plain , -   
1298,Round, 6.4 , 10.51 , 8.79 ,   , Plain , Trắng 
1299,,   , 8.38 , 7.82 ,   , Pattern , Trắng 
1300,Princess, 4.5 , 10.75 , 8.98 ,   , Plain , Trắng 
1301,Princess, 5.4 , 12.62 , 10.55 ,   , Plain , Vàng 
1302,Princess, 5.5 , 14.34 , 11.99 ,   , Plain , Trắng 
1303,Princess, 5.0 , 13.52 , 11.30 ,   , Plain , Trắng 
1304,Princess, 4.5 , 13.64 , 11.40 ,   , Plain , Trắng 
1305,Princess, 5.0 , 16.42 , 13.72 ,   , Plain , Trắng 
1306,Princess, 4.5 , 11.58 , 9.68 ,   , Plain , Trắng 
1307,Princess, 4.5 , 19.89 , 16.63 ,   , Plain , Trắng 
1308,Princess, 6.0 , 12.37 , 10.34 ,   , Plain , Trắng 
1309,,   , 15.36 , 12.84 ,   , Pattern , Trắng 
1310,,   , 17.74 , 14.83 ,   , Pattern , Trắng 
1311,,   , 16.46 , 13.76 ,   , Pattern , Trắng 
1312,Princess, 5.4 , 13.38 , 11.18 ,   , Plain , Trắng 
1313,Princess, 4.1 , 12.77 , 10.67 ,   , Plain , Trắng 
1314,Emerald, 8.0 , 17.13 , 14.32 ,   , Plain , Trắng 
1315,Emerald, 6.3 , 14.42 , 12.05 ,   , Plain , Trắng 
1316,Emerald, 8.0 , 11.39 , 9.52 ,   , Plain , Trắng 
1317,Emerald, 8.0 , 17.40 , 14.55 ,   , Plain , Trắng 
1318,Emerald, 6.5 , 11.54 , 9.65 ,   , Plain , Trắng 
1319,Emerald, 8.0 , 15.07 , 12.60 ,   , Pattern , Trắng 
1320,Emerald, 8.0 , 16.93 , 14.15 ,   , Pattern , Trắng 
1321,Emerald, 5.4 , 13.84 , 11.56 ,   , Plain , Trắng 
1322,Oval, 7.0 , 11.69 , 9.77 ,   , Plain , Trắng 
1323,Oval, 8.0 , 9.95 , 8.31 ,   , Plain , Trắng 
1324,Oval, 8.0 , 13.55 , 11.32 ,   , Plain , Trắng 
1325,Oval, 8.0 , 10.53 , 8.80 ,   , Plain , Trắng 
1326,Cushion, 7.5 , 16.30 , 13.62 ,   , Plain , Trắng 
1327,,   , 9.32 , 7.79 ,   , Pattern , Trắng 
1328,,   , 9.32 , 7.79 ,   , Pattern , Trắng-Vàng 
1329,,   , 16.29 , 13.61 ,   , Pattern , Hồng 
1330,,   , 10.53 , 8.80 ,   , Plain , Trắng 
1331,,   , 6.53 , 5.46 ,   , Plain , Trắng 
1332,,   , 11.20 , 9.36 ,   , Pattern , Trắng-Hồng 
1333,,   , 10.96 , 9.16 ,   , Plain , Trắng 
1334,,   , 15.00 , 12.54 ,   , Plain , Trắng-Hồng 
1335,,   , 14.30 , 11.95 ,   , Pattern , Trắng-Vàng 
1336,,   , 11.62 , 9.71 ,   , Plain , Trắng 
1337,,   , 10.62 , 8.88 ,   , Plain , Trắng 
1338,,   , 10.62 , 8.88 ,   , Plain , Trắng 
1339,,   , 8.02 , 6.71 ,   , Plain , Trắng 
1340,,   , 12.49 , 10.44 ,   , Pattern , Trắng-Vàng 
1341,,   , 8.40 , 7.02 ,   , Pattern , Trắng 
1342,,   , 12.41 , 10.38 ,   , Pattern , Trắng 
1343,,   , 10.61 , 8.87 ,   , Pattern , Trắng 
1344,,   , 10.61 , 8.87 ,   , Pattern , Trắng 
1345,,   , 23.32 , 19.49 ,   , Pattern , Trắng 
1346,,   , 12.75 , 10.65 ,   , Pattern , Vàng 
1347,,   , 11.63 , 10.85 ,   , Pattern , Trắng-Vàng 
1348,Round, 6.1 , 12.98 , 12.10 ,   , Plain , -   
1349,Round, 6.3 , 11.82 , 11.02 ,   , Plain , -   
1350,Princess, 7.2 , 14.08 , 13.13 ,   , Plain , -   
1351,Round, 7.1 , 10.88 , 10.14 ,   , Plain , -   
1352,Round, 6.3 , 9.95 , 9.28 ,   , Pattern , -   
1353,Round, 4.1 , 15.78 , 14.71 ,   , Pattern , -   
1354,Emerald, 8.0*6.0 , 13.91 , 12.98 ,   , Pattern , -   
1355,Emerald, 9.1*7.2 , 12.42 , 11.59 ,   , Plain , -   
1356,Oval, 11.8*9.0 , 14.97 , 13.96 ,   , Plain , -   
1357,Oval, 9.0*7.0 , 11.67 , 10.88 ,   , Plain , -   
1358,,   , 1.53 , 1.41 ,   , Plain , Trắng 
1359,,   , 1.47 , 1.35 ,   , Plain , Trắng 
1360,,   , 1.29 , 1.19 ,   , Plain , Trắng 
1361,,   , 1.58 , 1.47 ,   , Plain , Trắng 
1362,,   , 1.67 , 1.56 ,   , Plain , Trắng 
1363,,   , 1.33 , 1.24 ,   , Plain , Trắng 
1364,,   , 2.12 , 1.98 ,   , Pattern , Vàng 
1365,,   , 1.75 , 1.63 ,   , Pattern , Vàng 
1366,,   , 2.09 , 1.95 ,   , Pattern , Trắng 
1367,,   , 1.42 , 1.32 ,   , Pattern , Vàng 
1368,,   , 2.34 , 2.19 ,   , Pattern , Vàng 
1369,,   , 1.20 , 1.12 ,   , Pattern , Trắng 
1370,,   , 1.89 , 1.76 ,   , Pattern , Vàng 
1371,,   , 1.53 , 1.43 ,   , Plain , Trắng 
1372,,   , 1.08 , 1.01 ,   , Pattern , Vàng 
1373,,   , 1.84 , 1.69 , 2.43 , Pattern , Vàng 
1374,,   , 1.54 , 1.42 , 2.04 , Pattern , Vàng 
1375,,   , 3.82 , 3.08 , 5.05 , Pattern , Vàng 
1376,,   , 4.22 , 3.88 , 5.58 , Pattern , Vàng 
1377,,   , 1.49 , 1.37 , 1.97 , Pattern , Vàng 
1378,,   , 2.27 , 2.08 , 2.99 , Pattern , Vàng 
1379,,   , 2.68 , 2.46 , 3.53 , Pattern , Vàng 
1380,,   , 2.27 , 2.12 ,   , Plain , Vàng 
1381,,   , 2.27 , 2.11 ,   , Plain , Vàng 
1382,,   , 2.37 , 2.21 ,   , Plain , Vàng 
1383,,   , 2.47 , 2.30 ,   , Plain , Vàng 
1384,,   , 2.74 , 2.55 ,   , Plain , Vàng 
1385,,   , 2.70 , 2.52 ,   , Plain , Vàng 
1386,,   , 2.80 , 2.61 ,   , Plain , Vàng 
1387,,   , 2.90 , 2.70 ,   , Plain , Vàng 
1388,,   , 2.36 , 2.20 , n , Plain , Vàng 
1389,,   , 2.40 , 2.23 ,   , Plain , Vàng 
1390,,   , 2.49 , 2.32 ,   , Plain , Vàng 
1391,,   , 2.56 , 2.39 ,   , Plain , Vàng 
1392,,, 2.23 , 1.86 ,, Plain , Vàng 
1393,,, 2.30 , 1.92 ,, Plain , Vàng 
1394,Round, 8.5 , 112.71 , 105.11 ,   , Plain , Trắng 
1395,Round, 8.5 , 4.87 , 4.54 ,   , Plain , Trắng 
1396,,   , 38.42 , 35.83 ,   , Plain , Trắng 
1397,,   , 52.34 , 48.80 ,   , Plain , Trắng 
1398,,   , 5.88 , 5.40 ,   , Plain , Trắng 
1399,,   , 1.32 , 1.21 , 1.74 , Pattern , Vàng 
1400,,   , 3.08 , 2.83 , 4.07 , Pattern , Vàng 
1401,,   , 3.16 , 2.90 , 4.17 , Pattern , Vàng 
1402,,,,,,, Vàng 
1403,,,,,,, Vàng 
1404,,   , 5.26 , 4.91 ,   , Plain , Trắng 
1405,Round, 5.4 , 16.46 , 15.35 ,   , Plain , Trắng 
1406,,   , 11.39 , 10.62 ,   , Plain , Trắng 
1407,,   , 5.34 , 4.98 ,   , Plain , Trắng 
1408,,   , 10.98 , 10.24 ,   , Plain , Trắng 
1409,,   , 16.10 , 15.02 ,   , Plain , Trắng 
1410,Cushion, 4.0*4.0 , 11.32 , 10.56 ,   , Plain , Trắng 
1411,,   , 14.64 , 13.65 ,   , Plain , Trắng 
1412,,   , 7.15 , 6.67 ,   , Plain , Trắng 
1413,,   , 8.59 , 8.01 ,   , Plain , Trắng 
1414,,   , 15.67 , 14.61 ,   , Plain , Trắng 
1415,,   , 12.76 , 11.90 ,   , Plain , Trắng 
1416,,   , 21.56 , 20.11 ,   , Plain , Trắng 
1417,,   , 26.84 , 25.03 ,   , Plain , Trắng 
1418,,   , 20.78 , 19.08 ,   , Plain , Trắng 
1419,,   , 14.00 , 12.86 ,   , Plain , Trắng 
1420,,   , 16.99 , 15.85 ,   , Plain , Trắng 
1421,,   , 11.92 , 11.11 ,   , Plain , Trắng 
1422,,   , 7.18 , 6.76 ,   , Plain , Trắng 
1423,, 4.5 , 1.49 , 1.39 ,   , Plain , Trắng 
1424,,   , 2.81 , 2.58 ,   , Plain , Trắng 
1425,,   , 1.30 , 1.21 ,   , Plain , Trắng 
1426,,   , 1.45 , 1.35 ,   , Plain , Trắng 
1427,,   , 1.53 , 1.42 ,   , Pattern , Trắng 
1428,,   , 22.31 , 20.81 ,   , Plain , Trắng 
1429,,   , 24.88 , 23.20 ,   , Plain , Trắng 
1430,Round, 4.5 , 20.20 , 18.84 ,   , Plain , Trắng 
1431,,   , 22.81 , 21.27 ,   , Plain , Trắng 
1432,,   , 14.93 , 13.93 ,   , Plain , Trắng 
1433,,   , 15.83 , 14.76 ,   , Plain , Trắng 
1434,,   , 0.45 , 0.42 ,   , Plain , Vàng 
1435,,   , 1.09 , 1.00 , 1.44 , Plain , Trắng 
1436,Round, 8.5 , 28.59 , 26.66 ,   , Plain , Trắng-Vàng 
1437,Round, 8.5 , 31.56 , 29.43 ,   , Plain , Trắng-Vàng 
1438,,   , 18.63 , 17.37 ,   , Plain , Trắng 
1439,,   , 18.63 , 17.37 ,   , Plain , Trắng 
1440,,,,,,, -   
1441,,,,,,, -   
1442,,,,,,, -   
1443,,,,,,, -   
1444,,, 1.46 , 1.22 ,, Pattern , Trắng 
1445,,, 1.90 , 1.59 ,, Plain , Trắng 
1446,,, 2.04 , 1.71 ,, Plain , Vàng 
1447,,, 2.44 , 2.04 ,, Pattern , Vàng 
1448,,, 1.76 , 1.47 ,, Pattern , Vàng 
1449,,, 1.87 , 1.56 ,, Pattern , Vàng 
1450,,, 1.89 , 1.58 ,, Pattern , Trắng 
1451,,, 1.91 , 1.60 ,, Pattern , Trắng 
1452,,, 2.01 , 1.68 ,, Pattern , Vàng 
1453,,, 1.89 , 1.58 ,, Plain , Vàng 
1454,,, 1.94 , 1.62 ,, Plain , Trắng 
1455,,, 2.38 , 1.99 ,, Plain , Trắng 
1456,,, 2.22 , 1.86 ,, Plain , Trắng 
1457,,, 2.13 , 1.78 ,, Plain , Trắng 
1458,,, 2.46 , 2.06 ,, Plain , Trắng 
1459,,, 3.06 , 2.56 ,, Plain , Trắng 
1460,,, 1.91 , 1.59 ,, Plain , Trắng 
1461,,, 2.92 , 2.44 ,, Plain , Trắng 
1462,,, 1.64 , 1.37 ,, Plain , Trắng 
1463,,, 2.25 , 1.88 ,, Plain , Trắng 
1464,,, 1.96 , 1.64 ,, Plain , Vàng 
1465,,, 2.18 , 1.82 ,, Plain , Vàng 
1466,,, 1.75 , 1.47 ,, Pattern , Vàng 
1467,,, 2.44 , 2.04 ,, Pattern , Vàng 
1468,Round, 4.5 , 2.03 , 1.70 ,, Plain , Trắng 
1469,,, 2.11 , 1.77 ,, Plain , Trắng 
1470,,, 2.41 , 2.02 ,, Plain , Trắng 
1471,,, 3.10 , 2.59 ,, Plain , Trắng 
1472,,, 2.22 , 1.85 ,, Plain , Trắng 
1473,,, 2.08 , 1.74 ,, Plain , Trắng 
1474,,,,,,, Trắng 
1475,,,,,,, Vàng 
1476,,,,,,, Vàng 
1477,,,,,,, Trắng 
1478,,,,,,, Vàng 
1479,,,,,,, Trắng 
1480,,,,,,, Trắng 
1481,,,,,,, Trắng 
1482,,,,,,, Trắng 
1483,,,,,,, Trắng 
1484,,,,,,, Vàng 
1485,,,,,,, Vàng 
1486,,,,,,, Trắng 
1487,,,,,,, Trắng 
1488,,,,,,, Trắng 
1489,,, 2.32 , 1.94 , 3.11 , Plain , Trắng 
1490,,, 3.00 , 2.50 , 4.02 , Plain , Trắng 
1491,,, 2.33 , 1.95 , 3.13 , Plain , Vàng 
1492,,, 2.77 , 2.32 , 3.72 , Plain , Vàng 
1493,,, 2.62 , 2.19 , 3.41 , Plain , Trắng 
1494,,, 2.94 , 2.46 , 3.94 , Plain , Trắng 
1495,,, 2.38 , 1.99 , 3.20 , Plain , Trắng 
1496,,, 2.73 , 2.29 , 3.67 , Plain , Trắng 
1497,,, 2.25 , 1.88 , 3.02 , Plain , Trắng 
1498,,, 3.13 , 2.62 , 4.20 , Plain , Trắng 
1499,,, 2.26 , 1.89 , 3.04 , Plain , Hồng 
1500,,, 2.77 , 2.32 , 3.72 , Plain , Hồng 
1501,,, 1.73 , 1.45 , 2.32 , Plain , Hồng 
1502,,, 2.61 , 2.18 , 3.50 , Plain , Hồng 
1503,,, 2.06 , 1.72 , 2.76 , Plain , Trắng 
1504,,, 2.47 , 2.07 , 3.32 , Plain , Trắng 
1505,,, 2.07 , 1.73 , 2.77 , Plain , Vàng 
1506,,, 2.70 , 2.26 , 3.63 , Plain , Vàng 
1507,,, 1.74 , 1.45 , 2.33 , Plain , Hồng 
1508,,, 2.40 , 2.00 , 3.21 , Plain , Hồng 
1509,,, 1.93 , 1.62 , 2.59 , Plain , Trắng 
1510,,, 2.53 , 2.11 , 3.39 , Plain , Trắng 
1511,,, 1.40 , 1.17 , 1.88 , Plain , Vàng 
1512,,, 1.94 , 1.63 , 2.61 , Plain , Vàng 
1513,,, 2.57 , 2.15 , 3.45 , Pattern , Trắng 
1514,,, 2.33 , 1.95 , 3.13 , Pattern , Trắng 
1515,,, 2.07 , 1.73 , 2.78 , Pattern , Vàng 
1516,,, 2.59 , 2.16 , 3.47 , Pattern , Vàng 
1517,,, 1.76 , 1.47 , 2.36 , Pattern , Trắng 
1518,,, 2.00 , 1.67 , 2.68 , Pattern , Trắng 
1519,,, 2.10 , 1.75 , 2.81 , Plain , Trắng 
1520,,, 2.72 , 2.28 , 3.65 , Plain , Trắng 
1521,,, 2.27 , 1.90 , 3.05 , Plain , Trắng 
1522,,, 2.77 , 2.32 , 3.72 , Plain , Trắng 
1523,,, 3.20 , 2.68 , 4.29 , Plain , Trắng 
1524,,, 3.68 , 3.07 , 4.93 , Plain , Trắng 
1525,,, 2.34 , 1.96 , 3.14 , Pattern , Vàng 
1526,,, 3.25 , 2.72 , 4.36 , Pattern , Vàng 
1527,,, 2.05 , 1.71 , 2.75 , Pattern , Trắng 
1528,,, 2.72 , 2.27 , 3.64 , Pattern , Trắng 
1529,,, 2.25 , 1.88 , 3.01 , Plain , Trắng 
1530,,, 2.69 , 2.25 , 3.61 , Plain , Trắng 
1531,,, 2.13 , 1.78 , 2.86 , Pattern , Vàng 
1532,,, 2.73 , 2.28 , 3.66 , Pattern , Vàng 
1533,,, 2.89 , 2.41 , 3.87 , Pattern , Trắng 
1534,,, 3.40 , 2.84 , 4.56 , Plain , Trắng 
1535,,, 2.20 , 1.84 , 2.95 , Pattern , Trắng 
1536,,, 3.34 , 2.79 , 4.47 , Pattern , Trắng 
1537,,,,,,, Hồng 
1538,,,,,,, Vàng 
1539,,,,,,, Hồng 
1540,,,,,,, Trắng 
1541,,,,,,, Trắng 
1542,,,,,,, Vàng 
1543,,,,,,, Trắng 
1544,,,,,,, Trắng 
1545,,,,,,, Hồng 
1546,,,,,,, Trắng 
1547,,,,,,, Trắng 
1548,,,,,,, Vàng 
1549,,,,,,, Trắng 
1550,,,,,,, Trắng 
1551,,,,,,, Trắng 
1552,,,,,,, Trắng 
1553,,,,,,, Trắng 
1554,,,,,,, Trắng 
1555,,,,,,, Vàng 
1556,,,,,,, Trắng 
1557,,,,,,, Trắng 
1558,,,,,,, Vàng 
1559,,,,,,, Trắng 
1560,,,,,,, Vàng 
1561,,,,,,,
1562,,,,,,,
1563,,,,,,,
1564,,,,,,,
