id,design_code,name,category,diameter,ring_size,main_gemstone_shape,main_gemstone_size,gold_18k_weight,gold_14k_weight,plat_900_weight,plain_or_pattern,diamond_weight,cz_weight
1,BTA0007,SICULA,BTA,,,Heart,5.0*6.0,2.68,2.46,,Pattern,,
2,BTA0008,SICULA,BTA,,,,,3.03,2.83,,Plain,0.16,
3,BTA0009,SICULA,BTA,,,,,2.85,2.66,,Plain,0.21,
4,BTA0010,SICULA,BTA,,,,,3.77,3.52,,Pattern,0.08,
5,BTA0018,SICULA,BTA,,,,,1.65,1.51,,Plain,0.03,
6,BTA0019,LIZZIE LADIES MIDI COLLECTION,BTA,,,,,1.65,1.52,,Plain,0.03,
,BTA0020,,BTA,,,,,,,,,,
,BTA0021,,BTA,,,,,,,,,,
7,BTA1101,,BTA,,,Round,4.5,1.52,1.42,,Plain,0,0
8,BTA1102,,BTA,,,Round,4.5,1.51,1.42,,Plain,0,0
9,BTA1103,,BTA,,,Round,4.5,1.51,1.41,,Plain,0,0
10,BTA1104,,BTA,,,Round,5.4,1.83,1.71,,Plain,0,0
11,BTA1105,,BTA,,,Round,4.5,2.84,2.65,,Plain,0,0
12,BTA1106,,BTA,,,Round,3.6,2.81,2.62,,Plain,0,0
13,BTA1107,,BTA,,,Round,4.5,4.03,3.37,,Plain,0.29,
14,BTA1108,,BTA,,,Round,4.5,2.83,2.64,,Plain,0.016,
15,BTA1109,,BTA,,,Round,3.6,1.04,0.97,,Plain,0,0
16,BTA1110,,BTA,,,Round,3.6,4.45,4.15,,Pattern,0,0
17,BTA1111,,BTA,,,Round,3.6,1.45,1.35,,Plain,0,0
18,BTA1112,,BTA,,,Heart,5,1.91,1.78,,Plain,0,0
19,BTA1113,,BTA,,,Round,3.6,2.37,2.21,,Pattern,0,0
20,BTA1114,,BTA,,,,,3.4,3.17,,Plain,0.14,
21,BTA2101,,BTA,,,Round,4.1,2.42,2.02,,Plain,0.3,
22,BTA2102,,BTA,,,Round,4.1,2.42,2.25,,Plain,0.33,
23,BTA2103,,BTA,,,Round,3.6,2.96,2.48,,Plain,0.3,
24,BTA2104,,BTA,,,Round,4.1,3.45,3.21,,Plain,0.3,
25,BTA2105,,BTA,,,Round,4.1,3.81,3.18,,Plain,0.29,
26,BTA2106,,BTA,,,Round,4.1,3.06,2.56,,Plain,0.25,
27,BTA2107,,BTA,,,Round,4.1,2.35,1.96,,Plain,0.3,
28,BTA2108,,BTA,,,Round,5.4,3.43,2.87,,Plain,0.35,
29,BTA2109,,BTA,,,Round,5.4,3.44,2.87,,Plain,0.66,
30,BTA2110,,BTA,,,Round,4.5,3.95,3.68,,Plain,0.15,
31,BTA2111,,BTA,,,Round,3.6,7.83,7.3,,Pattern,0.19,
32,BTA2112,,BTA,,,Emerald,5.4,3.41,3.18,,Plain,0.18,
33,BTA2113,,BTA,,,Emerald,5.4,4.71,4.39,,Plain,0.42,
34,BTA2114,,BTA,,,Emerald,5.4,6.24,5.82,,Pattern,0.28,
35,BTA2115,,BTA,,,,,4.13,3.85,,Pattern,0.75,
36,BTA2116,,BTA,,,,,5.41,4.52,,Plain,1.7,
37,BTA2117,,BTA,,,Round,5,6.22,5.8,,Plain,0.64,
38,BTA2118,,BTA,,,Round,4.5,7.16,6.68,,Plain,0.4,
39,BTA2119,,BTA,,,Round,4.5,5.7,5.32,,Plain,0.62,
40,BTA2120,,BTA,,,Round,5.4,6.28,5.85,,Plain,0.343,
41,BTA2121,,BTA,,,Round,4.1,4.64,4.33,,Plain,0.2,
42,BTA2122,,BTA,,,Round,4.5,4.69,4.37,,Plain,0.244,
43,BTA2123,,BTA,,,Round,4.6,4.76,4.44,,Plain,0.2,
44,BTA2124,,BTA,,,Round,4.1,2.85,2.66,,Plain,0.1,
45,BTA2125,,BTA,,,Round,3.6,6.17,5.75,,Plain,0.28,
46,BTA2126,,BTA,,,Round,3.6,3.03,2.82,,Plain,0.33,
47,BTA2127,,BTA,,,Round,4.5,2.62,2.44,,Plain,0.13,
48,BTA2128,,BTA,,,Round,4.5,3.64,3.39,,Plain,0.09,
49,BTA2130,,BTA,,,Round,5.2,4.11,3.83,,Plain,0.078,
50,BTA2131,,BTA,,,Round,4.5,4.55,3.8,,Plain,0.43,
51,BTA2132,,BTA,,,Round,4.6,4.94,4.6,,Plain,0.63,
52,BTA2134,,BTA,,,Round,4.5,3.48,3.24,,Plain,0.23,
53,BTA2135,,BTA,,,Round,4.5,4.15,3.87,,Pattern,0.24,
54,BTA2136,,BTA,,,Cushion,4.5,4.92,4.59,,Plain,0.96,
55,BTA2137,,BTA,,,Round,3.6,7.67,7.15,,Plain,1.56,
56,BTA2138,,BTA,,,Round,3.6,5.48,5.11,,Pattern,0.36,
57,BTA2139,,BTA,,,Round,3.6,5.63,5.25,,Pattern,0.43,
58,BTA2140,,BTA,,,,,6.83,6.37,,Plain,1.37,
59,BTA2141,,BTA,,,Round,3.6,5.53,5.16,,Pattern,0.19,
60,BTA2142,,BTA,,,Round,4.6,4.14,3.86,,Plain,0.3,
61,BTA2143,,BTA,,,Round,4.5,6.58,6.13,,Plain,0.306,
62,BTA2144,,BTA,,,Round,4.5,3.66,3.42,,Pattern,0.6,
63,BTA2145,,BTA,,,,,5.27,4.91,,Plain,0.91,
64,BTA2146,,BTA,,,Emerald,4.5,3.86,3.6,,Plain,0.28,
65,BTA2147,,BTA,,,Round,5,4.31,4.02,,Plain,0.31,
66,BTA2148,,BTA,,,Round,4.5,6.09,5.68,,Plain,0.42,
67,BTA2149,,BTA,,,Round,5.2,5.17,4.82,,Pattern,0.61,
68,BTA2150,,BTA,,,Round,4.6,4.7,4.38,,Plain,0.31,
69,BTA2151,,BTA,,,Round,5.2,5.18,4.83,,Plain,0.61,
70,BTA2152,,BTA,,,Round,4.1,2.57,2.4,,Plain,0.18,
71,BTA2153,,BTA,,,Round,4.5,2.37,2.21,,Plain,0.22,
72,BTA2154,,BTA,,,Round,5.4,4.25,3.96,,Pattern,0.22,
73,BTA2155,,BTA,,,Cushion,4.5,2.02,1.69,,Plain,0.51,
74,BTA2156,,BTA,,,Round,4.5,3.46,2.92,,Plain,0.23,
75,BTA2157,,BTA,,,Cushion,3.6,2.02,1.69,,Plain,0.33,
76,BTA2158,,BTA,,,Cushion,4,3.93,3.66,,Plain,0.63,
77,BTA2159,,BTA,,,Round,5.4,4.25,3.96,,Pattern,0.22,
78,BTA2161,,BTA,,,Round,,3.2,2.98,,Plain,0.4,
79,BTA3101,,BTA,,,,,2.28,2.1,,Plain,0.3,
80,BTA3102,,BTA,,,,,2.89,2.65,,Plain,1.13,
81,BTA3104,,BTA,,,,,4.9,4.1,,Plain,0.23,
82,BTA3105,,BTA,,,,,2.73,2.51,,Plain,1.13,
83,BTA3106,,BTA,,,,,7.51,7,,Plain,0.32,
84,BTA3107,,BTA,,,,,2.52,2.35,,Plain,0.92,
85,BTA3108,,BTA,,,,,4.42,4.12,,Pattern,0.12,
86,BTA3109,,BTA,,,,,3.27,3.04,,Plain,0.27,
87,BTA3110,,BTA,,,Round,3.6,4.34,4.05,,Plain,0.21,
88,BTA3111,,BTA,,,Round,3.6,2.7,2.26,,Plain,0.06,
89,BTA3122,,BTA,,,Round,4.5,7.15,6.67,,Plain,1.08,
90,BTA4101,,BTA,,,Round,4.5,2.73,2.51,,Plain,,
91,BTA4102,,BTA,,,Round,4.5,2.16,1.81,,Plain,0.1,
92,BTA4103,,BTA,,,Round,4.5,3.19,2.66,,Pattern,0.27,
93,BTA4104,,BTA,,,Round,5.4,3.52,3.23,,Plain,0.225,
94,BTA4105,,BTA,,,Round,4.1,3.16,2.9,,Plain,0.41,
95,BTA4106,,BTA,,,Round,4.5,2.98,2.74,,Plain,0.19,
96,BTA4107,,BTA,,,Pear,8.0*5.0,3.43,2.87,,Plain,0.38,
97,BTA4111,,BTA,,,,,4.48,3.75,,Plain,0.18,
98,BTA4112,,BTA,,,,,3.32,3.06,,Plain,0.7,
99,BTA4114,,BTA,,,Round,6.3,2.98,2.78,,Plain,0.26,
100,BTA4115,,BTA,,,Round,3.6,4.53,4.22,,Plain,0.46,
101,BTA4116,,BTA,,,Round,4.5,1.86,1.73,,Plain,0.15,
102,BTA4117,,BTA,,,Pear,6.6,6.06,5.06,,Plain,0.51,
103,BTA4119,,BTA,,,Pear,4.5,5.66,5.28,,Plain,1.32,
104,BTA4121,,BTA,,,Round,4.1,4.11,3.44,,Plain,0.5,
105,BTA4122,,BTA,,,,,4.34,4.05,,Plain,1.09,
106,BTA4123,,BTA,,,N/A,5,2.88,2.4,,Pattern,0.35,
107,BTA4124,,BTA,,,Round,3.6,5.27,4.91,,Pattern,0.4,
108,BTA4125,,BTA,,,,,3.67,3.43,,Plain,1.65,
109,BTA4126,,BTA,,,Round,5,4.02,3.75,,Plain,0.44,
110,BTA4127,,BTA,,,Round,4.1,3.53,3.29,,Plain,0.19,
111,BTA4128,,BTA,,,Oval,8.0*6.0,4.56,4.26,,Pattern,0.93,
112,BTA4131,,BTA,,,Emerald,4.5*3.5,4.15,3.81,,Pattern,0.22,
113,BTA4132,,BTA,,,,,2.83,2.64,,Pattern,0.33,
114,BTA5101,,BTA,,,,,4.42,4.13,,Pattern,0.32,
115,BTA7001,,BTA,,,Princess,4.5,10.62,9.91,,Plain,0.09,
116,BTA7002,,BTA,,,,,7.45,6.95,,Plain,2.03,
117,BTA7003,,BTA,,,,,5.72,5.34,,Plain,0.2,
118,BTA7004,,BTA,,,,,3.09,2.88,,Plain,0.5,
119,BTA7005,,BTA,,,Round,3.6,3.14,2.93,,Plain,,
120,BTA7006,,BTA,,,Round,3.6,2.24,2.09,,Plain,0.13,
121,BTA7007,,BTA,,,Princess,4.5,4.38,4.08,,Plain,,
122,BTA7008,,BTA,,,,,4.71,4.39,,Pattern,0.21,
123,BTA7009,,BTA,,,,,3.98,3.71,,Plain,0.78,
124,BTA7010,,BTA,,,,,4.6,4.29,,Plain,0.4,
125,BTA7011,,BTA,,,,,4.55,4.25,,Plain,0.14,
126,BTA8101,,BTA,,,,,2.47,2.3,,Plain,0.61,
127,BTA8102,,BTA,,,,,3.55,3.31,,Plain,0.82,
128,BTA8103,,BTA,,,,,4.39,3.67,,Pattern,0.3,
129,BTA8104,,BTA,,,,,2.32,2.16,,Plain,0.3,
130,BTA8105,,BTA,,,,,5.35,4.99,,Plain,0.35,
131,BTA8106,,BTA,,,,,3.85,3.21,,Plain,0.21,
132,BTA8107,,BTA,,,,,3.54,3.3,,Plain,0.37,
133,BTA8108,,BTA,,,Round,5.4,4.19,3.91,,Plain,0.081,
134,BTA8109,,BTA,,,Round,4.7,2.87,2.68,,Plain,,
135,BTA8110,,BTA,,,Round,4.1,3.6,3.01,,Plain,0.69,
136,BTA8111,,BTA,,,Heart,5.4,2,1.86,,Plain,0.184,
137,BTA8112,,BTA,,,Round,4.5,7.68,7.16,,Pattern,0.69,
138,BTA8113,,BTA,,,,,3.07,2.86,,Plain,0.62,
139,BTA8114,,BTA,,,Round,4.5,3.57,3.33,,Plain,0.178,
140,BTA8115,,BTA,,,Princess,3.6,4.65,4.34,,Plain,0.166,
141,BTA8116,,BTA,,,N/A,6,4.53,4.22,,Plain,0.67,
142,BTA8117,,BTA,,,,,3.82,3.57,,Pattern,0.3,
143,BTA8118,,BTA,,,Round,3.6,3.37,3.14,,Pattern,0.15,
144,BTA8122,,BTA,,,,,7.34,6.84,,Pattern,0.39,
145,BTA8124,,BTA,,,,,3.98,3.72,,Plain,0.3,
146,BTA8125,,BTA,,,,,9.75,9.09,,Plain,0.87,
147,BTA8126,,BTA,,,,,5.77,5.38,,Plain,0.66,
148,BTA8127,,BTA,,,Round,6,4.88,4.08,,Plain,0.15,
149,BTA8128,,BTA,,,,,11.07,10.33,,Plain,1.44,
150,BTA8130,,BTA,,,Princess,4.1,4.34,4.04,,Plain,0.72,
151,BTA8131,,BTA,,,Round,5.4,4.3,4.01,,Pattern,0.18,
152,BTA8132,,BTA,,,Round,5.4,5.46,5.1,,Pattern,0.41,
153,BTA8133,,BTA,,,Round,5.4,7.03,6.55,,Plain,0.45,
154,BTA8134,,BTA,,,Round,3.6,4.8,4.74,,Pattern,0.62,
155,BTA8135,,BTA,,,Round,4.1,4.19,3.91,,Plain,0.184,
156,BTA8136,,BTA,,,Oval,7.0*5.0,4.04,3.77,,Plain,0.8,
157,BTA8137,,BTA,,,Round,4.1,5.17,4.82,,Plain,0.43,
158,BTA8138,,BTA,,,Round,3.6,3.06,2.86,,Plain,0.51,
159,BTA8139,,BTA,,,Pear,6.0*4.0,3.06,2.86,,Plain,0.16,
160,BTA8140,,BTA,,,Emerald,6.0*4.0,5.24,4.89,,Plain,0.59,
161,BTA8141,,BTA,,,Emerald,6.5*4.5,4.69,3.92,,Plain,0.66,
162,BTA8142,,BTA,,,Cushion,5.5,4.99,4.17,,Plain,0.4,
163,BTA8143,,BTA,,,Pear,6.0*4.0,3.33,2.78,,Pattern,0.57,
164,BTA8144,,BTA,,,Heart,3.5,1.13,1.05,,Plain,0.14,
165,BTA8145,,BTA,,,Round,,3.4,3.17,,Plain,0.18,
166,BTA8146,,BTA,,,Round,,6.5,6.06,,Plain,0.23,
,BTA8147,,BTA,,,,,,,,,,
,BTA8148,,BTA,,,,,,,,,,
,BTA8149,,BTA,,,,,,,,,,
,BTA8150,,BTA,,,,,,,,,,
,BTA8151,,BTA,,,,,,,,,,
167,BTA9001,,BTA,,,Round,6.8,6.63,6.18,,Plain,2.22,
168,BTA9002,,BTA,,,Round,6.8,7.91,7.38,,Plain,3.56,
169,BTA9003,,BTA,,,Princess,6,6.15,5.73,,Plain,0.58,
170,CTA1377,,NTT,,11,,,2.27,2.12,,Plain,0.022,
171,CTA1377,,NTT,,13,,,2.27,2.11,,Plain,0.02,
172,CTA1377,,NTT,,16,,,2.37,2.21,,Plain,0.02,
173,CTA1377,,NTT,,19,,,2.47,2.3,,Plain,0.02,
174,CTA1379,,NTT,,11,,,2.74,2.55,,Plain,0.022,
175,CTA1379,,NTT,,13,,,2.7,2.52,,Plain,0.02,
176,CTA1379,,NTT,,16,,,2.8,2.61,,Plain,0.02,
177,CTA1379,,NTT,,19,,,2.9,2.7,,Plain,0.02,
178,CTA1382,,NTT,,11,,,2.36,2.2,,Plain,0.022,
179,CTA1382,,NTT,,13,,,2.4,2.23,,Plain,0.02,
180,CTA1382,,NTT,,16,,,2.49,2.32,,Plain,0.02,
181,CTA1382,,NTT,,19,,,2.56,2.39,,Plain,0.02,
182,MDA0007,,MDA,,,,,1.98,1.85,,Plain,0.01,
183,MDA0008,,MDA,,,,,2.78,2.59,,Plain,0.04,
184,MDA0009,SICULA,MDA,,,,,2.79,2.56,,Pattern,0.04,
185,MDA0010,,MDA,,,Round,3.6,1.08,1.01,,Plain,,
186,MDA0010,,MDA,,,Round,5,2.65,2.47,,Plain,,
187,MDA0010,,MDA,,,Round,4.5,2.03,1.89,,Plain,,
188,MDA0011,SICULA,MDA,,,,,3.1,2.89,,Pattern,0.019,
189,MDA0012,,MDA,,,,,2.7,2.52,,Plain,0.01,
190,MDA0015,LIZZIE LADIES MIDI COLLECTION,MDA,,,,,0.11,0.11,,Plain,0.05,
191,MDA0016,LIZZIE LADIES MIDI COLLECTION,MDA,,,,,0.13,0.12,,Plain,0.05,
192,MDA0017,HÀNG THẦN TÀI 2024,,,,,,0.96,0.9,1.3,Pattern,0.01,
193,MDA0020,HÀNG THẦN TÀI 2024,,,,,,1.11,1.02,1.46,Pattern,0.001,
,MDA0024,,MDA,,,,,,,,,,
,MDA0025,,MDA,,,,,,,,,,
194,MDA0101,Charm,Others,,,,,1.04,0.96,,Pattern,0.03,
195,MDA0102,Charm,Others,,,,,1.8,1.65,,Pattern,0.02,
196,MDA0103,Charm,Others,,,,,1.27,1.19,,Plain,,
197,MDA0104,Charm,Others,,,,,3.1,2.89,,Plain,0.03,
,MDA0108,,MDA,,,,,,,,,,
,MDA0109,,MDA,,,,,,,,,,
,MDA0110,,MDA,,,,,,,,,,
198,MDA1101,,MDA,,,Round,4.1,0.27,0.25,,Plain,0,
199,MDA1102,,MDA,,,Round,4.5,0.93,0.86,,Plain,0.02,
200,MDA1104,,MDA,,,Emerald,8.3*6.1,1.65,1.54,,Plain,0,
201,MDA1105,,MDA,,,Heart,"5,49*6,66",0.86,0.79,1.14,Plain,,
202,MDA1106,,MDA,,,Oval,12.0*7.5,1.37,1.28,,Plain,0,
203,MDA1107,,MDA,,,Cushion,6.3*5.1,1.18,1.09,,Plain,0,
204,MDA1108,,MDA,,,Princess,5.5,1.31,1.22,,Plain,0,
205,MDA1109,,MDA,,,Princess,4.1,0.97,0.79,,Plain,0,
206,MDA1110,,MDA,,,Round,4.1,0.58,0.54,,Plain,0,
207,MDA1111,,MDA,,,Round,4.5,0.6,0.55,0.79,Plain,,
208,MDA1112,,MDA,,,Round,4.5,0.72,0.67,,Plain,0.01,
209,MDA1113,,MDA,,,Round,4.5,0.36,0.34,,Plain,,
210,MDA2102,,MDA,,,Round,4.5,1.04,0.95,,Plain,0.19,
211,MDA2103,,MDA,,,Round,4.5,1.16,1.06,,Plain,0.16,
212,MDA2104,,MDA,,,Round,5.4,1.7,1.59,,Plain,0.38,
213,MDA2105,,MDA,,,Round,5.4,1.68,1.57,,Plain,0.13,
214,MDA2106,,MDA,,,Round,5.4,1.42,1.33,,Plain,0.25,
215,MDA2107,,MDA,,,Round,5.4,1.74,1.62,,Plain,0.17,
216,MDA2108,,MDA,,,Round,5,1.63,1.52,,Plain,0.17,
217,MDA2109,,MDA,,,Round,5,2.29,2.13,,Plain,0.31,
218,MDA2110,,MDA,,,Round,5.4,1.83,1.71,,Plain,0.25,
219,MDA2111,,MDA,,,Round,5.4,1.49,1.39,,Plain,0.14,
220,MDA2112,,MDA,,,Round,4.5,1.27,1.19,,Plain,0.23,
221,MDA2114,,MDA,,,Round,5.4,1.41,1.18,,Plain,0.28,
222,MDA2117,,MDA,,,Round,5.4,2.63,2.46,,Plain,0.42,
223,MDA2118,,MDA,,,Round,5,3.94,3.68,,Plain,0.32,
224,MDA2120,,MDA,,,Emerald,6.0*5.0,3.06,2.81,,Pattern,0.26,
225,MDA2121,,MDA,,,Round,7.2,4.31,3.96,,Plain,0.43,
226,MDA2122,,MDA,,,Cushion,5.4,2.02,1.88,,Plain,0.47,
227,MDA2123,,MDA,,,Cushion,5,3.48,3.25,,Plain,1.11,
228,MDA2124,,MDA,,,Cushion,5.4,2.02,1.88,,Plain,0.51,
229,MDA2125,,MDA,,,Round,5.4,1.38,1.28,,Plain,0.159,
230,MDA2126,,MDA,,,,,3.48,3.24,,Plain,0.57,
231,MDA2127,,MDA,,,,,5.14,4.8,,Plain,0.36,
232,MDA2131,,MDA,,,Round,3.6,1.17,1.09,,Plain,0.17,
233,MDA2132,,MDA,,,Round,4.1,1.39,1.28,,Plain,0.11,
234,MDA2133,,MDA,,,Round,5.4,2.23,2.08,,Pattern,0.21,
235,MDA2134,,MDA,,,Round,5.4,1.39,1.3,,Plain,0.18,
236,MDA2135,,MDA,,,Round,4.1,0.54,0.51,,Plain,0.055,
237,MDA2136,,MDA,,,Round,4,1.83,1.7,,Pattern,0.29,
238,MDA2137,,MDA,,,Round,5,2.36,2.2,,Pattern,0.32,
239,MDA3102,,MDA,,,Round,5.5,1.84,1.71,,Plain,0.08,
240,MDA3103,,MDA,,,Round,4.5,2.56,2.39,,Plain,0.21,
241,MDA3105,,MDA,,,Round,4.5,0.7,0.65,,Plain,0.06,
242,MDA4101,,MDA,,,Round,5.4,1.13,1.06,,Plain,0,
243,MDA4102,,MDA,,,Round,3.6,2.66,2.44,,Plain,0.17,
244,MDA4103,,MDA,,,Round,4.5,1.3,1.2,,Plain,0.07,
245,MDA4104,,MDA,,,Round,4.5,0.58,0.53,0.77,Plain,,
246,MDA5101,,MDA,,,Round,3.6,0.75,0.69,,Plain,0,0
247,MDA8110,,MDA,,,Round,4.5,0.99,0.91,,Plain,0.34,
248,MDA8111,,MDA,,,Round,5.3,2.82,2.63,,Plain,0.21,
249,MDA8115,,MDA,,,Pear,8.0*6.0,3.44,2.87,,Pattern,0.6,
250,MDA8116,,MDA,,,Oval,8.0*6.0,2.17,1.81,,Plain,0.78,
251,MDA8117,,MDA,,,Round,6.3,3.55,2.96,,Plain,0.41,
252,MDA8118,,MDA,,,Pear,9*7,2.25,2.07,2.98,Plain,0.2,
253,MDA8119,,MDA,,,Emerald,7.0*5.0,2.72,2.53,,Plain,0.34,
254,MDA8120,,MDA,,,Emerald,7.5*5.5,2.83,2.64,,Plain,0.67,
255,MDA8121,,MDA,,,Cushion,6.5,2.57,2.15,,Plain,0.37,
256,MDA8122,,MDA,,,Round,6.3,3.35,2.8,,Plain,0.88,
257,MDA8123,,MDA,,,Round,4.5,2.65,2.21,,Plain,0.61,
258,MDA8124,,MDA,,,,,5.67,5.29,,Plain,0.24,
259,MDA8125,,MDA,,,Pear,8.0*4.9,2.75,2.7,,Plain,0.37,
260,MDA8126,,MDA,,,Round,4.1,0.88,0.86,,Plain,0.16,
261,MDA8127,,MDA,,,Round,4.5,0.62,0.58,,Plain,0.03,
262,MDA8128,,MDA,,,,,1.6,1.49,,Plain,1.13,
263,MDA8129,,MDA,,,Round,4.5,0.74,0.69,,Plain,0.09,
264,MDA8130,,MDA,,,Round,5.4,1.35,1.26,,Pattern,0.12,
265,MDA8136,,MDA,,,,,2.12,1.77,,Plain,0.015,
266,MDA8137,,MDA,,,,,2.36,2.17,3.11,Plain,0.18,
267,MDA8144,,MDA,,,Heart,5.4,3.94,3.68,,Plain,0.46,
268,MDA8145,LOVE DREAM,MDA,,,,,0.96,0.9,,Plain,0.32,
,MDA8147,,MDA,,,,,,,,,,
,MDA8148,,MDA,,,,,,,,,,
,MDA8149,,MDA,,,,,,,,,,
,MDA8150,,MDA,,,,,,,,,,
,MDA8151,,MDA,,,,,,,,,,
269,NCF0001,,NCM/NCF,,8.5,,,4.63,4.25,6.12,Plain,0.34,
270,NCF0002,,NCM/NCF,,8,,,2.49,2.29,3.29,Pattern,0.29,
271,NCF0003,,NCM/NCF,,8,,,2.83,2.6,3.74,Plain,0.37,
272,NCF0004,,NCM/NCF,,10,,,2.31,2.12,3.05,Pattern,0.19,
273,NCF0005,,NCM/NCF,,11,,,2.41,2.21,3.1,Plain,0.33,
274,NCF0006,,NCM/NCF,,9,,,1.76,1.62,2.33,Plain,0.78,
275,NCF0007,Nhẫn cưới Eternity,NCM/NCF,,15,,,2.19,1.83,,Plain,0.9,
276,NCF0008,,NCM/NCF,,9,,,4.06,3.73,5.36,Pattern,0.28,
277,NCF0009,,NCM/NCF,,9,,,2.24,2.06,2.96,Pattern,0.1,
278,NCF0010,,NCM/NCF,,9,,,2.18,2,2.88,Plain,0.41,
279,NCF0011,Nhẫn cưới Eternity,NCM/NCF,,10,,,2.04,1.7,,Plain,0.39,
280,NCF0012,,NCM/NCF,,5,,,2.81,2.63,,Plain,0.06,
281,NCF0013,,NCM/NCF,,11,,,2.57,2.15,,Pattern,0.72,
282,"NCF0013
",,NCM/NCF,,11,,,2.44,2.24,3.23,Pattern,0.72,
283,NCF0016,,NCM/NCF,,10,,,3.66,3.06,,Plain,0.045,
284,NCF0017,,NCM/NCF,,11,,,2.33,2.14,3.07,Pattern,0.18,
285,NCF0018,,NCM/NCF,,11,,,2.66,2.48,,Pattern,0.1,
286,NCF0022,,NCM/NCF,,11,,,3.11,2.9,,Pattern,0.15,
287,NCF0024,,NCM/NCF,,11,,,2.72,2.28,,Plain,0.19,
288,NCF0027,,NCM/NCF,,10,,,5.56,5.18,,Pattern,0.08,
289,NCF0029,,NCM/NCF,,8.8,,,2.1,1.93,2.77,Plain,0.72,
290,NCF0036,,NCM/NCF,,12,,,3.06,3,,Plain,0.046,
291,NCF0040,,NCM/NCF,,12,,,6.89,6.43,,Pattern,0.73,
292,NCF0041,,NCM/NCF,,10,,,2.97,2.48,,Pattern,0.023,
293,"NCF0041
",,NCM/NCF,,11,,,2.97,2.91,4.19,Pattern,0.02,
294,NCF0042,,NCM/NCF,,12,,,2.74,2.56,,Pattern,0.14,
295,NCF0043,,NCM/NCF,,12,,,5.03,4.69,,Pattern,0.11,
296,NCF0044,,NCM/NCF,,11,,,4.4,4.1,,Pattern,0.03,
297,NCF0045,,NCM/NCF,,11,,,4.58,4.27,,Pattern,0.01,
298,NCF0046,,NCM/NCF,,11,,,4.51,4.21,,Pattern,0.02,
299,NCF0101,,NTT,,10,,,2.05,1.71,,Plain,0.35,
300,NCF0102,,NTT,,11,,,2.86,2.39,,Plain,0.09,
301,NCF0103,,NTT,,10,,,2.13,1.78,,Plain,0.21,
302,NCF0104,,NTT,,10,,,2.35,1.97,,Plain,0.48,
303,NCF0105,,NTT,,12,,,2.13,1.78,,Plain,0.35,
304,NCF0106,,NTT,,13,,,1.92,1.6,,Pattern,0.33,
305,NCF0107,,NTT,,10,,,2.35,1.96,,Plain,0.76,
306,NCF0108,,NTT,,10,,,2.51,2.09,,Plain,0.4,
307,NCF0109,,NTT,,11,,,2.54,2.12,,Plain,0.26,
308,NCF0111,,NTT,,10,,,1.68,1.4,,Plain,0.24,
309,NCF0114,,NTT,,10,,,1.66,1.39,,Plain,0,0
310,NCF0117,,NTT,,10,,,1.52,1.27,,Plain,0.26,
311,NCF0118,,NTT,,12,,,2.62,2.19,,Plain,0.24,
312,NCF0119,,NTT,,10,,,1.37,1.14,,Plain,0.34,
313,NCF0120,,NTT,,12,,,1.63,1.36,,Plain,0.24,
314,NCF0121,,NTT,,10,,,1.76,1.47,,Plain,0.45,
315,NCF0122,,NTT,,10,,,1.87,1.56,,Plain,0.6,
316,NCF0124,,NTT,,10,,,1.6,1.33,,Plain,0,0
317,NCF0125,,NTT,,10,,,4.72,3.94,,Plain,0.5,
318,NCF0126,,NTT,,10,,,2.72,2.27,,Plain,0.36,
319,NCF0127,,NTT,,10,,,1.93,1.61,,Plain,0.39,
320,NCF0128,,NTT,,10,,,1.31,1.1,,Plain,0.23,
321,NCF0129,,NTT,,10,,,0.98,0.82,,Plain,0.21,
322,NCF0131,,NTT,,10,,,1.33,1.11,,Plain,0.25,
323,NCF0132,,NTT,,10,,,1.92,1.61,,Plain,0.49,
324,NCF0133,,NTT,,10,,,3.33,2.79,,Plain,0.32,
325,NCF0134,,NTT,,10,,,2.7,2.26,,Plain,0.23,
326,NCF0135,,NTT,,10,,,2.86,2.39,,Pattern,0.35,
327,NCF0136,,NTT,,10,,,2.47,2.06,,Plain,0.33,
328,NCF0138,,NTT,,10,,,3.6,3.01,,Plain,0.78,
329,NCF0139,,NTT,,10,,,1.89,1.58,,Plain,0,0
330,NCF0140,,NTT,,15,,,2.59,2.16,,Plain,0,0
331,NCF0141,,NTT,,11,,,3.42,3.19,,Plain,0.59,
332,NCF0142,,NTT,,11,,,2.06,1.92,,Plain,0.39,
333,NCF0143,,NTT,,11,,,1.63,1.52,,Plain,0.42,
334,NCF1002,,NCM/NCF,,11,,,2.42,2.22,3.2,Pattern,0.005,
335,NCF1003,,NCM/NCF,,11,,,3.56,3.27,4.7,Pattern,0.005,
336,NCF1004,,NCM/NCF,,11,,,1.83,1.53,,Pattern,0,0
337,NCF1005,,NCM/NCF,,16.5,,,3.27,3.05,,Pattern,,
338,NCF1006,,NCM/NCF,,10.5,,,2.2,1.84,,Pattern,0,0
339,NCF1007,,NCM/NCF,,10,,,5.58,4.66,,Plain,0,0
340,NCF1008,,NCM/NCF,,9,,,3.74,3.12,,Pattern,0,0
341,NCF1009,,NCM/NCF,,8,,,1.97,1.81,2.61,Pattern,,
342,NCF1010,,NCM/NCF,,10,,,2.8,2.34,,Plain,0,0
343,NCF1011,,NCM/NCF,,10.5,,,4.22,3.94,,Pattern,0.03,
344,NCF1012,,NCM/NCF,,11,,,3.66,3.36,4.83,Pattern,0,
345,NCF1013,,NCM/NCF,,10,,,3.06,2.81,4.04,Plain,0.022,
346,NCF1014,,NCM/NCF,,8,,,2.6,2.17,,Plain,0,0
347,NCF1015,,NCM/NCF,,8,,,3.19,2.67,,Pattern,0,0
348,NCF1016,,NCM/NCF,,8,,,3.14,2.62,,Pattern,0,0
349,NCF1017,,NCM/NCF,,8,,,1.67,1.39,,Plain,0,0
350,NCF1018,,NCM/NCF,,9,,,2.45,2.25,3.23,Pattern,0.008,
351,NCF1019,,NCM/NCF,,12,,,3.58,2.99,,Pattern,0,0
352,NCF1020,,NCM/NCF,,8,,,2.57,2.14,,Plain,0.01,
353,NCF1021,,NCM/NCF,,8,,,3.17,2.91,4.18,Pattern,,
354,NCF1022,,NCM/NCF,,8,,,2.99,2.75,3.95,Pattern,0.049,
355,NCF1023,,NCM/NCF,,8,,,2.54,2.12,,Pattern,0,0
356,NCF1024,,NCM/NCF,,10,,,1.99,1.67,,Plain,0.006,
357,NCF1025,,NCM/NCF,,11,,,4.2,3.85,5.54,Pattern,,
358,NCF1027,,NCM/NCF,,11,,,4.95,4.54,6.53,Pattern,0.09,
359,NCF1028,,NCM/NCF,,11,,,2.62,2.19,,Plain,0.02,
360,NCF1033,,NCM/NCF,,9,,,3.18,2.92,4.2,Plain,0.06,
424,NCF2055,,NCM/NCF,,11,,,4.68,4.37,,Pattern,0.18,
425,NCF2058,,NCM/NCF,,11.5,,,5.8,5.49,,Pattern,0.24,
430,NCF2066,,NCM/NCF,,12,,,3.2,3.14,,Pattern,0.01,
431,NCF2070,,NCM/NCF,,12,,,4.55,4.46,,Plain,0.01,
695,NCM0018,,NCM/NCF,,16,,,3.91,3.65,,Pattern,0.12,
696,NCM0022,,NCM/NCF,,16,,,5.65,5.27,,Pattern,0.12,
698,NCM0027,,NCM/NCF,,13,,,6.1,5.69,,Pattern,0.06,
699,NCM0029,,NCM/NCF,,15,,,4.15,3.87,5.56,Plain,0,
369,NCF1044,GOLDEN PROMISE,NCM/NCF,,11,,,3.5,3.16,4.55,Pattern,0.01,
370,NCF1046,GOLDEN PROMISE,NCM/NCF,,11,,,3.73,3.43,4.92,Pattern,0.02,
371,NCF1047,GOLDEN PROMISE,NCM/NCF,,10,,,5.61,4.59,,Pattern,,
372,NCF1048,GOLDEN PROMISE,NCM/NCF,,10,,,5,4.67,6.71,Pattern,,
373,NCF2001,,NCM/NCF,,8,,,3.39,3.11,4.47,Plain,0.018,
374,NCF2002,,NCM/NCF,,9,,,5.19,4.34,,Plain,0.025,
375,NCF2003,,NCM/NCF,,11,,,6.5,5.96,8.58,Plain,0.04,
376,NCF2004,,NCM/NCF,,12,,,3.87,3.24,,Pattern,0.037,
377,NCF2005,,NCM/NCF,,12,,,5.46,5.01,7.2,Plain,0.12,
378,NCF2006,,NCM/NCF,,10,,,4.33,3.62,,Plain,0.11,
379,NCF2007,,NCM/NCF,,11,,,4.14,3.86,5.5,Plain,0.45,
380,NCF2008,,NCM/NCF,,10,,,2.84,2.61,3.75,Plain,0.09,
381,NCF2009,,NCM/NCF,,9.5,,,2.95,2.7,3.89,Plain,0.37,
382,NCF2010,,NCM/NCF,,11,,,3.28,3.01,4.33,Pattern,0.05,
383,NCF2011,,NCM/NCF,,9,,,3.44,3.37,4.84,Plain,0.06,
384,NCF2012,,NCM/NCF,,11,,,4.54,4.17,5.99,Pattern,0.02,
385,NCF2013,,NCM/NCF,,10,,,6.43,5.91,8.49,Plain,0.06,
386,NCF2014,,NCM/NCF,,8,,,6.26,5.75,8.27,Plain,0.1,
387,NCF2015,,NCM/NCF,,9.5,,,4.61,4.23,6.08,Plain,0.25,
388,NCF2016,,NCM/NCF,,10,,,4.31,3.6,,Plain,0.07,
389,NCF2017,,NCM/NCF,,10,,,3.97,3.32,,Pattern,0.25,
390,NCF2018,,NCM/NCF,,8,,,5.01,4.6,6.61,Plain,0.15,
391,NCF2019,,NCM/NCF,,10,,,4.05,3.39,,Plain,0.04,
392,NCF2020,,NCM/NCF,,10,,,4.1,3.42,,Plain,0.03,
393,NCF2021,,NCM/NCF,,10,,,3.69,3.08,,Plain,0.46,
394,NCF2022,,NCM/NCF,,10,,,4.57,3.82,,Plain,0.17,
395,NCF2023,,NCM/NCF,,10,,,3.42,2.86,,Plain,0.03,
396,NCF2024,,NCM/NCF,,10,,,4.49,3.75,,Plain,0.18,
397,NCF2025,,NCM/NCF,,6,,,4.28,3.58,,Pattern,0.032,
398,NCF2026,,NCM/NCF,,10,,,8.4,7.02,,Plain,0.6,
399,NCF2027,,NCM/NCF,,9.5,,,3.75,3.44,4.95,Plain,0.19,
400,NCF2028,,NCM/NCF,,10,,,5.13,4.29,,Plain,0.45,
401,NCF2029,,NCM/NCF,,8,,,4.11,3.77,5.42,Plain,0.1,
402,NCF2030,,NCM/NCF,,10,,,5.6,4.68,,Plain,0.37,
403,NCF2031,,NCM/NCF,,11,,,3.82,3.19,,Plain,0.11,
404,NCF2032,,NCM/NCF,,10,,,4.86,4.06,,Plain,0.06,
405,NCF2033,,NCM/NCF,,8,,,6.36,5.84,8.39,Plain,0.31,
406,NCF2034,,NCM/NCF,,14,,,5.09,4.25,,Plain,0.03,
407,NCF2035,,NCM/NCF,,8,,,2.96,2.71,3.9,Plain,0.02,
408,NCF2036,,NCM/NCF,,14,,,3.96,3.31,,Pattern,0.026,
409,NCF2037,,NCM/NCF,,9,,,3.04,2.79,4.01,Plain,0.03,
410,NCF2038,,NCM/NCF,,8,,,3.38,3.1,4.46,Plain,0.18,
411,NCF2039,,NCM/NCF,,9,,,3.19,2.67,,Plain,0.16,
412,"NCF2039
",,NCM/NCF,,10,,,3.99,3.66,5.27,Plain,0.16,
413,NCF2040,,NCM/NCF,,11,,,6.41,4.85,4.46,Pattern,0.07,
414,NCF2041,,NCM/NCF,,9.5,,,3.23,2.96,4.26,Pattern,0.07,
415,NCF2042,,NCM/NCF,,8,,,3.79,3.17,,Plain,0.176,
416,NCF2043,,NCM/NCF,,10,,,2.43,2.03,,Plain,0.04,
417,NCF2044,,NCM/NCF,,10,,,3.37,2.82,,Pattern,0.049,
418,NCF2045,,NCM/NCF,,10,,,3.93,3.28,,Plain,0.07,
419,NCF2047,,NCM/NCF,,10,,,2.74,2.29,,Plain,0.043,
420,NCF2048,,NCM/NCF,,9,,,4.19,3.5,,Plain,0.018,
421,NCF2049,,NCM/NCF,,10,,,2.53,2.12,,Plain,0.12,
422,NCF2053,,NCM/NCF,,12,,,5.77,5.3,7.61,Pattern,0.53,
423,NCF2054,,NCM/NCF,,10,,,4.21,3.52,,Plain,0.34,
700,NCM0036,,NCM/NCF,,19.5,,,4,3.68,,Pattern,0.15,
701,NCM0040,,NCM/NCF,,19,,,8.23,7.67,,Pattern,0.16,
426,NCF2059,,NCM/NCF,,11,,,3.94,3.62,5.21,Pattern,0.09,
427,NCF2061,,NCM/NCF,,11,,,4.75,3.97,,Plain,0.16,
428,NCF2062,,NCM/NCF,,10,,,3.6,3.31,4.76,Pattern,0.08,
429,NCF2065,,NCM/NCF,,10,,,5.17,4.32,,Pattern,0.015,
798,NCM2055,,NCM/NCF,,16,,,6.4,5.97,,Pattern,0,
799,NCM2058,,NCM/NCF,,14,,,7.6,7.14,,Pattern,0,
432,NCF2071,,NCM/NCF,,12,,,3.17,3.1,,Pattern,0.05,
433,"NCF2071
",,NCM/NCF,,9.8,,,3.32,3.05,4.37,Pattern,0.05,
434,NCF2079,,NCM/NCF,,12,,,6.21,5.79,,Pattern,0.15,
435,NCF2080,,NCM/NCF,,12,,,4.34,3.99,,Pattern,0.02,
436,NCF2081,,NCM/NCF,,11,,,3.8,3.55,,Pattern,0.08,
437,NCF2090,,NCM/NCF,,11,,,5.45,5.08,,Pattern,0.47,
804,NCM2066,,NCM/NCF,,19.5,,,5.75,5.28,,Pattern,0.02,
805,NCM2070,,NCM/NCF,,19.5,,,6.63,6.5,,Plain,0.01,
806,NCM2071,,NCM/NCF,,15,,,5.1,4.68,6.73,Pattern,0.02,
441,NCF3001,,NCM/NCF,,10,,,3.83,3.52,5.05,Plain,0.1,
442,NCF3002,,NCM/NCF,,7,Round,4.1,3.44,2.87,,Plain,0.24,
443,NCF3003,,NCM/NCF,,11,Round,3.6,5.51,4.69,6.74,Plain,0.24,
444,NCF3004,,NCM/NCF,,8,,,5.29,4.86,6.98,Pattern,0.05,
445,NCF3005,,NCM/NCF,,8,Round,4.1,5.42,4.97,7.15,Pattern,0.18,
446,NCF3006,,NCM/NCF,,9,Round,5.4,3.89,3.57,5.13,Plain,0.06,
447,NCF3007,,NCM/NCF,,10,Round,4.5,3.91,3.27,,Plain,0,0
448,NCF3008,,NCM/NCF,,10,,,4.51,3.77,,Pattern,0.17,
449,NCF3009,,NCM/NCF,,10,,,4.83,4.44,6.38,Plain,0.28,
450,NCF3010,,NCM/NCF,,9,Round,3.6,5.14,4.3,,Plain,0.08,
451,"NCF3010
",,NCM/NCF,,9,,3.6,5.59,5.14,7.39,Plain,0.26,
452,NCF3011,,NCM/NCF,,10,Round,3.6,4.11,3.44,,Pattern,0.16,
453,NCF3012,,NCM/NCF,,9,Round,3.6,4.5,4.13,5.94,Plain,0.09,
454,NCF3013,,NCM/NCF,,10,,,6.94,5.8,,Pattern,0.12,
455,NCF3015,,NCM/NCF,,11,,,4.24,3.9,5.6,Plain,0.17,
456,NCF3024,,NCM/NCF,,11.5,,,7.04,6.57,,Plain,0.26,
457,NCF3026,,NCM/NCF,,8,,,5.05,4.64,6.67,Pattern,0.31,
458,NCF3030,,NCM/NCF,,11,,,4.61,4.3,,Plain,0.07,
459,NCF5001,,NCM/NCF,,11,,,5.35,4.91,7.06,Plain,0.21,
460,NCF5002,,NCM/NCF,,10,,,6.5,5.97,8.58,Pattern,0,
461,NCF5003,,NCM/NCF,,9,,,4.83,4.43,6.37,Pattern,0.09,
462,NCF5004,,NCM/NCF,,10,,,3.41,3.13,4.5,Pattern,0.82,
463,NCF5005,,NCM/NCF,,10,,,4.5,3.76,,Pattern,1.01,
464,NCF5006,,NCM/NCF,,9,,,5.21,4.36,,Plain,0.09,
465,NCF5007,,NCM/NCF,,10,,,5.62,4.26,3.91,Plain,0.16,
466,NCF5008,,NCM/NCF,,8,,,3.34,3.06,4.4,Plain,0.14,
467,NCF5009,,NCM/NCF,,12,,,8.7,7.27,,Plain,0.24,
,NCF7001,,NCM/NCF,,,,,,,,,,
,NCF7002,,NCM/NCF,,,,,,,,,,
,NCF7003,,NCM/NCF,,,,,,,,,,
,NCF7004,,NCM/NCF,,,,,,,,,,
,NCF7005,,NCM/NCF,,,,,,,,,,
,NCF7006,,NCM/NCF,,,,,,,,,,
,NCF7007,,NCM/NCF,,,,,,,,,,
,NCF7008,,NCM/NCF,,,,,,,,,,
,NCF7009,,NCM/NCF,,,,,,,,,,
,NCF7010,,NCM/NCF,,,,,,,,,,
468,NCF8001,,NCM/NCF,,11,,,3.79,3.48,5,Pattern,0.33,
469,NCF8002,,NCM/NCF,,7,,,1.28,1.18,1.69,Pattern,0.35,
470,NCF8003,,NCM/NCF,,10,,,2.7,2.48,3.57,Plain,0.19,
471,NCF8010,,NCM/NCF,,11,,,2.32,2.16,,Pattern,0.16,
472,NCF9001,,NCM/NCF,,7,,,5.53,5.08,7.3,Pattern,0.09,
473,NCF9002,,NCM/NCF,,10,,,3.56,2.98,,Plain,0.19,
474,NCF9003,,NCM/NCF,,9,,,4.52,4.15,5.97,Pattern,0.28,
475,NCF9004,,NCM/NCF,,10,,,5.2,4.78,6.87,Plain,0.2,
476,NCF9005,,NCM/NCF,,10,,,4.48,4.1,5.89,Pattern,0.2,
477,NCF9006,,NCM/NCF,,9,,,4.36,3.64,,Plain,0.26,
478,NCF9007,,NCM/NCF,,9,,,3.57,3.28,4.71,Pattern,0.25,
479,NCF9009,,NCM/NCF,,10,,,3.79,3.48,5,Pattern,0.01,
480,NCF9010,,NCM/NCF,,9,,,3.45,3.38,4.86,Pattern,0.48,
481,NCF9011,,NCM/NCF,,12,,,4.98,4.64,,Pattern,0.04,
482,NCH0001,,NCH,,12,Round,5.4,3.99,3.33,,Plain,0,0
483,NCH0037,Nhẫn kim cương Love of Swan,NCH,,11,Round,4.5,2.63,2.2,,Pattern,0.25,
484,NCH1003,,NCH,,11,Round,5.4,3.36,3.08,4.43,Plain,0.07,
485,NCH1004,,NCH,,12,Round,6.3,3.74,3.43,4.93,Pattern,0.18,
486,NCH1005,,NCH,,12,Round,5.4,3.88,3.56,5.12,Plain,0.02,
487,NCH1007,,NCH,,12,Round,5.4,3.25,2.98,4.29,Plain,0.11,
488,NCH1010,,NCH,,10,Round,5.4,2.93,2.69,3.87,Plain,0.08,
489,NCH1014,,NCH,,13,Round,6.49,3.06,2.56,,Plain,0.06,
490,NCH1015,,NCH,,8,Round,5,3.28,2.74,,Pattern,0.08,
491,NCH1017,,NCH,,12,Round,5.4,4.1,3,,Pattern,0.05,
492,NCH1018,,NCH,,10,Round,5.4,2.56,2.28,,Plain,0.23,
493,NCH1019,,NCH,,11,Round,5.4,4.38,4.29,,Plain,0.4,
494,NCH1020,,NCH,,12,Round,5.4,3.36,3.14,,Pattern,0.4,
495,NCH1021,,NCH,,10,Round,5.4,3.23,3.01,4.11,Pattern,0.19,
496,NCH1022,LOVE DREAM,NCH,,10,Round,,3.2,2.94,,Plain,0.08,
497,NCH1101,,NCH,,11,Round,5.4,3.14,2.93,,Plain,,
498,NCH1102,,NCH,,11,Round,5.4,3,2.8,,Plain,,
499,NCH1103,,NCH,,11,Round,5.4,2.74,2.51,3.61,Plain,,
500,NCH1104,,NCH,,12,Round,5.4,2.74,2.51,3.61,Plain,,
501,NCH1105,,NCH,,11,Round,5.4,3.48,3.19,4.59,Plain,,
502,NCH1202,,NCH,,10,Round,5.4,2.27,2.09,3,Plain,0.2,
503,NCH1203,,NCH,,11,Round,5.4,2.88,2.64,3.8,Plain,0.2,
504,NCH1204,,NCH,,11,Round,5.4,3.31,3.04,4.37,Plain,0.1,
,NCH1205,,NCH,,,,,,,,,,
505,NCH1206,,NCH,,11,Round,5.4,3.18,2.92,4.2,Plain,0.57,
506,NCH1301,Nhẫn Solitaire có vòng tag,NCH,,9,Round,6.3,2.74,2.51,,Plain,0,0
507,NCH1302,,NCH,,10,Round,5.4,2.43,2.23,3.12,Pattern,0,
508,NCH1303,,NCH,,9.5,Round,5.4,2.93,2.69,3.87,Plain,0.041,
509,NCH1304,,NCH,,10,Round,4.5,2.76,2.53,3.64,Plain,0.32,
510,NCH1305,Nhẫn Solitaire vòng cổ cách điệu,NCH,,10,Round,5.4,3.66,3.36,,Plain,0.16,
511,NCH1306,Nhẫn Solitaire vòng cổ cách điệu,NCH,,9,Round,5.4,3.92,3.65,,Plain,0.09,
512,NCH1307,Nhẫn Solitaire Pave có nơ cổ,NCH,,10,Round,7.2,3.54,3.25,,Plain,0.37,
,NCH1308,,NCH,,,,,,,,,,
513,NCH1309,Nhẫn Solitaire Princess Cape,NCH,,12,Round,7.2,6.78,6.32,,Plain,0.41,
514,NCH1310,,NCH,,10,Round,5.4,3.1,2.85,4.09,Plain,0.04,
515,NCH1311,,NCH,,11,Round,5.4,3.79,3.53,,Plain,0.19,
516,NCH1312,,NCH,,10,Round,5.4,2.7,2.52,,Plain,0.12,
517,NCH1313,,NCH,,11,Round,5.4,5.3,4.87,,Pattern,0.027,
518,NCH1314,,NCH,,11,Round,5.4,3.58,3.29,,Pattern,0.033,
519,NCH1315,,NCH,,10,Round,5.4,3.16,2.9,4.17,Plain,0.016,
520,NCH1401,,NCH,,12,Round,5.4,3.02,2.77,3.99,Plain,,
521,NCH1402,,NCH,,11,Round,5.4,3.15,2.89,4.16,Plain,,
522,NCH1403,,NCH,,12,Round,5.4,3.35,3.08,4.43,Plain,,
523,NCH1404,Nhẫn Trellis pave 4 chấu,NCH,,10,Round,6.3,2.37,2.18,,Plain,0.28,
524,NCH1405,Nhẫn Trellis trơn 4 chấu cách điệu,NCH,,10,Round,5.4,3.04,2.79,,Plain,0,
525,NCH1406,Nhẫn Trellis pave 4 chấu cách điệu,NCH,,10,Round,5.4,3.04,2.79,,Plain,0.26,
526,NCH1407,,NCH,,10,Round,5.4,3.12,2.86,4.12,Plain,,
527,NCH1408,Nhẫn Trellis cách điệu,NCH,,10,Round,5.4,6.16,5.68,,Plain,0.36,
528,NCH1409,,NCH,,11,Round,5.4,3.57,3.28,4.72,Plain,0.003,
529,NCH1410,,NCH,,14,Round,5.4,4.38,4.08,,Plain,0.59,
530,NCH1411,,NCH,,11,Round,5.4,3.11,2.6,,Pattern,0.27,
531,NCH1412,,NCH,,12,Round,5.4,3.55,3.31,,Plain,0.47,
532,NCH1413,,NCH,,11,Round,5.4,2.63,2.2,,Plain,0.25,
533,NCH1414,,NCH,,10,Round,5.4,3.68,3.38,4.85,Plain,0.11,
534,NCH1415,,NCH,,10,Princess,5,4.1,3.43,,Pattern,0.22,
535,NCH1416,,NCH,,10,Round,5.4,2.75,2.53,3.63,Plain,0.08,
536,NCH1417,,NCH,,11,Round,5.4,2.57,2.36,3.4,Plain,,
537,NCH1418,,NCH,,11,,5.4,2.66,2.48,,Pattern,0.1,
538,NCH1419,,NCH,,13,Round,5.4,3.84,3.53,5.07,Plain,0.6,
539,NCH1420,,NCH,,12,Round,5.4,3.05,2.55,,Plain,0.446,
540,NCH1421,,NCH,,10,Round,5.4,2.86,2.39,,Plain,0.09,
541,NCH1422,LOVE DREAM,NCH,,11,Round,5.4,2.28,2.1,,Plain,0.11,
542,NCH1423,LOVE DREAM,NCH,,10,Round,5.4,2.46,2.41,,Plain,0.004,
543,NCH1424,LOVE DREAM,NCH,,10,Round,5.4,2.59,2.41,,Pattern,,
544,NCH1425,LOVE DREAM,NCH,,10,Round,5.4,2.59,2.42,,Plain,0.09,
545,NCH1426,LOVE DREAM,NCH,,11,Round,5.4,2.29,2.13,,Plain,0.012,
546,NCH1427,,NCH,,11,Round,5.4,2.61,2.39,3.44,Pattern,0.007,
547,NCH1501,,NCH,,12,Round,4.5,2.91,2.67,3.84,Plain,,
548,NCH1502,,NCH,,11,Round,5.4,2.91,2.72,,Pattern,,
549,NCH1503,,NCH,,10,Round,5.4,2.6,2.39,3.43,Plain,,
550,NCH1504,Nhẫn Cathedral 6 chấu có viền bi & đai pattern,NCH,,11,Round,5.4,3.38,3.11,,Pattern,0,
551,NCH1505,,NCH,,13,Round,5,3.41,3.18,4.58,Plain,0.23,
552,NCH1506,Nhẫn Cathedral đai hoa văn,NCH,,10,Round,5.4,3.66,3.36,,Pattern,0.22,
553,NCH1507,Nhẫn Cathedral đai tấm lớn,NCH,,11,Round,5.4,5.1,4.68,,Plain,0.45,
554,NCH1508,Nhẫn Cathedral hoa văn ở cổ,NCH,,10,Round,4.5,2.66,2.44,,Pattern,0,
,NCH1509,,NCH,,,,,,,,,,
555,NCH1510,Nhẫn Cathedral cách điệu,NCH,,11,Round,5.4,3.5,3.27,,Plain,0.33,
,NCH1511,,NCH,,,,,,,,,,
556,NCH1512,Nhẫn Cathedral cách điệu,NCH,,11,Round,5.4,4.99,4.66,,Plain,0.008,
557,NCH1513,,NCH,,12,Round,5.4,3.28,3.01,4.32,Plain,,
558,NCH1514,Nhẫn Cathedral Floral đai tấm,NCH,,10,Round,5.4,2.97,2.77,,Plain,0.1,
559,NCH1515,,NCH,,10,Round,5.4,3.38,3.1,4.46,Pattern,0.13,
560,NCH1601,Nhẫn Bridge Accent basic đai trơn,NCH,,11,Round,5.4,3.33,3.26,,Plain,0.03,
561,NCH1602,,NCH,,12,Round,5.4,3.11,2.86,4.11,Plain,0.025,
562,NCH1603,,NCH,,12,Round,5.4,2.79,2.56,3.68,Plain,0.25,
563,NCH1604,Nhẫn Bridge Accent cách điều bệ trái tim,NCH,,11,Round,5.4,3.37,3.14,,Plain,0.04,
564,NCH1605,Nhẫn Bridge Accent vintage,NCH,,11,Round,5.4,4.22,3.94,,Pattern,0.1,
565,NCH1606,Nhẫn Bridge Accent vintage,NCH,,11,Round,6.3,5.8,5.32,,Pattern,0.13,
566,NCH1607,Nhẫn Bridge Accent basic cách điệu,NCH,,11,Round,5.4,3.05,2.8,,Plain,0,
567,NCH1609,Nhẫn Bridge Accent cách điệu hoa sen,NCH,,11,Round,6.3,6.34,5.91,,Pattern,0.06,
568,NCH1610,Nhẫn Bridge Accent cách điệu,NCH,,11,Round,5.4,3.25,2.98,,Plain,0.03,
569,NCH1612,,NCH,,12,Round,5.4,5.47,5.02,7.22,Plain,0.39,
570,NCH1613,,NCH,,11,Round,5.4,3.54,3.3,,Pattern,0.35,
571,NCH1616,,NCH,,11,Round,5.4,3.67,3.37,4.85,Pattern,0.013,
572,NCH1617,,NCH,,10,Round,5.4,2.82,2.59,3.72,Pattern,0.12,
573,NCH1618,,NCH,,11,Round,5.4,2.28,2.13,3.06,Pattern,0.03,
574,NCH1701,,NCH,,12,Round,5.4,3.82,3.51,5.05,Plain,0.13,
575,NCH1702,Nhẫn Twiss 2 đai tấm,NCH,,11,Round,5.4,3.1,2.84,,Plain,0.43,
576,NCH1703,Nhẫn Twiss 2 đai liền,NCH,,11,Round,5.4,4.15,3.87,,Plain,0.07,
577,NCH1704,,NCH,,12,Round,4.5,2.93,2.69,3.87,Plain,0.35,
578,NCH1705,Nhẫn Twiss Bypass,NCH,,11,Round,5.4,3.85,3.54,,Plain,0.24,
579,NCH1706,Nhẫn Twiss Bypass 2 đai,NCH,,10,Round,5.4,4.96,4.56,,Plain,0.25,
580,NCH1709,,NCH,,11,Round,,3.32,3.05,4.38,Plain,0.14,
581,NCH1711,,NCH,,12,Round,5,3.61,3.37,,Pattern,0.21,
582,NCH1718,,NCH,,11,Round,5.4,3.06,2.55,,Plain,0.15,
583,NCH1719,,NCH,,10,Round,5.4,3.8,3.17,,Plain,0.15,
584,NCH1720,,NCH,,10,Round,5.4,4.19,3.91,,Pattern,0.37,
585,NCH1721,,NCH,,10,Round,5.4,3.75,3.14,,Pattern,0.19,
586,NCH1722,,NCH,,10,Round,6.3,2.65,2.43,,Plain,0.29,
587,NCH1723,,NCH,,12,Round,5.4,3.61,3.36,,Pattern,0.12,
588,NCH1724,,NCH,,12,Round,6.3,3.36,3.13,,Plain,0.32,
589,NCH1801,Nhẫn Solitaire đai Eternity,NCH,,12,Round,5.4,2.47,2.28,,Pattern,0.16,
590,NCH1802,Nhẫn Solitaire đai Eternity có vòng cổ,NCH,,13,Round,4.5,2.51,2.31,,Pattern,0.16,
591,NCH1803,Nhẫn Solitaire đai Eternity,NCH,,13,Round,5.4,2.8,2.58,,Pattern,0.22,
592,NCH1804,,NCH,,11,Round,5.4,2.35,2.19,3.15,Plain,0.48,
593,NCH1805,,NCH,,10,Round,4.5,2,1.96,2.82,Plain,0.42,
594,NCH1807,Nhẫn Solitaire đai Eternity,NCH,,11,Round,5.4,2.61,2.4,,Plain,0.09,
595,NCH1808,Nhẫn Solitaire đai Eternity,NCH,,11,Round,5.4,3.05,2.85,,Pattern,0.15,
596,NCH1810,,NCH,,10,Round,5,2.37,2.17,3.12,Plain,0.17,
597,NCH1812,,NCH,,12,Round,5.4,3.85,3.54,5.09,Plain,0.52,
598,NCH1901,,NCH,,10,Round,5.4,3.01,2.76,3.97,Pattern,,
599,NCH1902,,NCH,,11,Round,5.4,2.18,2,2.88,Pattern,0.016,
600,NCH1903,,NCH,,11,Round,5.4,2.42,2.26,3.25,Plain,0.03,
601,NCH1905,,NCH,,11,Round,5.4,2.52,2.32,3.33,Pattern,0.005,
602,NCH1906,,NCH,,11,Round,5.4,2.1,1.96,2.82,Plain,0.007,
603,NCH1907,,NCH,,10,Round,5.4,3.16,2.9,4.17,Pattern,0.013,
604,NCH1908,,NCH,,12,Round,5.4,2.85,2.61,3.77,Pattern,,
605,NCH1909,,NCH,,11,Round,5.4,2.96,2.72,3.96,Pattern,,
606,NCH2001,,NCH,,11,Round,4.5,2.91,2.67,3.84,Plain,0.35,
607,NCH2002,Nhẫn Halo hoa mai đai trơn,NCH,,10,Round,4.5,3.05,2.8,,Plain,0.17,
608,NCH2003,,NCH,,11,Round,4.5,3.03,2.78,4,Plain,0.14,
609,NCH2004,"Nhẫn Halo Floral design, đai tấm",NCH,,11,Round,5.4,3.59,3.3,,Plain,0.23,
610,NCH2005,"Nhẫn Halo Floral design, đai trơn",NCH,,11,Round,5.4,3.09,2.83,,Plain,0.13,
611,NCH2006,,NCH,,11,Round,5,3.38,3.1,4.46,Plain,0.25,
612,NCH2007,,NCH,,12,Round,5.4,3.66,3.36,4.83,Plain,0.43,
613,NCH2008,"Nhẫn Halo floral, đai eternity",NCH,,11,Round,5.4,3.61,3.37,,Plain,0.35,
614,NCH2009,,NCH,,12,Round,4.5,2.92,2.68,3.85,Plain,0.41,
615,NCH2011,"Nhẫn Halo đai trơn, có bridge accent",NCH,,11,Round,5.4,3.54,3.3,,Pattern,0.3,
616,NCH2101,,NCH,,12,Round,5.4,3.24,2.97,4.28,Plain,0.59,
617,NCH2102,Nhẫn Single Halo classic cushion,NCH,,13,Round,5.4,3.67,3.37,,Plain,0.2,
618,NCH2103,Nhẫn Single Halo classic Floral,NCH,,11,Round,5.4,3.02,2.81,,Plain,0.15,
619,NCH2104,Nhẫn Single Halo classic Bát giác,NCH,,8,Round,4.5,2.51,2.31,,Plain,0.11,
620,NCH2105,Nhẫn Single Halo classic Lục giác,NCH,,11,Round,5.4,2.91,2.86,,Plain,0.09,
621,NCH2106,Nhẫn Single Halo cách điệu,NCH,,11,Round,5.4,3.1,2.85,,Plain,0.08,
622,NCH2201,,NCH,,10,Round,5.4,3.41,2.84,4.5,Plain,0.45,
623,NCH2202,"Nhẫn Halo tròn, đai tấm, vòng halo hở",NCH,,13,Round,5.4,3.67,3.37,,Pattern,0.2,
624,NCH2204,,NCH,,10,Round,5.4,3.52,3.23,4.64,Plain,0.58,
625,NCH2205,"Nhẫn Halo floral, đai tấm",NCH,,11,Round,4.5,1.98,1.85,,Plain,0.31,
626,NCH2206,"Nhẫn Halo lục giác, đai tấm",NCH,,11,Round,5.4,2.37,2.18,,Plain,0.37,
627,NCH2402,,NCH,,11,Round,5,2.86,2.3,3.77,Plain,0.42,
628,NCH2404,Nhẫn Halo tròn đai twiss 1 đai tấm,NCH,,10,Round,5.4,4.07,3.8,,Plain,0.39,
629,NCH2407,,NCH,,11,Round,5,2.42,2.22,3.19,Plain,0.17,
630,NCH3001,,NCH,,12,Round,6.4,5.02,4.68,,Plain,0.48,
631,NCH3004,,NCH,,10,Round,5.4,3.78,3.47,4.99,Plain,0.32,
632,NCH3101,,NCH,,12,Round,5.4,2.95,2.37,3.9,Plain,0.32,
633,NCH3102,Nhẫn Threestone with cluster,NCH,,11,Round,5.4,3.38,3.15,,Plain,0.18,
634,NCH3104,Nhẫn Threestone chấu peg-head,NCH,,10,Round,4.5,3.4,3.17,,Plain,0.12,
635,NCH3105,Nhẫn Threestone chấu classic,NCH,,10,Round,4.5,2.79,2.56,,Plain,0.12,
636,NCH3201,Nhẫn Threestone đai tấm,NCH,,11,Round,5.4,2.78,2.59,,Plain,0.42,
637,NCH3202,,NCH,,11,Round,5.4,3.87,3.55,5.1,Plain,0.36,
638,NCH3203,Nhẫn Threestone có bridge accent,NCH,,11,Round,5.4,3.59,3.35,,Plain,0.33,
639,NCH3204,Nhẫn Threestone có bridge accent,NCH,,11,Round,5.4,4.23,3.95,,Plain,0.39,
640,NCH3205,Nhẫn Threestone có 3 bridge accent,NCH,,13,Round,5.4,3.02,2.82,,Plain,0.5,
641,NCH3207,,NCH,,14,Round,5,4.26,3.91,5.63,Plain,0.44,
642,NCH3208,,NCH,,10,Round,5.4,3.54,3.3,,Plain,0.21,
643,NCH3302,,NCH,,12,Round,5.4,3.64,3.35,4.81,Plain,0.59,
644,NCH5301,LOVE DREAM,NCH,,11,Round,5.4,2.48,2.31,,Plain,,
645,NCH5302,LOVE DREAM,NCH,,10,Round,5.4,2.8,2.57,,Pattern,,
646,NCH5303,LOVE DREAM,NCH,,10,Round,5.4,2.94,2.74,,Pattern,,
647,NCH5401,LOVE DREAM,NCH,,11,Round,5.4,2.53,2.36,,Pattern,0.018,
648,NCH5402,LOVE DREAM,NCH,,11,Round,5.4,4.58,4.21,,Pattern,0.41,
649,NCH5404,LOVE DREAM,NCH,,11,Round,5.4,3.08,2.88,,Plain,0.11,
650,NCH5405,LOVE DREAM,NCH,,11,Round,5.4,2.63,2.45,,Pattern,,
651,NCH5406,LOVE DREAM,NCH,,10,Round,4.5,2.48,2.32,,Plain,0.06,
652,NCH8101,Nhẫn Solitaire đai trơn,NCH,,11,Princess,5,2.48,2.32,,Plain,0,
653,NCH8102,,NCH,,10,Princess,5.4,2.83,2.59,3.73,Plain,0.26,
654,NCH8201,,NCH,,9,Emerald,"7,0*5,0",3.12,2.86,4.11,Plain,1.01,
655,NCH8202,,NCH,,8,Emerald,6.0*4.0,3.03,2.82,,Plain,0.89,
656,NCH8203,Nhẫn Halo đai tấm,NCH,,8,Emerald,12.4*8.4,4.18,3.9,,Plain,0.51,
,NCH8204,,NCH,,,,,,,,,,
657,NCH8209,,NCH,,10,Emerald,9.0*7.0,3.27,3.05,,Plain,0.35,
658,NCH8301,,NCH,,10,Pear,"6,0*6,0",2.93,2.69,3.86,Plain,0.31,
659,NCH8401,,NCH,,9,Heart,6,2.99,2.74,3.94,Plain,,
660,NCH8402,,NCH,,12,Heart,"5,4*6,6",3.78,3.47,4.99,Plain,0.33,
661,NCH8403,Nhẫn kim cương Heart of Princess,NCH,,11,Heart,5.4*4.8,2.72,2.54,,Plain,0.2,
662,NCH8405,,NCH,,13,Heart,5.0*6.4,2.49,2.32,,Plain,0,
663,NCH8406,,NCH,,9,Heart,6.3,1.92,1.79,,Plain,0.42,
664,NCH8407,,NCH,,17,Heart,6.5*6.96,3.5,3.26,,Plain,0.44,
665,NCH8408,,NCH,,10,Heart,5.5,3.42,2.86,,Plain,0.09,
666,NCH8409,,NCH,,11,Heart,5.5,3.09,2.84,4.08,Plain,,
667,NCH8410,LOVE DREAM,NCH,,10,Heart,5.4*5.8,4.49,4.18,,Plain,0.067,
668,NCH8411,LOVE DREAM,NCH,,11,Heart,5.4,2.23,2.08,,Plain,0.007,
669,NCH8413,,NCH,,11,Heart,5.5,3.03,2.82,4.06,Pattern,,
670,NCH8501,Nhẫn Halo đai tấm,NCH,,11,Oval,8.0*6.0,2.31,2.15,,Plain,0.33,
671,NCH9903,Nhẫn Royal design,NCH,,12,Round,5.4,3.78,3.52,,Plain,0.36,
672,NCH9904,,NCH,,11,Round,5.4,3.41,3.18,,Pattern,0.16,
673,NCH9909,Nhẫn Royal design,NCH,,11,Round,5.4,3.47,3.24,,Plain,0.33,
674,NCH9910,Nhẫn Royal design,NCH,,11,Round,5.4,3.85,3.59,,Pattern,0.48,
675,NCH9911,Nhẫn Royal design,NCH,,11,Round,5.4,4.31,4.02,,Pattern,0.21,
676,NCH9913,Nhẫn Royal design,NCH,,10,Round,5.4,5.06,4.65,,Pattern,0.008,
677,NCH9920,,NCH,,11,Round,5.4,4.65,4.34,,Plain,0.86,
678,NCH9921,,NCH,,11,Round,6.3,4.46,4.15,,Plain,0.38,
679,NCH9922,,NCH,,13,Round,5.4,3.98,3.66,5.26,Plain,0.07,
680,NCM0001,,NCM/NCF,,18,,,5.88,5.4,7.76,Plain,0.46,
681,NCM0002,,NCM/NCF,,15,,,5.58,5.47,4.72,Pattern,0.013,
682,NCM0003,,NCM/NCF,,18,,,5.73,6.24,8.24,Plain,,
683,NCM0004,,NCM/NCF,,15,,,5.41,4.96,7.14,Pattern,0.05,
684,NCM0005,,NCM/NCF,,16,,,5.34,4.9,7.05,Plain,0.05,
685,NCM0006,,NCM/NCF,,15,,,5.55,5.09,7.32,Plain,0,
686,NCM0007,Nhẫn cưới Eternity,NCM/NCF,,15,,,3.25,2.72,,Plain,0.05,
687,NCM0008,,NCM/NCF,,15,,,5.93,5.45,7.83,Pattern,0,
688,NCM0009,,NCM/NCF,,15,,,4.2,3.43,5.63,Plain,,
689,NCM0010,,NCM/NCF,,15,,,5.86,5.38,7.73,Pattern,0.05,
690,NCM0011,Nhẫn cưới Eternity,NCM/NCF,,19,,,10.25,8.56,,Plain,0,0
691,NCM0012,,NCM/NCF,,10,,,5.15,4.21,,Plain,0.02,
692,NCM0013,,NCM/NCF,,16.5,,,5.56,5.11,7.34,Plain,0.1,
693,NCM0016,,NCM/NCF,,15,,,3.99,3.34,,Plain,0.045,
694,NCM0017,,NCM/NCF,,18,,,4.62,4.25,6.11,Pattern,0.02,
361,NCF1036,GOLDEN PROMISE,NCM/NCF,,11,,,2.74,2.55,3.67,Pattern,,
362,NCF1037,GOLDEN PROMISE,NCM/NCF,,10,,,4.40,4.10,5.90,Plain,0.01,
697,NCM0024,,NCM/NCF,,17,,,3.96,3.31,,Plain,0.4,
363,NCF1038,GOLDEN PROMISE,NCM/NCF,,10,,,2.29,2.1,3.02,Plain,0.01,
364,NCF1039,GOLDEN PROMISE,NCM/NCF,,10,,,2.62,2.44,3.51,Plain,0.02,
365,NCF1040,GOLDEN PROMISE,NCM/NCF,,11,,,3.29,3.06,4.4,Pattern,0.01,
366,NCF1041,GOLDEN PROMISE,NCM/NCF,,9,,,3.74,2.95,4.24,Pattern,0.01,
702,NCM0041,,NCM/NCF,,16,,,5.89,5.41,7.77,Pattern,0.17,
703,NCM0042,,NCM/NCF,,18.5,,,7.08,6.6,,Pattern,0,
704,NCM0043,,NCM/NCF,,18,,,8.31,7.75,,Pattern,0.01,
705,NCM0044,,NCM/NCF,,18,,,5.54,5.17,,Pattern,0.06,
706,NCM0045,,NCM/NCF,,18,,,5.48,5.11,,Pattern,0.02,
707,NCM0046,,NCM/NCF,,18,,,7.37,6.87,,Plain,0.05,
708,NCM1002,,NCM/NCF,,19,,,3.56,3.27,4.7,Pattern,0.005,
709,NCM1003,,NCM/NCF,,20,,,4.64,4.26,6.13,Pattern,0.013,
710,NCM1004,,NCM/NCF,,21,,,3.05,2.55,,Pattern,0,0
711,NCM1005,,NCM/NCF,,18.5,,,4.49,4.19,,Pattern,0.02,
712,NCM1006,,NCM/NCF,,19,,,2.88,2.41,,Pattern,0,0
713,NCM1007,,NCM/NCF,,20,,,10.1,8.44,,Plain,0,0
714,NCM1008,,NCM/NCF,,15,,,5.65,4.73,,Pattern,0,0
715,NCM1009,,NCM/NCF,,16,,,5.18,4.76,6.84,Pattern,,
716,NCM1010,,NCM/NCF,,14,,,3.9,3.2,,Plain,0,0
717,NCM1011,,NCM/NCF,,22,,,8.19,7.64,,Pattern,,
718,NCM1012,,NCM/NCF,,18,,,6.22,5.72,8.22,Plain,0,
719,NCM1013,,NCM/NCF,,18,,,3.06,2.81,4.04,Plain,0.02,
720,NCM1014,,NCM/NCF,,17,,,3.92,3.28,,Plain,0,0
721,NCM1015,,NCM/NCF,,17,,,4.22,3.53,,Pattern,0,0
722,NCM1016,,NCM/NCF,,17,,,4.18,3.5,,Plain,0,0
723,NCM1017,,NCM/NCF,,17,,,4.74,3.96,,Plain,0,0
724,NCM1018,,NCM/NCF,,16,,,3.43,3.15,4.52,Pattern,,
725,NCM1019,,NCM/NCF,,22,,,6.11,5.11,,Pattern,0,0
726,NCM1020,,NCM/NCF,,17,,,4.34,3.63,,Plain,0,0
727,NCM1021,,NCM/NCF,,16,,,5.36,4.92,7.07,Pattern,,
728,NCM1022,,NCM/NCF,,16,,,3.72,3.42,4.91,Pattern,,
729,NCM1023,,NCM/NCF,,18,,,3.17,2.65,,Pattern,0,0
730,NCM1024,,NCM/NCF,,17,,,3.24,2.71,,Plain,0,0
731,NCM1025,,NCM/NCF,,17,,,6.59,6.05,8.7,Pattern,,
732,NCM1027,,NCM/NCF,,16,,,5.67,5.21,7.49,Pattern,0.06,
733,NCM1028,,NCM/NCF,,23,,,3.62,3.02,,Plain,0,0
734,NCM1033,,NCM/NCF,,15,,,5.15,4.81,6.91,Plain,,
367,NCF1042,GOLDEN PROMISE,NCM/NCF,,11,,,3,2.85,4.09,Pattern,0.04,
368,NCF1043,GOLDEN PROMISE,NCM/NCF,,11,,,3.62,3.31,4.76,Pattern,0.02,
438,NCF2091,GOLDEN PROMISE,NCM/NCF,,11,,,3.08,2.83,4.07,Pattern,0.02,
439,NCF2092,GOLDEN PROMISE,NCM/NCF,,11,,,3.8,3.49,5.02,Pattern,0.005,
440,NCF2093,GOLDEN PROMISE,NCM/NCF,,8.5,,,2.5,2.29,3.3,Pattern,0.01,
735,NCM1036,GOLDEN PROMISE,NCM/NCF,,18.5,,,3.46,3.23,4.64,Pattern,,
736,NCM1037,GOLDEN PROMISE,NCM/NCF,,18,,,4.53,4.22,6.07,Plain,0.01,
737,NCM1038,GOLDEN PROMISE,NCM/NCF,,15,,,3.83,3.52,5.06,Plain,,
738,NCM1039,GOLDEN PROMISE,NCM/NCF,,14,,,3.41,3.18,4.57,Plain,0.01,
739,NCM1040,GOLDEN PROMISE,NCM/NCF,,14,,,4.31,4.02,5.78,Pattern,0.02,
740,NCM1041,GOLDEN PROMISE,NCM/NCF,,13,,,4.13,3.85,5.53,Pattern,0.01,
741,NCM1042,GOLDEN PROMISE,NCM/NCF,,16,,,4.51,4.14,5.95,Pattern,0.01,
747,NCM2001,,NCM/NCF,,16,,,4.79,4.4,6.32,Plain,0.04,
748,NCM2002,,NCM/NCF,,12,,,6.43,5.38,,Plain,0.044,
749,NCM2003,,NCM/NCF,,18,,,8.55,7.85,11.29,Plain,0.06,
750,NCM2004,,NCM/NCF,,24,,,4.55,3.81,,Pattern,0.037,
751,NCM2005,,NCM/NCF,,18,,,6.75,6.2,8.91,Plain,0.12,
752,NCM2006,,NCM/NCF,,20,,,6.56,5.48,,Plain,0.23,
753,NCM2007,,NCM/NCF,,18,,,6.67,6.22,8.94,Plain,0.07,
754,NCM2008,,NCM/NCF,,16.8,,,5.61,5.15,5.53,Plain,0,
755,NCM2009,,NCM/NCF,,16,,,5.61,5.15,7.4,Plain,0.004,
756,NCM2010,,NCM/NCF,,18,,,5.86,5.38,7.74,Pattern,,
757,NCM2011,,NCM/NCF,,15,,,6.16,5.66,8.14,Plain,,
758,NCM2012,,NCM/NCF,,24,,,6.94,5.8,,Pattern,0.07,
759,"NCM2012
",,NCM/NCF,,17,,,6.92,6.35,9.13,Pattern,0.03,
760,NCM2013,,NCM/NCF,,18,,,8.43,7.74,11.13,Plain,0.1,
761,NCM2014,,NCM/NCF,,18,,,7.65,7.03,10.1,Plain,,
762,NCM2015,,NCM/NCF,,15,,,7.14,5.76,9.43,Plain,0.11,
763,NCM2016,,NCM/NCF,,20,,,5.56,4.64,,Plain,0.012,
764,NCM2017,,NCM/NCF,,20,,,7.32,6.12,,Pattern,0.43,
765,NCM2018,,NCM/NCF,,16,,,7.41,6.91,9.93,Plain,,
766,NCM2019,,NCM/NCF,,20,,,6.54,5.47,,Plain,0.06,
767,NCM2020,,NCM/NCF,,20,,,5.08,4.25,,Plain,0,0
768,NCM2021,,NCM/NCF,,20,,,5.77,4.83,,Plain,0.37,
769,NCM2022,,NCM/NCF,,20,,,7.45,6.23,,Plain,0.035,
770,NCM2023,,NCM/NCF,,20,,,6.39,5.34,,Plain,0.06,
771,NCM2024,,NCM/NCF,,20,,,7.31,6.11,,Plain,0.07,
772,NCM2025,,NCM/NCF,,14,,,6.11,5.1,,Pattern,0.06,
773,NCM2026,,NCM/NCF,,21,,,11.12,9.29,,Plain,0.1,
774,NCM2027,,NCM/NCF,,18,,,5.8,5.33,7.66,Plain,,
775,NCM2028,,NCM/NCF,,15,,,6.08,5.08,,Plain,0,0
776,NCM2029,,NCM/NCF,,16,,,5.38,4.94,7.11,Plain,0.02,
777,NCM2030,,NCM/NCF,,16,,,6.55,4.87,,Plain,0,0
778,NCM2031,,NCM/NCF,,17,,,5.99,5.01,,Plain,0.06,
779,NCM2032,,NCM/NCF,,18,,,7.33,6.13,,Plain,0.09,
780,NCM2033,,NCM/NCF,,16,,,7.79,7.16,10.29,Plain,,
781,NCM2034,,NCM/NCF,,18,,,9.67,8.08,,Plain,0.022,
782,NCM2035,,NCM/NCF,,16,,,4.45,4.09,5.88,Plain,0.02,
783,NCM2036,,NCM/NCF,,14,,,4.34,3.62,,Pattern,0.026,
784,NCM2037,,NCM/NCF,,15,,,3.94,3.62,5.2,Plain,,
785,NCM2038,,NCM/NCF,,16,,,4.12,3.78,5.43,Plain,,
786,NCM2039,,NCM/NCF,,15,,,5.41,4.97,7.14,Plain,0.01,
787,NCM2040,,NCM/NCF,,18,,,9.05,8.31,11.94,Pattern,,
788,NCM2041,,NCM/NCF,,16,,,5.38,4.94,7.11,Pattern,,
789,NCM2042,,NCM/NCF,,14,,,5.55,4.64,,Plain,0,0
790,NCM2043,,NCM/NCF,,18,,,3.89,3.25,,Plain,0,0
791,NCM2044,,NCM/NCF,,15,,,4.22,3.53,,Plain,0,0
792,NCM2045,,NCM/NCF,,15,,,5.47,4.57,,Plain,0,0
793,NCM2047,,NCM/NCF,,14,,,3.3,2.76,,Plain,0,0
794,NCM2048,,NCM/NCF,,14,,,6.41,5.35,,Plain,0.03,
795,NCM2049,,NCM/NCF,,15,,,3.29,2.75,,Plain,0.019,
796,NCM2053,,NCM/NCF,,17,,,6.51,5.98,8.6,Pattern,,
797,NCM2054,,NCM/NCF,,15,,,5.45,4.55,,Plain,0,0
742,NCM1043,GOLDEN PROMISE,NCM/NCF,,19,,,5.36,4.92,7.07,Pattern,,
743,NCM1044,GOLDEN PROMISE,NCM/NCF,,19,,,5.28,4.92,7.08,Pattern,,
800,NCM2059,,NCM/NCF,,17,,,5.27,4.24,6.95,Pattern,0,
801,NCM2061,,NCM/NCF,,17,,,6.7,5.6,,Pattern,0.06,
802,NCM2062,,NCM/NCF,,16,,,5.44,5,7.19,Plain,0.05,
803,NCM2065,,NCM/NCF,,15,,,44626,5.27,,Pattern,0.015,
744,NCM1046,GOLDEN PROMISE,NCM/NCF,,19,,,4.75,4.36,6.27,Pattern,,
745,NCM1047,GOLDEN PROMISE,NCM/NCF,,19,,,5.7,4.74,7.52,Pattern,,
746,NCM1048,GOLDEN PROMISE,NCM/NCF,,19,,,5.53,4.68,7.41,Pattern,,
807,NCM2079,,NCM/NCF,,18,,,8.34,7.77,,Pattern,0.01,
808,NCM2080,,NCM/NCF,,18,,,7.17,6.58,,Plain,0.02,
809,NCM2081,,NCM/NCF,,18,,,5.77,5.38,,Pattern,0.07,
810,NCM2090,,NCM/NCF,,15,,,9.84,9.17,,Pattern,0,
811,NCM2091,GOLDEN PROMISE,NCM/NCF,,19,,,4.58,4.2,6.05,Pattern,0.02,
812,NCM2092,GOLDEN PROMISE,NCM/NCF,,19,,,5.89,5.41,7.78,Pattern,0.05,
813,NCM2093,GOLDEN PROMISE,NCM/NCF,,18.5,,,4.13,3.79,5.45,Pattern,0.01,
814,NCM3001,,NCM/NCF,,18,Round,3.6,5.67,5.2,7.48,Plain,0,
815,NCM3002,,NCM/NCF,,25,Round,4.1,8.16,6.82,,Plain,0,0
816,NCM3003,,NCM/NCF,,16,Round,3.6,5.99,5.5,7.91,Plain,0,
817,NCM3004,,NCM/NCF,,16,,,7.25,6.65,9.57,Pattern,0.07,
818,NCM3005,,NCM/NCF,,17.5,Round,4.5,7.45,6.84,9.84,Pattern,0,
819,NCM3006,,NCM/NCF,,16,Round,4.5,7.19,6.6,9.49,Plain,0,
820,NCM3007,,NCM/NCF,,20,Round,4,5.5,4.6,,Plain,0,0
821,NCM3008,,NCM/NCF,,20,,,5.48,4.58,,Pattern,0.17,
822,NCM3009,,NCM/NCF,,17,,,6.87,6.3,9.06,Plain,0.16,
823,NCM3010,,NCM/NCF,,12,,3.6,6.35,5.92,8.51,Plain,0,
824,NCM3011,,NCM/NCF,,18,Round,3.6,4.68,3.91,,Pattern,0.17,
825,NCM3012,,NCM/NCF,,15,Round,3.6,5.78,5.31,7.63,Plain,,
826,NCM3013,,NCM/NCF,,15,,,8.38,7.01,,Pattern,0.12,
827,NCM3015,,NCM/NCF,,16,,,6.71,6.26,9,Plain,0.05,
828,NCM3024,,NCM/NCF,,15,,,7.8,7.28,,Plain,0.25,
829,NCM3026,,NCM/NCF,,16,,,6.62,6.08,8.74,Pattern,0.14,
830,NCM3030,,NCM/NCF,,18,,,7.35,6.85,,Plain,0.05,
831,NCM5001,,NCM/NCF,,18,,,8.14,7.47,10.74,Plain,0.45,
832,NCM5002,,NCM/NCF,,19,,,9.72,8.92,12.48,Pattern,0,
833,NCM5003,,NCM/NCF,,16,,,6.66,6.11,8.79,Pattern,,
834,NCM5004,,NCM/NCF,,15,,,3.88,3.56,5.13,Pattern,0,
835,NCM5005,,NCM/NCF,,15,,,7.59,6.35,,Pattern,0.89,
836,NCM5006,,NCM/NCF,,17,,,8.03,6.72,,Plain,0.13,
837,NCM5007,,NCM/NCF,,18,,,7.07,6.49,9.33,Pattern,0,
838,NCM5008,,NCM/NCF,,15,,,4.95,4.54,6.53,Plain,0,
839,NCM5009,,NCM/NCF,,12,,,8.7,7.27,,Plain,0.24,
,NCM7001,,NCM/NCF,,,,,,,,,,
,NCM7002,,NCM/NCF,,,,,,,,,,
,NCM7003,,NCM/NCF,,,,,,,,,,
,NCM7004,,NCM/NCF,,,,,,,,,,
,NCM7005,,NCM/NCF,,,,,,,,,,
,NCM7006,,NCM/NCF,,,,,,,,,,
,NCM7007,,NCM/NCF,,,,,,,,,,
,NCM7008,,NCM/NCF,,,,,,,,,,
,NCM7009,,NCM/NCF,,,,,,,,,,
,NCM7010,,NCM/NCF,,,,,,,,,,
840,NCM8001,,NCM/NCF,,18,,,7.06,5.9,,Pattern,0.018,
841,"NCM8001
",,NCM/NCF,,16,,,6.9,6.33,9.1,Pattern,0.02,
842,NCM8002,,NCM/NCF,,14,,,6.21,5.7,8.19,Plain,0.12,
843,NCM8003,,NCM/NCF,,14,,,5.23,4.8,6.91,Plain,0,
844,NCM8010,,NCM/NCF,,18,,,5.41,5.05,,Plain,0.02,
845,NCM9001,,NCM/NCF,,15,,,7.77,7.13,10.26,Pattern,0.13,
846,NCM9002,,NCM/NCF,,20,,,4.65,3.89,,Plain,0,0
847,NCM9003,,NCM/NCF,,18,,,6.93,6.37,9.15,Pattern,0.52,
848,NCM9004,,NCM/NCF,,18,,,6.77,6.22,8.94,Plain,0.11,
849,NCM9005,,NCM/NCF,,17,,,5.89,5.48,7.87,Pattern,0.05,
850,NCM9006,,NCM/NCF,,19,,,10.29,8.6,,Plain,0,0
851,NCM9007,,NCM/NCF,,15,,,5.3,4.87,7,Pattern,0.37,
852,NCM9009,,NCM/NCF,,15,,,4.54,4.17,6,Pattern,0.02,
853,NCM9010,,NCM/NCF,,15,,,6.03,5.53,7.95,Pattern,,
854,NCM9011,,NCM/NCF,,18,,,6.81,6.36,,Plain,0.1,
855,NKC0003,,NKC,,10,Heart,3.5,3.3,3.08,,Plain,0.33,
856,NKC0005,Nhẫn Wide Band,NKC,,11,Round,6.3,4.58,4.27,,Plain,0.78,
857,NKC0007,,NKC,,11,Round,5.4,6.45,6.02,,Plain,1.75,
858,NKC0008,,NKC,,12,Round,6.3,4.16,3.88,,Plain,0.48,
859,NKC0009,,NKC,,12,Round,6.3,6.7,6.25,,Plain,0.35,
860,NKC0011,,NKC,,11,Round,4.5,4.27,3.98,,Plain,0.1,
861,NKC0012,,NKC,,11,,,3.4,2.84,,Plain,0.15,
862,NKC0014,,NKC,,14,Round,7.2,7.99,7.45,,Plain,1.69,
863,NKC0015,,NKC,,14,Round,7.2,10.84,10.11,,Plain,1.68,
864,NKC1001,,NKC,,12,Round,7.2,6.61,6.17,,Plain,0.51,
865,NKC1003,,NKC,,13,Round,6.3,4.39,4.09,,Plain,0.57,
866,NKC1201,Nhẫn Tiffany full tấm ở đai & chấu,NKC,,11,Round,7.6,7.59,6.96,,Plain,0.6,
867,NKC1205,,NKC,,11,Round,6.3,6.91,6.44,,Plain,1.03,
868,NKC1207,,NKC,,12,Round,8.1,4.92,4.59,,Plain,0.46,
869,NKC1308,,NKC,,11,Round,5.4,2.96,2.76,,Plain,0.68,
870,NKC1511,,NKC,,11,Round,6,3.76,3.45,,Pattern,0.66,
871,NKC1608,,NKC,,11,Round,5.4,4.01,3.74,,Pattern,0.31,
872,NKC1611,,NKC,,11.5,Round,5.4,6.35,5.93,,Pattern,0.21,
,NKC1702,,NKC,,,,,,,,,,
873,NKC1712,,NKC,,10,Round,5.4,3.63,3.39,,Plain,0.25,
874,NKC1801,,NKC,,13,Round,7.2,3.82,3.57,,Plain,1.03,
875,NKC2002,,NKC,,13,Round,5.4,6.71,6.26,,Plain,0.73,
876,NKC2003,,NKC,,13,Round,7.2,10,9.32,,Plain,1.49,
877,NKC2006,,NKC,,12,Round,7.2,8.18,6.84,,Pattern,0.95,
878,NKC2008,,NKC,,11,,,3.93,3.29,,Pattern,0.37,
879,NKC2010,,NKC,,11,Round,6.3,6.56,6.12,,Plain,0.69,
880,NKC2012,,NKC,,11,Round,6.3,4.19,3.91,,Pattern,0.29,
881,NKC2013,Nhẫn Halo bản lớn,NKC,,11,Round,6.3,10,9.32,,Plain,1.58,
882,NKC2014,Nhẫn Halo hình giọt nước,NKC,,11,Round,5.4,4.93,4.6,,Plain,0.22,
883,NKC2015,,NKC,,12,Round,6.5,4.76,4.44,,Plain,0.36,
884,NKC2017,,NKC,,10,Round,6.3,7.03,6.55,,Plain,1.32,
885,NKC2102,,NKC,,13,Round,6.3,9.51,8.87,,Pattern,0.8,
886,NKC2203,"Nhẫn Halo tròn, đai tấm, vòng halo",NKC,,11,Round,5.4,3.45,3.17,,Plain,0.31,
887,NKC2301,"Nhẫn Double Halo tròn, đai tấm",NKC,,11,Round,5.4,4.84,4.44,,Plain,0.63,
888,NKC2302,"Nhẫn Double Halo cushion, đai tấm",NKC,,11,Round,5.4,5,4.18,,Plain,0.67,
889,NKC2303,"Nhẫn Double Halo cushion, đai tấm, halo hở",NKC,,11,Round,5.4,4.78,4.39,,Plain,0.45,
890,NKC2304,Nhẫn Double Halo floral,NKC,,11,Round,5.4,3.9,3.58,,Plain,0.61,
891,NKC2305,,NKC,,11,Round,6.3,7.55,7.04,,Plain,1.04,
892,NKC2306,,NKC,,13,Round,5.4,7.2,6.72,,Plain,0.34,
893,NKC2308,,NKC,,12,Round,4.5,5.37,4.93,,Plain,0.69,
894,NKC2401,Nhẫn Halo cushion đai eternity,NKC,,11,Round,5.4,3.32,3.05,,Plain,0.27,
,NKC2403,,NKC,,,,,,,,,,
895,NKC2405,Nhẫn Halo cushion đai twist 1 đai tấm,NKC,,11,Round,5.4,4.5,4.14,,Plain,0.44,
896,NKC2406,,NKC,,10,Round,6.3,7.09,6.61,,Plain,0.63,
897,NKC2408,,NKC,,11,Round,6,3.85,3.59,,Plain,0.4,
898,NKC2501,Nhẫn Fancy Floral Halo,NKC,,12,Round,5.4,5.89,5.49,,Plain,0.86,
,NKC2502,,NKC,,,,,,,,,,
899,NKC2504,Nhẫn Zinnia Halo,NKC,,11,Round,6,6.88,6.42,,Plain,0.99,
900,NKC2505,Nhẫn Double floral Halo,NKC,,11,Round,4.5,5.25,4.9,,Plain,0.65,
901,NKC2508,Nhẫn Princess Diamond Halo,NKC,,11,Round,5.4,4.07,3.8,,Plain,0.97,
902,NKC2509,Nhẫn Fancy Marquise Halo,NKC,,11,Round,5.4,3.56,3.32,,Plain,0.45,
903,NKC2514,,NKC,,13,Round,6.3,6.52,6.08,,Plain,0.94,
904,NKC3103,Nhẫn Threestone twist,NKC,,11,Round,5.4,3.46,3.22,,Plain,0.12,
905,NKC3206,,NKC,,10,Round,5.4,3.39,3.16,,Plain,0.44,
906,NKC3301,,NKC,,11,Round,5.4,3.55,3.31,,Plain,0.36,
907,NKC3302,,NKC,,12,Round,7,3.24,2.74,4.22,Plain,1.47,
908,NKC4110,,NKC,,12,Round,6.3,8.53,7.96,,Plain,1.93,
909,NKC4111,,NKC,,11,Round,6.3,8.53,7.96,,Plain,0.78,
910,NKC4112,,NKC,,12,Round,5.4,5.89,5.49,,Plain,0.5,
911,NKC4113,,NKC,,10,Round,5.4,5.82,5.43,,Pattern,0.87,
912,NKC4114,,NKC,,10,Round,6.3,7.48,6.87,,Plain,1.3,
913,NKC4117,,NKC,,10,Round,6.3,8.64,7.93,,Plain,0.86,
914,NKC4118,,NKC,,12,Round,5.4,6.63,6.09,,Plain,0.67,
915,NKC4119,,NKC,,12,Round,5.4,8.7,8.11,,Plain,2.01,
916,NKC4120,,NKC,,12,Round,6.3,8.43,7.86,,Plain,1.77,
917,NKC4121,,NKC,,11,Round,5.4,6.93,6.47,,Plain,1.06,
918,NKC4201,,NKC,,13,Round,5.4,7.34,6.85,,Plain,1.13,
919,NKC8101,,NKC,,13,Cushion,8,9.46,8.82,,Plain,1.04,
920,NKC8103,,NKC,,13,Princess,4,3.42,3.19,,Plain,0.19,
921,NKC8204,,NKC,,11,Emerald,8.0*6.8,5.4,4.94,,Plain,0.99,
922,NKC8205,,NKC,,9,Emerald,6.88*4.58,4.89,4.56,,Plain,0.47,
923,NKC8207,,NKC,,11,Round,5.4,2.96,2.76,,Plain,0.68,
924,NKC8210,Nhẫn Emerald kết hợp Fancy Halo,NKC,,11,Round,7.0*5.0,4.6,4.29,,Plain,1.06,
925,NKC8211,,NKC,,11,Princess,5.4,4.59,3.35,,Plain,0.27,
926,NKC8302,,NKC,,5,Pear,9.1*5.3,3.94,3.67,,Plain,0.54,
927,NKC8402,,NKC,,12,Heart,6,8.95,8.35,,Plain,1.31,
928,NKC8503,,NKC,,11,Oval,8.0*6.0,3.78,3.5,,Plain,0.76,
929,NKC8505,,NKC,,11,Oval,7*5,4.99,4.17,,Plain,1.44,
930,NKC9901, ,NKC,,11,Round,6,3.34,3.11,,Plain,0.19,
931,NKC9902,Nhẫn Royal design,NKC,,11,Round,6.3,4.95,4.62,,Plain,0.32,
932,NKC9905,Nhẫn Royal design,NKC,,10,Round,5.4,3.41,3.18,,Pattern,0.26,
933,NKC9906,Nhẫn Royal design,NKC,,10,Round,5.4,3.36,3.13,,Pattern,0.3,
934,NKC9907,Nhẫn Royal design,NKC,,10,Round,6.4,4.76,4.44,,Pattern,0.89,
935,NKC9908,Nhẫn Royal design,NKC,,10,Round,6.3,5.32,4.96,,Pattern,0.31,
936,NKC9914,Nhẫn Royal design,NKC,,11,Round,6.3,7.05,6.57,,Pattern,0.91,
937,NKC9915,Nhẫn Royal design,NKC,,11,Round,6.3,5.16,4.81,,Pattern,0.37,
938,NKC9916,Nhẫn Royal design ,NKC,,10,Round,6.3,4.95,4.62,,Pattern,0.11,
939,NKC9917,Nhẫn Royal design,NKC,,11,Round,5.4,3.4,3.17,,Pattern,0.41,
940,NNA1401,,NNA,,20.5,,,11.01,10.27,,Plain,1.48,
941,NNA2101,,NNA,,20,Emerald,13.6*10.8,26.05,24.3,,Plain,0,
942,NNA2102,,NNA,,20,,,15.9,14.83,,Plain,0.02,
943,NNA2103,,NNA,,20.5,,,13.55,12.64,,Plain,0.16,
944,NNA2104,,NNA,,20,,,17.8,16.6,,Plain,0.14,
945,NNA2105,,NNA,,20,,,19.22,17.93,,Plain,0.32,
946,NNA2201,,NNA,,16,,,14.06,13.11,,Plain,0.12,
947,NNA2202,,NNA,,20,,,14.06,13.11,,Plain,0,
948,NNA2301,,NNA,,20,,,11.92,11.11,,Plain,1.94,
949,NNA2302,,NNA,,19,,,13.38,12.48,,Plain,0.57,
950,NNA2303,,NNA,,18,,,12.4,11.56,,Plain,0.29,
951,NNA2304,,NNA,,16,,,14.42,13.45,,Plain,1.17,
952,NNA2305,,NNA,,20,,,12.67,11.82,,Plain,0.68,
953,NNA2306,,NNA,,20,,,14.18,13.81,,Plain,0.53,
954,NNA2307,,NNA,,20,,,11.82,11.02,,Pattern,0.32,
955,NNA2308,,NNA,,20,,,11.7,5.6,,Plain,0.43,
956,NNA2309,,NNA,,19,,,13.27,12.37,,Plain,0.77,
957,NNA2310,,NNA,,20,,,11.38,10.6,,Plain,0.97,
958,NNA2311,,NNA,,18,,,8.77,8.18,,Plain,0.42,
959,NNA2313,,NNA,,20,,,12.22,11.4,,Pattern,0.47,
960,NNA3101,,NNA,,18,Round,6.3,17.54,16.36,,Plain,2.2,
961,NNA3102,,NNA,,18,Round,5.4,13.65,12.73,,Plain,1.04,
962,NNA3103,,NNA,,20,Round,4.5,11.73,10.94,,Plain,0.63,
963,NNA3104,,NNA,,17,Round,5,15.43,14.39,,Plain,0.32,
964,NNA3105,,NNA,,15.5,Round,5.4,10.21,9.52,,Plain,0.42,
965,NNA3106,,NNA,,16,Round,5,9.24,8.61,,Plain,0,
966,NNA3107,,NNA,,15,Round,5,10.8,10.07,,Plain,0.23,
967,NNA3108,,NNA,,19,Round,5.4,10.8,10.07,,Plain,0.36,
968,NNA3109,,NNA,,20,Round,5.4,12.02,11.2,,Plain,0.17,
969,NNA3110,,NNA,,20,Round,5.4,12.55,11.7,,Pattern,0.12,
970,NNA3111,,NNA,,16,Round,5,10.77,10.04,,Plain,0.37,
971,NNA3112,,NNA,,15,Round,5,10.33,9.63,,Plain,0.09,
972,NNA3114,,NNA,,20,Round,5.4,12.05,11.24,,Plain,0.05,
973,NNA3115,,NNA,,21,Round,5,10.09,9.41,,Plain,1.23,
974,NNA3116,,NNA,,21,Round,5,13.96,13.02,,Plain,0.22,
975,NNA3117,,NNA,,15,Round,5,9.54,8.9,,Plain,0.11,
976,NNA3118,,NNA,,20,Round,5,11.83,11.03,,Plain,0.05,
977,NNA3119,,NNA,,20,Round,5.4,13.38,12.47,,Plain,1.02,
978,NNA3120,,NNA,,19,Round,6.3,17.1,15.94,,Plain,1.98,
979,NNA3121,,NNA,,28,Round,6.3,27.26,25.42,,Plain,1.12,
980,NNA3122,,NNA,,18,Round,4.5,10.23,9.54,,Plain,0.24,
981,NNA3123,,NNA,,17,Round,5.4,15.99,14.91,,Plain,0.53,
982,NNA3201,,NNA,,15,Round,5.4,10.33,9.63,,Plain,0.15,
983,NNA3202,,NNA,,20,Oval,8.0*6.0,9.97,9.3,,Plain,0.36,
984,NNA3203,,NNA,,20,Round,5,14.53,13.55,,Pattern,0.59,
985,NNA3204,,NNA,,19,Round,5.4,10.63,9.91,,Plain,1.24,
986,NNA3401,,NNA,,16,Round,5.4,12.33,11.47,,Plain,0.83,
987,NNA3402,,NNA,,16,Round,5,9.09,8.47,,Plain,0.16,
988,NNA3403,,NNA,,16,Round,4.5,19.68,18.35,,Pattern,0,
989,NNA3404,,NNA,,16,Round,6.3,10.57,8.83,,Pattern,0.51,
990,NNA3405,,NNA,,16,Round,5,17.94,15,,Pattern,0.39,
991,NNA3406,,NNA,,16,Round,5,14.89,12.44,,Pattern,0.1,
992,NNA3407,,NNA,,18,Round,5.4,13.22,11.05,,Plain,0.53,
993,NNA3408,,NNA,,19,Round,6.3,16.49,13.78,,Plain,3.56,
994,NNA3501,,NNA,,19,Round,4.5,7.73,6.46,,Plain,0,0
995,NNA3801,,NNA,,19,Round,6,11.48,9.6,,Pattern,0.29,
996,NNA3802,,NNA,,18,Round,4.1,16.78,14.03,,Pattern,0.32,
997,NNA3803,,NNA,,20,Round,5.4,20.97,17.53,,Plain,0.37,
998,NNA3901,,NNA,,16,Round,5.4,9.93,8.3,,Plain,0.2,
999,NNA3902,,NNA,,18,Round,6,9.97,8.33,,Pattern,0.24,
1000,NNA3903,,NNA,,20,Round,6,8.36,6.99,,Plain,0.22,
1001,NNA3904,,NNA,,18,Round,4.1,12.22,11.39,,Plain,0.71,
1002,NNA3905,,NNA,,19,Round,5.4,10.19,8.52,,Plain,0,0
1003,NNA3906,,NNA,,18,Round,6.3,9.18,7.67,,Plain,0.24,
1004,NNA3907,,NNA,,18,Round,6.3,12.8,10.7,,Plain,0.28,
1005,NNA3908,,NNA,,21,Round,4.5,8.38,7,,Plain,0.13,
1006,NNA3909,,NNA,,18,Round,6.3,18.2,15.21,,Plain,0.55,
1007,NNA3910,,NNA,,18,Round,5,16.52,13.81,,Plain,0.4,
1008,NNA3911,,NNA,,20,Round,4.5,10.03,8.39,,Plain,0.1,
1009,NNA3912,,NNA,,20,Round,4.1,16.89,14.12,,Plain,0.68,
1010,NNA3913,,NNA,,18,Round,6,13.08,10.93,,Plain,0.24,
1011,NNA3914,,NNA,,20,Round,6.3,10.86,9.08,,Plain,1.58,
1012,NNA3915,,NNA,,18,Round,5.4,12.15,10.15,,Plain,0.25,
1013,NNA3916,,NNA,,19,Round,6.4,10.51,8.79,,Plain,1.79,
1014,NNA4001,,NNA,,17,,,8.38,7.82,,Pattern,0.49,
1015,NNA4101,,NNA,,12,Princess,4.5,10.75,8.98,,Plain,0,0
1016,NNA4102,,NNA,,20,Princess,5.4,12.62,10.55,,Plain,0.41,
1017,NNA4104,,NNA,,25,Princess,5.5,14.34,11.99,,Plain,1.02,
1018,NNA4105,,NNA,,20,Princess,5,13.52,11.3,,Plain,0.049,
1019,NNA4106,,NNA,,20,Princess,4.5,13.64,11.4,,Plain,0.38,
1020,NNA4107,,NNA,,20,Princess,5,16.42,13.72,,Plain,0.187,
1021,NNA4108,,NNA,,18,Princess,4.5,11.58,9.68,,Plain,0.34,
1022,NNA4109,,NNA,,20,Princess,4.5,19.89,16.63,,Plain,0,0
1023,NNA4110,,NNA,,20,Princess,6,12.37,10.34,,Plain,0.6,
1024,NNA4111,,NNA,,20,,,15.36,12.84,,Pattern,0.27,
1025,NNA4112,,NNA,,20,,,17.74,14.83,,Pattern,0.3,
1026,NNA4113,,NNA,,20,,,16.46,13.76,,Pattern,0.1,
1027,NNA4114,,NNA,,20,Princess,5.4,13.38,11.18,,Plain,1.02,
1028,NNA4115,,NNA,,20,Princess,4.1,12.77,10.67,,Plain,0.51,
1029,NNA4201,,NNA,,19,Emerald,8,17.13,14.32,,Plain,0.87,
1030,NNA4202,,NNA,,20,Emerald,6.3,14.42,12.05,,Plain,0.18,
1031,NNA4203,,NNA,,20,Emerald,8,11.39,9.52,,Plain,0.19,
1032,NNA4204,,NNA,,20,Emerald,8,17.4,14.55,,Plain,0.15,
1033,NNA4205,,NNA,,20,Emerald,6.5,11.54,9.65,,Plain,0.28,
1034,NNA4207,,NNA,,20,Emerald,8,15.07,12.6,,Pattern,0.42,
1035,NNA4208,,NNA,,20,Emerald,8,16.93,14.15,,Pattern,0,0
1036,NNA4209,,NNA,,20,Emerald,5.4,13.84,11.56,,Plain,0.38,
1037,NNA4301,,NNA,,20,Oval,7,11.69,9.77,,Plain,0.54,
1038,NNA4302,,NNA,,20,Oval,8,9.95,8.31,,Plain,0,0
1039,NNA4303,,NNA,,20,Oval,8,13.55,11.32,,Plain,0.68,
1040,NNA4304,,NNA,,19,Oval,8,10.53,8.8,,Plain,0.18,
1041,NNA4401,,NNA,,18,Cushion,7.5,16.3,13.62,,Plain,0.06,
1042,NNA8001,,NNA,,20,,,9.32,7.79,,Pattern,0.74,
1043,NNA8002,,NNA,,20,,,9.32,7.79,,Pattern,0.74,
1044,NNA8003,,NNA,,16,,,16.29,13.61,,Pattern,1.37,
1045,NNA8004,,NNA,,19,,,10.53,8.8,,Plain,3.06,
1046,NNA8005,,NNA,,20,,,6.53,5.46,,Plain,1.99,
1047,NNA8006,,NNA,,15,,,11.2,9.36,,Pattern,0.88,
1048,NNA8007,,NNA,,17,,,10.96,9.16,,Plain,1.77,
1049,NNA8008,,NNA,,17,,,15,12.54,,Plain,0.92,
1050,NNA8009,,NNA,,18,,,14.3,11.95,,Pattern,0.77,
1051,NNA8010,,NNA,,18,,,11.62,9.71,,Plain,0.99,
1052,NNA8011,,NNA,,18,,,10.62,8.88,,Plain,0.29,
1053,NNA8012,,NNA,,18,,,10.62,8.88,,Plain,0.29,
1054,NNA8013,,NNA,,17,,,8.02,6.71,,Plain,0.68,
1055,NNA8014,,NNA,,18,,,12.49,10.44,,Pattern,0.48,
1056,NNA8015,,NNA,,20,,,8.4,7.02,,Pattern,0.59,
1057,NNA8016,,NNA,,20,,,12.41,10.38,,Pattern,0.81,
1058,NNA8017,,NNA,,20,,,10.61,8.87,,Pattern,0.76,
1059,NNA8018,,NNA,,20,,,10.61,8.87,,Pattern,0.76,
1060,NNA8019,,NNA,,23,,,23.32,19.49,,Pattern,0.84,
1061,NNA8020,,NNA,,21,,,12.75,10.65,,Pattern,0.26,
1062,NNA8021,,NNA,,17,,,11.63,10.85,,Pattern,1.99,
1063,NPT3107,Colour Men Ring,NNA,,18,Round,6.1,12.98,12.1,,Plain,0.16,
1064,NPT3116,Colour Men Ring,NNA,,16,Round,6.3,11.82,11.02,,Plain,0.5,
1065,NPT3119,Colour Men Ring,NNA,,20,Princess,7.2,14.08,13.13,,Plain,1.2,
1066,NPT3407,Colour Men Ring,NNA,,22,Round,7.1,10.88,10.14,,Plain,0.53,
1067,NPT3801,Colour Men Ring,NNA,,16,Round,6.3,9.95,9.28,,Pattern,0.29,
1068,NPT3802,Colour Men Ring,NNA,,18,Round,4.1,15.78,14.71,,Pattern,0.32,
1069,NPT4207,Colour Men Ring,NNA,,20,Emerald,8.0*6.0,13.91,12.98,,Pattern,0.38,
1070,NPT4209,Colour Men Ring,NNA,,18,Emerald,9.1*7.2,12.42,11.59,,Plain,0.58,
1071,NPT4304,Colour Men Ring,NNA,,18,Oval,11.8*9.0,14.97,13.96,,Plain,0.47,
1072,NPT4305,Colour Men Ring,NNA,,17.5,Oval,9.0*7.0,11.67,10.88,,Plain,0.31,
1073,NTT1201,LIZZIE LADIES MIDI COLLECTION,NTT,,8,,,1.53,1.41,,Plain,0.01,
1074,NTT1202,LIZZIE LADIES MIDI COLLECTION,NTT,,8,,,1.47,1.35,,Plain,0.02,
1075,NTT1203,LIZZIE LADIES MIDI COLLECTION,NTT,,8,,,1.29,1.19,,Plain,0.02,
1076,NTT1204,LIZZIE LADIES MIDI COLLECTION,NTT,,10,,,1.58,1.47,,Plain,0.01,
1077,NTT1205,LIZZIE LADIES MIDI COLLECTION,NTT,,10,,,1.67,1.56,,Plain,0.01,
1078,NTT1206,LIZZIE LADIES MIDI COLLECTION,NTT,,11,,,1.33,1.24,,Plain,0.08,
1079,NTT1207,LIZZIE LADIES MIDI COLLECTION,NTT,,11,,,2.12,1.98,,Pattern,0.17,
1080,NTT1208,LIZZIE LADIES MIDI COLLECTION,NTT,,10,,,1.75,1.63,,Pattern,0.01,
1081,NTT1801,LIZZIE LADIES MIDI COLLECTION,NTT,,10,,,2.09,1.95,,Pattern,,
1082,NTT1802,LIZZIE LADIES MIDI COLLECTION,NTT,,10,,,1.42,1.32,,Pattern,,
1083,NTT1803,LIZZIE LADIES MIDI COLLECTION,NTT,,10,,,2.34,2.19,,Pattern,0.15,
1084,NTT1804,LIZZIE LADIES MIDI COLLECTION,NTT,,10,,,1.2,1.12,,Pattern,0.02,
1085,NTT1805,LIZZIE LADIES MIDI COLLECTION,NTT,,11,,,1.89,1.76,,Pattern,,
1086,NTT1806,LIZZIE LADIES MIDI COLLECTION,NTT,,11,,,1.53,1.43,,Plain,0.01,
1087,NTT1901,LIZZIE LADIES MIDI COLLECTION,NTT,,10,,,1.08,1.01,,Pattern,0.06,
1088,NTT5101,HÀNG THẦN TÀI 2024,,,8.5,,,1.84,1.69,2.43,Pattern,0.001,
1089,NTT5102,HÀNG THẦN TÀI 2024,,,9.5,,,1.54,1.42,2.04,Pattern,0.01,
1090,NTT5103,HÀNG THẦN TÀI 2024,,,11,,,3.82,3.08,5.05,Pattern,0.001,
1091,NTT5104,HÀNG THẦN TÀI 2024,,,11,,,4.22,3.88,5.58,Pattern,0.001,
1092,VCO0001,LINH RIN,Others,,,Round,8.5,112.71,105.11,,Plain,37,
1093,VCO0002,LINH RIN,Others,,,Round,8.5,4.87,4.54,,Plain,1.65,
1094,VCO0003,LINH RIN,Others,,,,,38.42,35.83,,Plain,22.22,
1095,VCO0004,LINH RIN,Others,,,,,52.34,48.8,,Plain,17.61,
1096,VTA0001,,VTA,,,,,5.88,5.4,,Plain,0.33,
1097,VTA0007,HÀNG THẦN TÀI 2024,,,,,,1.32,1.21,1.74,Pattern,0.001,
1098,VTA0008,HÀNG THẦN TÀI 2024,,,,,,3.08,2.83,4.07,Pattern,0.001,
1099,VTA0009,HÀNG THẦN TÀI 2024,,,,,,3.16,2.9,4.17,Pattern,0.001,
1100,VTA1101,,VTA,,,,,5.26,4.91,,Plain,44685,
1101,VTA1102,,VTA,,,Round,5.4,16.46,15.35,,Plain,6.32,
1102,VTA1103,,VTA,,,,,11.39,10.62,,Plain,2.58,
1103,VTA1104,,VTA,,,,,5.34,4.98,,Plain,2.03,
1104,VTA1105,,VTA,,,,,10.98,10.24,,Plain,3.57,
1105,VTA1106,,VTA,,,,,16.1,15.02,,Plain,8.66,
1106,VTA1108,,VTA,,,,,11.32,10.56,,Plain,7.63,cushion square
1107,VTA1109,,VTA,,,,,14.64,13.65,,Plain,7.79,
1108,VTA1110,,VTA,,,,,7.15,6.67,,Plain,6.2,radiant
1109,VTA1111,,VTA,,,,,8.59,8.01,,Plain,9.17,
1110,VTA1112,,VTA,,,,,15.67,14.61,,Plain,15.83,radiant
1111,VTA1114,,VTA,,,,,12.76,11.9,,Plain,7.23,
1112,VTA1116,,VTA,,,,,21.56,20.11,,Plain,7.58,radiant
1113,VTA1201,,VTA,,,,,26.84,25.03,,Plain,6.75,
1114,VTA2002,SICULA,VTA,51,,Round,,20.78,19.08,,Plain,,
1115,VTA3101,,VTA,,,,,14,12.86,,Plain,1.02,
1116,VTA3103,,VTA,,,,,16.99,15.85,,Plain,2.46,
1117,VTA3104,,VTA,,,,,11.92,11.11,,Plain,2.21,
1118,VTA3105,,VTA,,,,,7.18,6.76,,Plain,44682,
1119,VTA5102,,VTA,,,,4.5,1.49,1.39,,Plain,0.17,
1120,VTA5103,,VTA,,,,,2.81,2.58,,Plain,0.42,
1121,VTA5104,,VTA,,,,,1.3,1.21,,Plain,0.41,
1122,VTA5105,,VTA,,,,,1.45,1.35,,Plain,0.14,
1123,VTA8102,,VTA,,,,,1.53,1.42,,Pattern,0.09,
1124,VTA8103,,VTA,,,,,22.31,20.81,,Plain,12.42,
1125,VTA8104,,VTA,,,,,24.88,23.2,,Plain,2.82,
1126,VTA8109,,VTA,51.03,,Round,4.5,20.2,18.84,,Plain,0.56,
1127,VTA8110,,VTA,,,,,22.81,21.27,,Plain,0.84,
1128,VTA8111,,VTA,,,,,14.93,13.93,,Plain,0.43,
1129,VTA8112,,VTA,,,,,15.83,14.76,,Plain,8.53,
1130,VTA8118,HÀNG THẦN TÀI,VTA,,,,,0.45,0.42,,Plain,0.022,
1131,VTA8118 . 2024,HÀNG THẦN TÀI 2024,,,,,,1.09,1,1.44,Plain,0.02,
1132,VTA9001,LINH RIN,VTA,50,,Round,8.5,28.59,26.66,,Plain,3.36,
1133,VTA9002,LINH RIN,VTA,50,,Round,8.5,31.56,29.43,,Plain,2.69,
1134,VTA9003,LINH RIN,VTA,,,,,18.63,17.37,,Plain,2.64,
1135,VTA9004,,VTA,,,,,18.63,17.37,,Plain,2.64,
