ProductId,Shape1,Size1,SL1,Shape2,Size2,SL2,Shape3,Size3,SL3,Shape4,Size4,SL4,Shape5,Size5,SL5,Shape6,Size6,SL6,Shape7,Size7,SL7,Shape8,Size8,SL8,Shape9,Size9,SL9,Shape10,Size10,SL10,new_ver
1,,,,,,,,,,,,,,,,,,,,,,,,,,,,,,, -   
2,Baguette,3.0*2.0,2,,,,,,,,,,,,,,,,,,,,,,,,,,,, -   
3,Round,1.3*1.3,10,Round,1.5*1.5,10,,,,,,,,,,,,,,,,,,,,,,,,, -   
4,Round,1.5*1.5,6,,,,,,,,,,,,,,,,,,,,,,,,,,,, -   
5,Round,1.0*1.0,2,Round,1.2*1.2,4,,,,,,,,,,,,,,,,,,,,,,,,, -   
6,Round,1.2*1.2,4,,,,,,,,,,,,,,,,,,,,,,,,,,,, -   
7,Round,1.2*1.2,2, ,,,,,,,,,,,,,,,,,,,,,,,,,,, -   
8, , , , ,,,,,,,,,,,,,,,,,,,,,,,,,,, -   
9,Round,0.8*0.8,4,Round,1.0*1.0,2,,,,,,,,,,,,,,,,,,,,,,,,, - 
10,,,,,,,,,,,,,,,,,,,,,,,,,,,,,,, -   
11,,,,,,,,,,,,,,,,,,,,,,,,,,,,,,, -   
12,,,,,,,,,,,,,,,,,,,,,,,,,,,,,,, -   
13,,,,,,,,,,,,,,,,,,,,,,,,,,,,,,, -   
14,,,,,,,,,,,,,,,,,,,,,,,,,,,,,,, -   
15,,,,,,,,,,,,,,,,,,,,,,,,,,,,,,, -   
16,Round,0.9*0.9,86,Round,1.0*1.0,16,,,,,,,,,,,,,,,,,,,,,,,,, -   
17,Round,0.9*0.9,2,Round,1.0*1.0,2,Round,0.8*0.8,2,,,,,,,,,,,,,,,,,,,,,, -   
18,,,,,,,,,,,,,,,,,,,,,,,,,,,,,,, -   
19,,,,,,,,,,,,,,,,,,,,,,,,,,,,,,, -   
20,,,,,,,,,,,,,,,,,,,,,,,,,,,,,,, -   
21,,,,,,,,,,,,,,,,,,,,,,,,,,,,,,, -   
22,,,,,,,,,,,,,,,,,,,,,,,,,,,,,,, -   
23,Round,1.1*1.1,2,Round,1.0*1.0,34,,,,,,,,,,,,,,,,,,,,,,,,, -   
24,Round,1.5*1.5,24,,,,,,,,,,,,,,,,,,,,,,,,,,,, -   
25,Round,1.5*1.5,26,,,,,,,,,,,,,,,,,,,,,,,,,,,, -   
26,Round,1.0*1.0,80,,,,,,,,,,,,,,,,,,,,,,,,,,,, -   
27,Round,1.5*1.5,24,,,,,,,,,,,,,,,,,,,,,,,,,,,, -   
28,Round,1.4*1.4,28,,,,,,,,,,,,,,,,,,,,,,,,,,,, -   
29,Round,1.4*1.4,24,,,,,,,,,,,,,,,,,,,,,,,,,,,, -   
30,Round,1.5*1.5,24,,,,,,,,,,,,,,,,,,,,,,,,,,,, -   
31,Round,1.5*1.5,28,,,,,,,,,,,,,,,,,,,,,,,,,,,, -   
32,Round,2.0*2.0,22,,,,,,,,,,,,,,,,,,,,,,,,,,,, -   
33,Round,1.0*1.0,40,,,,,,,,,,,,,,,,,,,,,,,,,,,, -   
34,Round,1.2*1.2,30,,,,,,,,,,,,,,,,,,,,,,,,,,,, -   
35,Round,1.1*1.1,36,,,,,,,,,,,,,,,,,,,,,,,,,,,, -   
36,Round,1.1*1.1,84,,,,,,,,,,,,,,,,,,,,,,,,,,,, -   
37,Round,1.0*1.0,44,Round,0.9*0.9,44,,,,,,,,,,,,,,,,,,,,,,,,, -   
38,Princess,3.5*3.5,2,Round,1.2*1.2,32,,,,,,,,,,,,,,,,,,,,,,,,, -   
39,Round,3.5*3.5,2,Round,1.2*1.2,24,Round,2.0*2.0,16,Round,1.6*1.6,16,Round,1.8*1.8,8,Round,2.2*2.2,8,,,,,,,,,,,,, -   
40,Round,2.2*2.2,16,,,,,,,,,,,,,,,,,,,,,,,,,,,, -   
41,Round,1.5*1.5,32,,,,,,,,,,,,,,,,,,,,,,,,,,,, -   
42,Round,0.9*0.9,60,Round,1.8*1.8,20,,,,,,,,,,,,,,,,,,,,,,,,, -   
43,Round,0.9*0.9,12,Round,1.1*1.1,84,,,,,,,,,,,,,,,,,,,,,,,,, -   
44,Round,1.1*1.1,40,,,,,,,,,,,,,,,,,,,,,,,,,,,, -   
45,Round,1.5*1.5,16,Round,0.9*0.9,16,,,,,,,,,,,,,,,,,,,,,,,,, -   
46,Round,0.9*0.9,72,,,,,,,,,,,,,,,,,,,,,,,,,,,, -   
47,Round,1.5*1.5,8,,,,,,,,,,,,,,,,,,,,,,,,,,,, -   
48,Round,1.1*1.1,32,Round,1.0*1.0,32,,,,,,,,,,,,,,,,,,,,,,,,, -   
49,Round,1.2*1.2,12,Round,1.0*1.0,28,Marquise,2.5*1.25,12,,,,,,,,,,,,,,,,,,,,,, -   
50,Round,0.9*0.9,28,Round,1.0*1.0,12,Round,0.8*0.8,4,,,,,,,,,,,,,,,,,,,,,, -   
51,Round,1.0*1.0,24,,,,,,,,,,,,,,,,,,,,,,,,,,,, -   
52,Round,1.0*1.0,12,Round,0.9*0.9,12,,,,,,,,,,,,,,,,,,,,,,,,, -   
53,Round,0.9*0.9,20,Round,1.2*1.2,20,Round,1.5*1.5,20,,,,,,,,,,,,,,,,,,,,,, -   
54,Round,1.0*1.0,32,Marquise,2.5*1.3,40,,,,,,,,,,,,,,,,,,,,,,,,, -   
55,Round,1.0*1.0,42,Round,1.2*1.2,10,,,,,,,,,,,,,,,,,,,,,,,,, -   
56,Round,1.1*1.1,16,Round,1.0*1.0,32,Round,0.9*0.9,16,,,,,,,,,,,,,,,,,,,,,, -   
57,Marquise,3.5*1.75,16,Princess,2.0*2.0,8,,,,,,,,,,,,,,,,,,,,,,,,, -   
58,Round,1.0*1.0,64,Round,1.7*1.7,16,Pear,4.0*2.5,8,Marquise,4.0*2.0,8,,,,,,,,,,,,,,,,,,, -   
59,Round,1.3*1.3,24,Round,1.2*1.2,24,,,,,,,,,,,,,,,,,,,,,,,,, -   
60,Round,1.3*1.3,52,,,,,,,,,,,,,,,,,,,,,,,,,,,, -   
61,Round,3.0*3.0,2,Marquise,4.7*2.4,8,Marquise,4.0*2.0,8,,,,,,,,,,,,,,,,,,,,,, -   
62,Round,1.2*1.2,30,,,,,,,,,,,,,,,,,,,,,,,,,,,, -   
63,Round,1.5*1.5,8,Round,0.9*0.9,72,,,,,,,,,,,,,,,,,,,,,,,,, -   
64,Round,0.9*0.9,48,Round,1.0*1.0,36,Round,0.8*0.8,24,,,,,,,,,,,,,,,,,,,,,, -   
65,Round,2.0*2.0,20,,,,,,,,,,,,,,,,,,,,,,,,,,,, -   
66,Round,2.5*2.5,10,Round,3.5*3.5,2,,,,,,,,,,,,,,,,,,,,,,,,, -   
67,Round,1.2*1.2,10,Round,1.3*1.3,10,Round,1.5*1.5,10,,,,,,,,,,,,,,,,,,,,,, -   
68,Round,1.2*1.2,48,,,,,,,,,,,,,,,,,,,,,,,,,,,, -   
69,Round,0.9*0.9,96,Round,1.4*1.4,16,,,,,,,,,,,,,,,,,,,,,,,,, -   
70,Princess Ngàm,1.8*1.8,20,,,,,,,,,,,,,,,,,,,,,,,,,,,, -   
71,Round,1.5*1.5,8,Round,1.0*1.0,16,Round,1.7*1.7,8,,,,,,,,,,,,,,,,,,,,,, -   
72,Round,1.6*1.6,26,Round,1.3*1.3,26,,,,,,,,,,,,,,,,,,,,,,,,, -   
73,Round,1.6*1.6,12,,,,,,,,,,,,,,,,,,,,,,,,,,,, -   
74,Round,1.7*1.7,12,,,,,,,,,,,,,,,,,,,,,,,,,,,, -   
75,Round,1.3*1.3,16,Round,0.9*0.9,32,,,,,,,,,,,,,,,,,,,,,,,,, -   
76,Round,0.9*0.9,38,Round,1.5*1.5,32,,,,,,,,,,,,,,,,,,,,,,,,, -   
77,Round,1.2*1.2,12,Round,1.5*1.5,12,,,,,,,,,,,,,,,,,,,,,,,,, -   
78,Baguette,2.0*1.0,8,Round,0.9*0.9,32,Round,1.1*1.1,16,Round,1.2*1.2,8,,,,,,,,,,,,,,,,,,, -   
79,Round,1.1*1.1,32,Marquise,3.0*1.5,8,Round,1.7*1.7,16,,,,,,,,,,,,,,,,,,,,,, -   
80,Round,1.3*1.3,16,Round,0.9*0.9,32,,,,,,,,,,,,,,,,,,,,,,,,, -   
81,Round,1.0*1.0,32,Round,1.1*1.1,8,,,,,,,,,,,,,,,,,,,,,,,,, -   
82,Round,1.3*1.3,12,Round,1.9*1.9,12,,,,,,,,,,,,,,,,,,,,,,,,, -   
83,Round,1.5*1.5,24,,,,,,,,,,,,,,,,,,,,,,,,,,,, -   
84,Round,2.0*2.0,38,,,,,,,,,,,,,,,,,,,,,,,,,,,, -   
85,Round,1.5*1.5,18,,,,,,,,,,,,,,,,,,,,,,,,,,,, -   
86,Round,1.5*1.5,90,,,,,,,,,,,,,,,,,,,,,,,,,,,, -   
87,Round,1.0*1.0,2,Round,1.2*1.2,4,Round,1.5*1.5,8,Round,1.6*1.6,12,,,,,,,,,,,,,,,,,,, -   
88,Round,2.2*2.2,14,Round,1.3*1.3,44,,,,,,,,,,,,,,,,,,,,,,,,, -   
89,Round,1.3*1.3,14,,,,,,,,,,,,,,,,,,,,,,,,,,,, -   
90,Round,1.0*1.0,16,Round,1.1*1.1,32,Round,0.9*0.9,6,Round,0.8*0.8,2,Round,1.2*1.2,2,Round,1.4*1.4,2,,,,,,,,,,,,, -   
91,Round,0.9*0.9,4,Round,1.2*1.2,12,Round,1.3*1.3,6,Round,1.0*1.0,20,,,,,,,,,,,,,,,,,,, -   
92,Round,0.8*0.8,8,Round,0.9*0.9,8,Round,1.1*1.1,8,Round,1.0*1.0,8,,,,,,,,,,,,,,,,,,, -   
93,Round,1.2*1.2,24,Round,2.7*2.7,2,Round,1.5*1.5,8,Round,2.0*2.0,8,Round,1.1*1.1,16,Round,1.0*1.0,72,Round,0.9*0.9,32,,,,,,,,,, -   
94,,,,,,,,,,,,,,,,,,,,,,,,,,,,,,, -   
95,Round,0.8*0.8,28,Round,1.0*1.0,2,Round,0.9*0.9,16,,,,,,,,,,,,,,,,,,,,,, -   
96,Round,1.3*1.3,26,Round,2.0*2.0,2,,,,,,,,,,,,,,,,,,,,,,,,, -   
97,Round,1.0*1.0,54,Round,1.5*1.5,2,,,,,,,,,,,,,,,,,,,,,,,,, -   
98,Round,1.0*1.0,4,Round,0.8*0.8,4,Round,0.9*0.9,4,Round,1.2*1.2,2,Round,1.1*1.1,2,Round,1.5*1.5,28,,,,,,,,,,,,, -   
99,Round,1.0*1.0,40,Round,1.1*1.1,4,Round,0.9*0.9,4,Round,0.8*0.8,4,,,,,,,,,,,,,,,,,,, -   
100,Round,2.5*2.5,2,Round,1.2*1.2,12,Round,1.3*1.3,16,Round,1.4*1.4,10,Round,1.1*1.1,2,,,,,,,,,,,,,,,, -   
101,Round,1.0*1.0,48,,,,,,,,,,,,,,,,,,,,,,,,,,,, -   
102,Round,1.0*1.0,52,Round,1.5*1.5,32,Round,1.2*1.2,16,,,,,,,,,,,,,,,,,,,,,, -   
103,Round,3.3*3.3,2,,,,,,,,,,,,,,,,,,,,,,,,,,,, -   
104,Round,1.6*1.6,2,Round,1.3*1.3,16,Round,1.2*1.2,12,Round,1.4*1.4,2,Round,3*3,2,,,,,,,,,,,,,,,, -   
105,Round,1.0*1.0,6,Round,1.1*1.1,4,Round,1.2*1.2,4,Round,1.3*1.3,4,Round,1.8*1.8,2,,,,,,,,,,,,,,,, -   
106,Round,0.9*0.9,18,Round,1.3*1.3,4,Round,1.4*1.4,2,Round,2.0*2.0,2,Round,0.8*0.8,10,Round,1.0*1.0,72,Round,1.1*1.1,12,,,,,,,,,, -   
107,Round,1.0*1.0,24,Round,0.9*0.9,64,Round,1.1*1.1,8,Round,3.5*3.5,2,Round,2.2*2.2,16,Round,2.0*2.0,2,,,,,,,,,,,,, -   
108,Round,2.4*2.4,6,Round,1.1*1.1,32,Round,1.4*1.4,4,,,,,,,,,,,,,,,,,,,,,, -   
109,Round,1.7*1.7,8,Round,2.5*2.5,16,,,,,,,,,,,,,,,,,,,,,,,,, -   
110,Round,1.4*1.4,10,Round,1.7*1.7,10,Round,1.2*1.2,10,,,,,,,,,,,,,,,,,,,,,, -   
111,Round,1.3*1.3,48,,,,,,,,,,,,,,,,,,,,,,,,,,,, -   
112,Round,2.5*2.5,8,Round,1.8*1.8,2,Round,2.2*2.2,2,Round,2.2*2.2,2,,,,,,,,,,,,,,,,,,, -   
113,Round,1.3*1.3,48,Round,1.0*1.0,12,,,,,,,,,,,,,,,,,,,,,,,,, -   
114,Round,1.5*1.5,6,Round,1.8*1.8,4,Round,1.2*1.2,2,Round,1.1*1.1,4,,,,,,,,,,,,,,,,,,, -   
115,Round,1.5*1.5,40,Round,0.9*0.9,32,Oval,5.0*3.0,2,,,,,,,,,,,,,,,,,,,,,, -   
116,Round,1.0*1.0,30,Round,0.9*0.9,8,Round,0.8*0.8,32,Round,1.1*1.1,2,Round,0.9*0.9,4,,,,,,,,,,,,,,,, -   
117,Round,1.2*1.2,30,Round,1.3*1.3,16,,,,,,,,,,,,,,,,,,,,,,,,, -   
118,Round,1.2*1.2,34,Round,1.1*1.1,20,,,,,,,,,,,,,,,,,,,,,,,,, -   
119,Round,0.9*0.9,32,,,,,,,,,,,,,,,,,,,,,,,,,,,, -   
120,Princess Ngàm,1.5*1.5,96,,,,,,,,,,,,,,,,,,,,,,,,,,,, -   
121,Round,3.0*3.0,2,,,,,,,,,,,,,,,,,,,,,,,,,,,, -   
122,Princess,2.0*2.0,10,,,,,,,,,,,,,,,,,,,,,,,,,,,, -   
123,,,,,,,,,,,,,,,,,,,,,,,,,,,,,,, -   
124,Round,1.1*1.1,26,,,,,,,,,,,,,,,,,,,,,,,,,,,, -   
125,,,,,,,,,,,,,,,,,,,,,,,,,,,,,,, -   
126,Round,1.4*1.4,12,Round,1.1*1.1,4,Round,1.3*1.3,8,,,,,,,,,,,,,,,,,,,,,, -   
127,Princess Ngàm,2.5*2.5,8,,,,,,,,,,,,,,,,,,,,,,,,,,,, -   
128,Round,1.3*1.3,48,,,,,,,,,,,,,,,,,,,,,,,,,,,, -   
129,Round,1.4*1.4,14,,,,,,,,,,,,,,,,,,,,,,,,,,,, -   
130,Round,3.0*3.0,6,,,,,,,,,,,,,,,,,,,,,,,,,,,, -   
131,Round,2.5*2.5,14,,,,,,,,,,,,,,,,,,,,,,,,,,,, -   
132,Round,1.5*1.5,24,,,,,,,,,,,,,,,,,,,,,,,,,,,, -   
133,Round,1.5*1.5,24,,,,,,,,,,,,,,,,,,,,,,,,,,,, -   
134,Round,1.3*1.3,2,Round,1.0*1.0,90,,,,,,,,,,,,,,,,,,,,,,,,, -   
135,Round,1.0*1.0,4,Round,1.3*1.3,24,,,,,,,,,,,,,,,,,,,,,,,,, -   
136,Round,1.4*1.4,36,,,,,,,,,,,,,,,,,,,,,,,,,,,, -   
137,Round,1.1*1.1,14,Round,1.0*1.0,2,Round,0.8*0.8,2,,,,,,,,,,,,,,,,,,,,,, -   
138,,,,,,,,,,,,,,,,,,,,,,,,,,,,,,, -   
139,Round,1.5*1.5,4,Round,3.6*3.6,2,Round,2.7*2.7,4,,,,,,,,,,,,,,,,,,,,,, -   
140,Marquise,3.0*1.5,2,Marquise,4.0*2.0,4,,,,,,,,,,,,,,,,,,,,,,,,, -   
141,Round,1.7*1.7,20,Round,2.2*2.2,8,,,,,,,,,,,,,,,,,,,,,,,,, -   
142,Round,1.9*1.9,2,Round,1.1*1.1,32,Round,1.2*1.2,16,Round,1.3*1.3,8,Round,2.0*2.0,8,,,,,,,,,,,,,,,, -   
143,Round,1.2*1.2,22,Round,0.9*0.9,6,Round,1.0*1.0,6,Round,0.8*0.8,2,,,,,,,,,,,,,,,,,,, -   
144,Round,0.8*0.8,40,Round,0.9*0.9,32,,,,,,,,,,,,,,,,,,,,,,,,, -   
145,Marquise,4.0*2.0,4,Marquise,3.5*1.75,4,Marquise,3.0*1.5,4,Round,1.5*1.5,4,Pear,4.0*2.5,2,,,,,,,,,,,,,,,, -   
146,Round,0.8*0.8,40,Round,0.9*0.9,10,Round,1.2*1.2,4,Round,1.4*1.4,6,Round,2.0*2.0,2,Round,1.7*1.7,2,Round,1.0*1.0,2,,,,,,,,,, -   
147,Round,1.5*1.5,12,,,,,,,,,,,,,,,,,,,,,,,,,,,, -   
148,Round,1.3*1.3,22,Round,1.5*1.5,4,Round,1.1*1.1,6,Round,1.7*1.7,4,Round,1.2*1.2,2,Round,1.0*1.0,4,Round,0.8*0.8,6,Round,0.9*0.9,4,,,,,,, -   
149,Round,0.9*0.9,8,Round,1.0*1.0,12,Round,1.1*1.1,8,Round,1.2*1.2,24,Round,1.3*1.3,4,,,,,,,,,,,,,,,, -   
150,Round,3.5*3.5,2,Round,1.0*1.0,94,Round,1.1*1.1,40,,,,,,,,,,,,,,,,,,,,,, -   
151,Round,1.1*1.1,60,Round,2.0*2.0,12,,,,,,,,,,,,,,,,,,,,,,,,, -   
152,Round,1.0*1.0,24,Round,1.1*1.1,12,,,,,,,,,,,,,,,,,,,,,,,,, -   
153,Round,1.0*1.0,212,Round,1.2*1.2,14,Round,1.3*1.3,28,Round,0.8*0.8,12,Round,1.1*1.1,20,Round,0.9*0.9,2,Round,3.0*3.0,2,,,,,,,,,, -   
154,Marquise,3.0*1.5,8,Round,1.5*1.5,16,Round,2.0*2.0,8,,,,,,,,,,,,,,,,,,,,,, -   
155,Round,1.0*1.0,32,Round,0.8*0.8,32,,,,,,,,,,,,,,,,,,,,,,,,, -   
156,Round,1.5*1.5,12,Round,1.8*1.8,12,,,,,,,,,,,,,,,,,,,,,,,,, -   
157,Round,1.1*1.1,36,Round,1.1*1.1,20,Round,1.2*1.2,6,Round,0.9*0.9,8,Round,1.3*1.3,8,Round,1.4*1.4,4,Round,1.5*1.5,2,,,,,,,,,, -   
158,Round,2.0*2.0,12,Round,1.7*1.7,14,,,,,,,,,,,,,,,,,,,,,,,,, -   
159,Round,0.9*0.9,16,Round,1.0*1.0,16,Round,1.4*1.4,8,,,,,,,,,,,,,,,,,,,,,, -   
160,Round,1.8*1.8,20,Pear,3.0*2.0,4,Marquise,3.0*1.5,6,,,,,,,,,,,,,,,,,,,,,, -   
161,Round,0.9*0.9,84,Round,0.8*0.8,24,Round,0.8*0.8,96,,,,,,,,,,,,,,,,,,,,,, -   
162,Round,1.0*1.0,60,Pear,3.0*2.0,2,Pear,2.5*1.5,4,Marquise,2.5*1.25,4,Round,1.7*1.7,2,,,,,,,,,,,,,,,, -   
163,Round,0.9*0.9,58,,,,,,,,,,,,,,,,,,,,,,,,,,,, -   
164,Round,1.2*1.2,4,Round,1.3*1.3,22,Round,1.1*1.1,2,Round,1.1*1.1,44,Round,1.4*1.4,4,Round,1.0*1.0,30,,,,,,,,,,,,, -   
165,Round,1.0*1.0,28,Round,0.9*0.9,22,Marquise,3.0*1.5,22,,,,,,,,,,,,,,,,,,,,,, -   
166,Round,1.1*1.1,40,Round,0.8*0.8,16,Round,0.9*0.9,16,Round,1.0*1.0,32,,,,,,,,,,,,,,,,,,, -   
167,Round,1.2*1.2,44,Round,1.0*1.0,38,Round,2.0*2.0,2,Round,0.8*0.8,8,Round,1.1*1.1,12,,,,,,,,,,,,,,,, -   
168,Round,0.9*0.9,24,Round,0.8*0.8,20,Round,1.0*1.0,8,,,,,,,,,,,,,,,,,,,,,, -   
169,Round,0.9*0.9,12,Round,0.8*0.8,6,Round,1.3*1.3,16,,,,,,,,,,,,,,,,,,,,,, -   
170,Round,1.1*1.1,20,Round,1.0*1.0,20,Round,0.8*0.8,30,,,,,,,,,,,,,,,,,,,,,, -   
171,Round,3.0*3.0,2,Round,1.1*1.1,2, , , ,,,,,,,,,,,,,,,,,,,,,, -   
172,Round,3.0*3.0,2,Round,1.2*1.2,2,Round,0.9*0.9,4,,,,,,,,,,,,,,,,,,,,,, -   
173,Round,3.0*3.0,2, , , , , , ,,,,,,,,,,,,,,,,,,,,,, -   
174, , , , , , , , , ,,,,,,,,,,,,,,,,,,,,,, -   
175,Round,3.0*3.0,2,Round,1.2*1.2,2,Round,0.8*0.8,2,,,,,,,,,,,,,,,,,,,,,, -   
176,Round,1.8*1.8,48,,,,,,,,,,,,,,,,,,,,,,,,,,,, -   
177,Round,1.8*1.8,48,Round,1.5*1.5,12,,,,,,,,,,,,,,,,,,,,,,,,, -   
178,Round,1.5*1.5,8,Round,2.2*2.2,12,,,,,,,,,,,,,,,,,,,,,,,,, -   
179,Round,1.0*1.0,12,Round,0.8*0.8,2,Round,0.9*0.9,2,,,,,,,,,,,,,,,,,,,,,, - 
180,Round,0.9*0.9,11,,,,,,,,,,,,,,,,,,,,,,,,,,,, - 
181,,,,,,,,,,,,,,,,,,,,,,,,,,,,,,, - 
182,Round,1.4*1.4,6,Round,1.2*1.2,24,Round,1.0*1.0,8,Round,1.3*1.3,18,Round,1.1*1.1,10,,,,,,,,,,,,,,,, - 
183,Round,1.5*1.5,8,Round,1.4*1.4,2,Round,1.3*1.3,2,Round,1.1*1.1,2,Round,0.9*0.9,2,Round,3.5*3.5,2,,,,,,,,,,,,, - 
184,Round,3.5*3.5,2,Round,1.7*1.7,2,,,,,,,,,,,,,,,,,,,,,,,,, - 
185,Round,1.3*1.3,16,Round,1.1*1.1,2,Round,1.2*1.2,20,Round,3.0*3.0,2,,,,,,,,,,,,,,,,,,, - 
186,Round,1.7*1.7,2,Round,1.1*1.1,36,,,,,,,,,,,,,,,,,,,,,,,,, - 
187,Round,1.4*1.4,4,Round,1.3*1.3,6,Round,1.2*1.2,2,Round,1.5*1.5,8,Round,1.6*1.6,2,Round,1.1*1.1,4,Round,1.0*1.0,4,,,,,,,,,, - 
188,Round,1.6*1.6,2,Round,1.8*1.8,2,Round,2.0*2.0,4,Round,1.0*1.0,18,Round,1.1*1.1,8,Round,1.3*1.3,2,Round,1.5*1.5,2,Round,1.7*1.7,2,,,,,,, - 
189,,,,,,,,,,,,,,,,,,,,,,,,,,,,,,, - 
190,,,,,,,,,,,,,,,,,,,,,,,,,,,,,,, - 
191,,,,,,,,,,,,,,,,,,,,,,,,,,,,,,, - 
192,,,,,,,,,,,,,,,,,,,,,,,,,,,,,,, - 
193,,,,,,,,,,,,,,,,,,,,,,,,,,,,,,, - 
194,,,,,,,,,,,,,,,,,,,,,,,,,,,,,,, - 
195,,,,,,,,,,,,,,,,,,,,,,,,,,,,,,, - 
196,,,,,,,,,,,,,,,,,,,,,,,,,,,,,,, - 
197,,,,,,,,,,,,,,,,,,,,,,,,,,,,,,, - 
198,,,,,,,,,,,,,,,,,,,,,,,,,,,,,,, - 
199,,,,,,,,,,,,,,,,,,,,,,,,,,,,,,, - 
200,,,,,,,,,,,,,,,,,,,,,,,,,,,,,,, - 
201,,,,,,,,,,,,,,,,,,,,,,,,,,,,,,, - 
202,,,,,,,,,,,,,,,,,,,,,,,,,,,,,,, - 
203,,,,,,,,,,,,,,,,,,,,,,,,,,,,,,, - 
204,,,,,,,,,,,,,,,,,,,,,,,,,,,,,,, - 
205,Round,0.8*0.8,2,Round,0.9*0.9,3,,,,,,,,,,,,,,,,,,,,,,,,, -   
206,Round,2.2*2.2,1,,,,,,,,,,,,,,,,,,,,,,,,,,,, -   
207,Round,1.1*1.1,4,Round,1.2*1.2,1,Round,0.8*0.8,3,Round,0.9*0.9,4,,,,,,,,,,,,,,,,,,, -   
208,,,,,,,,,,,,,,,,,,,,,,,,,,,,,,, -   
209,,,,,,,,,,,,,,,,,,,,,,,,,,,,,,, -   
210,,,,,,,,,,,,,,,,,,,,,,,,,,,,,,, -   
211,Round,0.8*0.8,10,,,,,,,,,,,,,,,,,,,,,,,,,,,, -   
212,Round,0.9*0.9,3,Round,0.8*0.8,2,,,,,,,,,,,,,,,,,,,,,,,,, -   
213,Round,1.5*1.5,4,,,,,,,,,,,,,,,,,,,,,,,,,,,, -   
214,Round,1.8*1.8,1,Round,1.5*1.5,2,,,,,,,,,,,,,,,,,,,,,,,,, -   
215,Round,1.7*1.7,1,,,,,,,,,,,,,,,,,,,,,,,,,,,, -   
216,Round,1.4*1.4,1,,,,,,,,,,,,,,,,,,,,,,,,,,,, -   
217,Round,1.5*1.5,7,,,,,,,,,,,,,,,,,,,,,,,,,,,, - 
218,Round,1.2*1.2,5,Round,1.5*1.5,1,Round,2.5*2.5,1,,,,,,,,,,,,,,,,,,,,,, - 
219, , , , , , , , , , , , ,,,,,,,,,,,,,,,,,,, -   
220,Round,0.8*0.8,1,Round,1.1*1.1,1, , , , , , ,,,,,,,,,,,,,,,,,,, -   
221,Round,0.8*0.8,6,Round,1.0*1.0,2,Round,0.9*0.9,1,Round,1.1*1.1,1,,,,,,,,,,,,,,,,,,, -   
222,Round,0.9*0.9,2,Round,1.1*1.1,1,Round,0.8*0.8,2,Round,1.0*1.0,1,,,,,,,,,,,,,,,,,,, -   
223,,,,,,,,,,,,,,,,,,,,,,,,,,,,,,, -   
224,Round,1.2*1.2,3,Round,1.5*1.5,1,,,,,,,,,,,,,,,,,,,,,,,,, -   
225, , , , , , ,,,,,,,,,,,,,,,,,,,,,,,,, -   
226, , , , , , ,,,,,,,,,,,,,,,,,,,,,,,,, -   
227, , , , , , ,,,,,,,,,,,,,,,,,,,,,,,,, -   
228,,,,,,,,,,,,,,,,,,,,,,,,,,,,,,, -   
229,Round,1.0*1.0,7,,,,,,,,,,,,,,,,,,,,,,,,,,,, -   
230,,,,,,,,,,,,,,,,,,,,,,,,,,,,,,, -   
231,,,,,,,,,,,,,,,,,,,,,,,,,,,,,,, -   
232,,,,,,,,,,,,,,,,,,,,,,,,,,,,,,, -   
233,,,,,,,,,,,,,,,,,,,,,,,,,,,,,,, -   
234,,,,,,,,,,,,,,,,,,,,,,,,,,,,,,, -   
235,,,,,,,,,,,,,,,,,,,,,,,,,,,,,,, -   
236,,,,,,,,,,,,,,,,,,,,,,,,,,,,,,, -   
237,,,,,,,,,,,,,,,,,,,,,,,,,,,,,,, -   
238,,,,,,,,,,,,,,,,,,,,,,,,,,,,,,, -   
239,Round,1.0*1.0,2,Round,0.9*0.9,1,Round,0.8*0.8,1,,,,,,,,,,,,,,,,,,,,,, -   
240,,,,,,,,,,,,,,,,,,,,,,,,,,,,,,, -   
241,Round,1.0*1.0,5,Round,1.5*1.5,14,,,,,,,,,,,,,,,,,,,,,,,,, -   
242,Round,1.0*1.0,42,,,,,,,,,,,,,,,,,,,,,,,,,,,, -   
243,Round,2.0*2.0,6,Round,1.3*1.3,12,Round,1.6*1.6,6,,,,,,,,,,,,,,,,,,,,,, -   
244,Round,1.3*1.3,16,,,,,,,,,,,,,,,,,,,,,,,,,,,, -   
245,Round,2.0*2.0,6,Round,1.5*1.5,6,,,,,,,,,,,,,,,,,,,,,,,,, -   
246,Round,1.0*1.0,46,,,,,,,,,,,,,,,,,,,,,,,,,,,, -   
247,Round,1.0*1.0,38,Round,0.9*0.9,12,,,,,,,,,,,,,,,,,,,,,,,,, -   
248,Round,0.9*0.9,30,Round,1.8*1.8,10,,,,,,,,,,,,,,,,,,,,,,,,, -   
249,Round,1.0*1.0,8,Round,1.3*1.3,2,Round,1.5*1.5,16,,,,,,,,,,,,,,,,,,,,,, -   
250,Round,1.5*1.5,1,Round,1.1*1.1,2,Round,1.2*1.2,16,Round,1.0*1.0,4,Round,1.0*1.0,4,,,,,,,,,,,,,,,, -   
251,Round,1.1*1.1,1,Round,1.3*1.3,1,Round,0.9*0.9,10,Round,1.2*1.2,10,Round,1.5*1.5,10,,,,,,,,,,,,,,,, -   
252,Round,2.0*2.0,6,Round,1.3*1.3,12,,,,,,,,,,,,,,,,,,,,,,,,, -   
253,Round,2.4*2.4,8,,,,,,,,,,,,,,,,,,,,,,,,,,,, -   
254,Round,1.0*1.0,4,Round,1.2*1.2,2,Round,1.7*1.7,16,,,,,,,,,,,,,,,,,,,,,, -   
255,Round,1.2*1.2,5,Round,1.4*1.4,15,Round,1.0*1.0,16,Round,1.1*1.1,2,,,,,,,,,,,,,,,,,,, -   
256,Round,2.0*2.0,8,Round,1.7*1.7,8,Round,0.9*0.9,12,Round,1.3*1.3,1,,,,,,,,,,,,,,,,,,, -   
257,Round,1.3*1.3,1,Round,0.9*0.9,12,Round,1.0*1.0,19,Round,1.7*1.7,16,Pear,3.0*2.0,1,,,,,,,,,,,,,,,, -   
258,Round,1.2*1.2,4,Marquise,5.0*2.5,4,Round,2.5*2.5,8,Round,1.5*1.5,16,,,,,,,,,,,,,,,,,,, -   
259,Baguette,2.5*1.5,4,Round,1.3*1.3,4,Round,1.1*1.1,17,Round,2.2*2.2,1,Round,1.5*1.5,8,Round,1.7*1.7,4,,,,,,,,,,,,, -   
260,Round,1.3*1.3,6,Round,1.7*1.7,6,,,,,,,,,,,,,,,,,,,,,,,,, -   
261,Round,1.8*1.8,9,Round,1.2*1.2,1,Round,1.3*1.3,24,Round,1.0*1.0,16,Round,0.9*0.9,8,Round,1.1*1.1,8,Round,0.8*0.8,,,,,,,,,,, -   
262,Round,1.7*1.7,1,Round,1.6*1.6,1,Round,1.4*1.4,2,Round,1.1*1.1,9,Round,1.0*1.0,1,Round,1.2*1.2,1,Round,1.5*1.5,20,,,,,,,,,, -   
263,Round,1.7*1.7,9,,,,,,,,,,,,,,,,,,,,,,,,,,,, -   
264,Round,1.7*1.7,6,,,,,,,,,,,,,,,,,,,,,,,,,,,, -   
265,Round,1.5*1.5,6,Round,1.8*1.8,6,,,,,,,,,,,,,,,,,,,,,,,,, -   
266,Round,2.0*2.0,6,,,,,,,,,,,,,,,,,,,,,,,,,,,, -   
267,Round,1.1*1.1,1,Round,1.5*1.5,4,,,,,,,,,,,,,,,,,,,,,,,,, -   
268,Round,2.5*2.5,5,,,,,,,,,,,,,,,,,,,,,,,,,,,, -   
269,Round,2.2*2.2,8,,,,,,,,,,,,,,,,,,,,,,,,,,,, -   
270,Round,0.8*0.8,9,Round,0.9*0.9,12,Round,1.0*1.0,8,,,,,,,,,,,,,,,,,,,,,, -   
271,Round,1.3*1.3,4,Round,1.7*1.7,2,Round,1.8*1.8,2,Round,0.9*0.9,3,Round,1.6*1.6,1,Round,1.5*1.5,3,Round,1.4*1.4,1,Round,1.0*1.0,2,Round,1.2*1.2,2,Round,1.1*1.1,1, -   
272,Round,0.8*0.8,2,Round,0.9*0.9,14,Round,1.0*1.0,6,,,,,,,,,,,,,,,,,,,,,, -   
273,,,,,,,,,,,,,,,,,,,,,,,,,,,,,,, -   
274,Round,1.4*1.4,4,Round,1.5*1.5,10,,,,,,,,,,,,,,,,,,,,,,,,, -   
275,Round,1.0*1.0,18,,,,,,,,,,,,,,,,,,,,,,,,,,,, -   
276,,,,,,,,,,,,,,,,,,,,,,,,,,,,,,, -   
277,,,,,,,,,,,,,,,,,,,,,,,,,,,,,,, -   
278,Round,2.9*2.9,1,Round,3.6*3.6,1,Round,2.7*2.7,1,,,,,,,,,,,,,,,,,,,,,, -   
279,Round,1.4*1.4,20,,,,,,,,,,,,,,,,,,,,,,,,,,,, -   
280,Round,1.1*1.1,2,Round,1.3*1.3,24,Round,1.0*1.0,7,Round,1.2*1.2,4,Round,0.8*0.8,2,Round,2.5*2.5,1,Round,1.5*1.5,22,,,,,,,,,, -   
281,Marquise,4.0*2.0,2,Pear,4.0*2.5,3,Round,2.2*2.2,10,,,,,,,,,,,,,,,,,,,,,, -   
282,Round,1.1*1.1,42,Round,1.0*1.0,36,Round,0.9*0.9,24,,,,,,,,,,,,,,,,,,,,,, -   
283,Round,1.2*1.2,31,,,,,,,,,,,,,,,,,,,,,,,,,,,, -   
284,Round,1.1*1.1,28,Round,0.9*0.9,1,Round,0.8*0.8,1,Round,1.3*1.3,12,Round,1.2*1.2,2,Round,1.1*1.1,1,Round,1.4*1.4,2,Round,1.0*1.0,18,,,,,,, -   
285,Round,1.2*1.2,2,Round,1.5*1.5,1,Round,1.0*1.0,12,Round,1.1*1.1,14,Marquise,4.0*2.0,10,,,,,,,,,,,,,,,, -   
286,Round,1.0*1.0,35,Round,1.3*1.3,23,Round,1.2*1.2,2,Round,0.8*0.8,16,,,,,,,,,,,,,,,,,,, -   
287,Round,1.3*1.3,5,Round,1.8*1.8,1,Round,2.2*2.2,5,Round,2.5*2.5,4,Round,1.5*1.5,4,Round,1.2*1.2,4,Round,1.1*1.1,16,Round,0.8*0.8,24,Round,0.9*0.9,32,Round,1.0*1.0,24, -   
288,Marquise,3.5*1.5,2,Round,1.3*1.3,31,Round,2.0*2.0,1,Pear,3.0*2.0,2,Pear,5.0*3.0,1,,,,,,,,,,,,,,,, -   
289,Round,2.0*2.0,1,Round,0.9*0.9,28,Round,1.0*1.0,36,,,,,,,,,,,,,,,,,,,,,, -   
290,Round,1.5*1.5,22,Round,2.0*2.0,1,Round,2.5*2.5,1,,,,,,,,,,,,,,,,,,,,,, -   
291,Round,3.0*3.0,1,Round,2.5*2.5,1,,,,,,,,,,,,,,,,,,,,,,,,, -   
292,Round,0.8*0.8,13,,,,,,,,,,,,,,,,,,,,,,,,,,,, -   
293,Round,2.5*2.5,4,Round,2.2*2.2,1,Round,1.8*1.8,1,,,,,,,,,,,,,,,,,,,,,, -   
294,Round,1.2*1.2,11,Round,0.9*0.9,3,Round,1.0*1.0,3,Round,0.8*0.8,1,,,,,,,,,,,,,,,,,,, -   
295,Round,1.0*1.0,16,Round,0.8*0.8,16,Round,1.5*1.5,1,Round,1.2*1.2,1,Round,1.3*1.3,1,,,,,,,,,,,,,,,, -   
296,Round,1.0*1.0,4,,,,,,,,,,,,,,,,,,,,,,,,,,,, -   
297,Round,0.9*0.9,1,Round,1.5*1.5,8,Round,1.3*1.3,2,Round,1.0*1.0,13,Round,1.2*1.2,1,,,,,,,,,,,,,,,, -   
298,Round,1.2*1.2,15,Round,1.3*1.3,9,Round,1.4*1.4,10,Round,0.8*0.8,6,Round,0.9*0.9,7,Round,1.0*1.0,7,Round,1.1*1.1,3,Round,1.5*1.5,7,Round,1.6*1.6,2,,,, -   
299,Round,1.1*1.1,12,Round,1.4*1.4,4,Round,1.2*1.2,8,Round,2.0*2.0,1,Round,2.1*2.1,4,,,,,,,,,,,,,,,, -   
300, , , , , , , , , , , , , , , , , , , , , , , , , , , , , , , -   
301,Round,1.4*1.4,1,Round,1.2*1.2,2,Round,1.3*1.3,1, , , , , , , , , , , , , , , , , , , , , , -   
302,Round,3.0*3.0,1,Round,1.1*1.1,2,Round,1.5*1.5,1, , , , , , , , , , , , , , , , , , , , , , -   
303, , , , , , , , , , , , , , , , , , , , , , , , , , , , , , , -   
304,Round,0.8*0.8,2, , , , , , , , , , , , , , , , , , , , , , , , , , , , -   
305,,,,,,,,,,,,,,,,,,,,,,,,,,,,,,, - 
306,,,,,,,,,,,,,,,,,,,,,,,,,,,,,,, - 
307,,,,,,,,,,,,,,,,,,,,,,,,,,,,,,, - 
308,,,,,,,,,,,,,,,,,,,,,,,,,,,,,,, - 
309,,,,,,,,,,,,,,,,,,,,,,,,,,,,,,, - 
310,,,,,,,,,,,,,,,,,,,,,,,,,,,,,,, - 
311,,,,,,,,,,,,,,,,,,,,,,,,,,,,,,, - 
312,,,,,,,,,,,,,,,,,,,,,,,,,,,,,,, - 
313,,,,,,,,,,,,,,,,,,,,,,,,,,,,,,, - 
314,,,,,,,,,,,,,,,,,,,,,,,,,,,,,,, - 
315,,,,,,,,,,,,,,,,,,,,,,,,,,,,,,, - 
316,,,,,,,,,,,,,,,,,,,,,,,,,,,,,,, - 
317,,,,,,,,,,,,,,,,,,,,,,,,,,,,,,, - 
318,,,,,,,,,,,,,,,,,,,,,,,,,,,,,,, - 
319,,,,,,,,,,,,,,,,,,,,,,,,,,,,,,, - 
320,,,,,,,,,,,,,,,,,,,,,,,,,,,,,,, - 
321,,,,,,,,,,,,,,,,,,,,,,,,,,,,,,, - 
322,,,,,,,,,,,,,,,,,,,,,,,,,,,,,,, - 
323,,,,,,,,,,,,,,,,,,,,,,,,,,,,,,, - 
324,,,,,,,,,,,,,,,,,,,,,,,,,,,,,,, - 
325,,,,,,,,,,,,,,,,,,,,,,,,,,,,,,, - 
326,,,,,,,,,,,,,,,,,,,,,,,,,,,,,,, - 
327,,,,,,,,,,,,,,,,,,,,,,,,,,,,,,, - 
328,,,,,,,,,,,,,,,,,,,,,,,,,,,,,,, - 
329,,,,,,,,,,,,,,,,,,,,,,,,,,,,,,, - 
330,,,,,,,,,,,,,,,,,,,,,,,,,,,,,,, - 
331,,,,,,,,,,,,,,,,,,,,,,,,,,,,,,, - 
332,,,,,,,,,,,,,,,,,,,,,,,,,,,,,,, - 
333,,,,,,,,,,,,,,,,,,,,,,,,,,,,,,, - 
334,,,,,,,,,,,,,,,,,,,,,,,,,,,,,,, - 
335,,,,,,,,,,,,,,,,,,,,,,,,,,,,,,, - 
336,,,,,,,,,,,,,,,,,,,,,,,,,,,,,,, - 
337,,,,,,,,,,,,,,,,,,,,,,,,,,,,,,, - 
338,,,,,,,,,,,,,,,,,,,,,,,,,,,,,,, - 
339,,,,,,,,,,,,,,,,,,,,,,,,,,,,,,, - 
340,,,,,,,,,,,,,,,,,,,,,,,,,,,,,,, - 
341,,,,,,,,,,,,,,,,,,,,,,,,,,,,,,, - 
342,,,,,,,,,,,,,,,,,,,,,,,,,,,,,,, - 
343,,,,,,,,,,,,,,,,,,,,,,,,,,,,,,, - 
344,,,,,,,,,,,,,,,,,,,,,,,,,,,,,,, - 
345,,,,,,,,,,,,,,,,,,,,,,,,,,,,,,, - 
346,,,,,,,,,,,,,,,,,,,,,,,,,,,,,,, - 
347,,,,,,,,,,,,,,,,,,,,,,,,,,,,,,, - 
348,,,,,,,,,,,,,,,,,,,,,,,,,,,,,,, - 
349,,,,,,,,,,,,,,,,,,,,,,,,,,,,,,, - 
350,,,,,,,,,,,,,,,,,,,,,,,,,,,,,,, - 
351,,,,,,,,,,,,,,,,,,,,,,,,,,,,,,, - 
352,,,,,,,,,,,,,,,,,,,,,,,,,,,,,,, - 
353,,,,,,,,,,,,,,,,,,,,,,,,,,,,,,, - 
354,,,,,,,,,,,,,,,,,,,,,,,,,,,,,,, - 
355,,,,,,,,,,,,,,,,,,,,,,,,,,,,,,, - 
356,,,,,,,,,,,,,,,,,,,,,,,,,,,,,,, - 
357,,,,,,,,,,,,,,,,,,,,,,,,,,,,,,, - 
358,,,,,,,,,,,,,,,,,,,,,,,,,,,,,,, - 
359,,,,,,,,,,,,,,,,,,,,,,,,,,,,,,, - 
360,,,,,,,,,,,,,,,,,,,,,,,,,,,,,,, - 
361,,,,,,,,,,,,,,,,,,,,,,,,,,,,,,, - 
362,,,,,,,,,,,,,,,,,,,,,,,,,,,,,,, - 
363,,,,,,,,,,,,,,,,,,,,,,,,,,,,,,, - 
364,,,,,,,,,,,,,,,,,,,,,,,,,,,,,,, - 
365,,,,,,,,,,,,,,,,,,,,,,,,,,,,,,, - 
366,,,,,,,,,,,,,,,,,,,,,,,,,,,,,,, - 
367,,,,,,,,,,,,,,,,,,,,,,,,,,,,,,, - 
368,,,,,,,,,,,,,,,,,,,,,,,,,,,,,,, - 
369,,,,,,,,,,,,,,,,,,,,,,,,,,,,,,, - 
370,,,,,,,,,,,,,,,,,,,,,,,,,,,,,,, - 
371,,,,,,,,,,,,,,,,,,,,,,,,,,,,,,, - 
372,,,,,,,,,,,,,,,,,,,,,,,,,,,,,,, - 
373,,,,,,,,,,,,,,,,,,,,,,,,,,,,,,, - 
374,,,,,,,,,,,,,,,,,,,,,,,,,,,,,,, - 
375,,,,,,,,,,,,,,,,,,,,,,,,,,,,,,, - 
376,,,,,,,,,,,,,,,,,,,,,,,,,,,,,,, - 
377,,,,,,,,,,,,,,,,,,,,,,,,,,,,,,, - 
378,,,,,,,,,,,,,,,,,,,,,,,,,,,,,,, - 
379,,,,,,,,,,,,,,,,,,,,,,,,,,,,,,, - 
380,,,,,,,,,,,,,,,,,,,,,,,,,,,,,,, - 
381,,,,,,,,,,,,,,,,,,,,,,,,,,,,,,, - 
382,,,,,,,,,,,,,,,,,,,,,,,,,,,,,,, - 
383,,,,,,,,,,,,,,,,,,,,,,,,,,,,,,, - 
384,,,,,,,,,,,,,,,,,,,,,,,,,,,,,,, - 
385,,,,,,,,,,,,,,,,,,,,,,,,,,,,,,, - 
386,,,,,,,,,,,,,,,,,,,,,,,,,,,,,,, - 
387,,,,,,,,,,,,,,,,,,,,,,,,,,,,,,, - 
388,,,,,,,,,,,,,,,,,,,,,,,,,,,,,,, - 
389,,,,,,,,,,,,,,,,,,,,,,,,,,,,,,, - 
390,,,,,,,,,,,,,,,,,,,,,,,,,,,,,,, - 
391,,,,,,,,,,,,,,,,,,,,,,,,,,,,,,, - 
392,,,,,,,,,,,,,,,,,,,,,,,,,,,,,,, - 
393,,,,,,,,,,,,,,,,,,,,,,,,,,,,,,, - 
394,,,,,,,,,,,,,,,,,,,,,,,,,,,,,,, - 
395,,,,,,,,,,,,,,,,,,,,,,,,,,,,,,, - 
396,,,,,,,,,,,,,,,,,,,,,,,,,,,,,,, - 
397,,,,,,,,,,,,,,,,,,,,,,,,,,,,,,, - 
398,,,,,,,,,,,,,,,,,,,,,,,,,,,,,,, - 
399,,,,,,,,,,,,,,,,,,,,,,,,,,,,,,, - 
400,,,,,,,,,,,,,,,,,,,,,,,,,,,,,,, - 
401,,,,,,,,,,,,,,,,,,,,,,,,,,,,,,, - 
402,,,,,,,,,,,,,,,,,,,,,,,,,,,,,,, - 
403,,,,,,,,,,,,,,,,,,,,,,,,,,,,,,, - 
404,,,,,,,,,,,,,,,,,,,,,,,,,,,,,,, - 
405,,,,,,,,,,,,,,,,,,,,,,,,,,,,,,, - 
406,,,,,,,,,,,,,,,,,,,,,,,,,,,,,,, - 
407,,,,,,,,,,,,,,,,,,,,,,,,,,,,,,, - 
408,,,,,,,,,,,,,,,,,,,,,,,,,,,,,,, - 
409,,,,,,,,,,,,,,,,,,,,,,,,,,,,,,, - 
410,,,,,,,,,,,,,,,,,,,,,,,,,,,,,,, - 
411,,,,,,,,,,,,,,,,,,,,,,,,,,,,,,, - 
412,,,,,,,,,,,,,,,,,,,,,,,,,,,,,,, - 
413,,,,,,,,,,,,,,,,,,,,,,,,,,,,,,, - 
414,,,,,,,,,,,,,,,,,,,,,,,,,,,,,,, - 
415,,,,,,,,,,,,,,,,,,,,,,,,,,,,,,, - 
416,,,,,,,,,,,,,,,,,,,,,,,,,,,,,,, - 
417,,,,,,,,,,,,,,,,,,,,,,,,,,,,,,, - 
418,,,,,,,,,,,,,,,,,,,,,,,,,,,,,,, - 
419,,,,,,,,,,,,,,,,,,,,,,,,,,,,,,, - 
420,,,,,,,,,,,,,,,,,,,,,,,,,,,,,,, - 
421,,,,,,,,,,,,,,,,,,,,,,,,,,,,,,, - 
422,,,,,,,,,,,,,,,,,,,,,,,,,,,,,,, - 
423,,,,,,,,,,,,,,,,,,,,,,,,,,,,,,, - 
424,,,,,,,,,,,,,,,,,,,,,,,,,,,,,,, - 
425,,,,,,,,,,,,,,,,,,,,,,,,,,,,,,, - 
426,,,,,,,,,,,,,,,,,,,,,,,,,,,,,,, - 
427,,,,,,,,,,,,,,,,,,,,,,,,,,,,,,, - 
428,,,,,,,,,,,,,,,,,,,,,,,,,,,,,,, - 
429,,,,,,,,,,,,,,,,,,,,,,,,,,,,,,, - 
430,,,,,,,,,,,,,,,,,,,,,,,,,,,,,,, - 
431,Round,1.0*1.0,50,Round,1.3*1.3,19,,,,,,,,,,,,,,,,,,,,,,,,, -   
432,Round,1.2*1.2,8,Round,1.8*1.8,8,Round,1.0*1.0,16,,,,,,,,,,,,,,,,,,,,,, -   
433,Round,1.2*1.2,29,,,,,,,,,,,,,,,,,,,,,,,,,,,, -   
434,Round,1.8*1.8,15,,,,,,,,,,,,,,,,,,,,,,,,,,,, -   
435,Round,2.0*2.0,26,,,,,,,,,,,,,,,,,,,,,,,,,,,, -   
436,Round,2.0*2.0,30,,,,,,,,,,,,,,,,,,,,,,,,,,,, -   
437,Round,1.1*1.1,8,Round,1.5*1.5,5,,,,,,,,,,,,,,,,,,,,,,,,, -   
438,Round,2.0*2.0,13,,,,,,,,,,,,,,,,,,,,,,,,,,,, -   
439,Round,1.5*1.5,24,Round,1.6*1.6,6,,,,,,,,,,,,,,,,,,,,,,,,, -   
440,Round,1.1*1.1,12,,,,,,,,,,,,,,,,,,,,,,,,,,,, -   
441,Princess Ngàm,2.0*2.0,10,Round,1.8*1.8,10,,,,,,,,,,,,,,,,,,,,,,,,, -   
442,Round,1.0*1.0,12,,,,,,,,,,,,,,,,,,,,,,,,,,,, -   
443,Round,1.2*1.2,2,Round,2.2*2.2,1,Round,1.6*1.6,2,Round,1.7*1.7,2,Round,1.8*1.8,2,Round,1.3*1.3,2,,,,,,,,,,,,, -   
444,Round,1.2*1.2,15,,,,,,,,,,,,,,,,,,,,,,,,,,,, -   
445,Baguette,2.0*1.0,1,Round,0.8*0.8,28,Round,0.9*0.9,32,,,,,,,,,,,,,,,,,,,,,, -   
446,Princess Ngàm,1.2*1.2,10,Round,0.8*0.8,30,,,,,,,,,,,,,,,,,,,,,,,,, -   
447,Princess,1.5*1.5,3,Round,0.8*0.8,6,,,,,,,,,,,,,,,,,,,,,,,,, -   
448,Round,1.0*1.0,192,,,,,,,,,,,,,,,,,,,,,,,,,,,, -   
449,Round,1.6*1.6,3,,,,,,,,,,,,,,,,,,,,,,,,,,,, -   
450,Round,1.8*1.8,27,Round,1.1*1.1,12,Round,1.4*1.4,6,Round,0.8*0.8,12,,,,,,,,,,,,,,,,,,, -   
451,Round,0.9*0.9,8,,,,,,,,,,,,,,,,,,,,,,,,,,,, -   
452,Round,1.3*1.3,6,Round,1.1*1.1,12,Round,0.9*0.9,12,,,,,,,,,,,,,,,,,,,,,, -   
453,Round,0.9*0.9,14,Round,1.1*1.1,14,,,,,,,,,,,,,,,,,,,,,,,,, -   
454,Round,1.0*1.0,8,,,,,,,,,,,,,,,,,,,,,,,,,,,, -   
455,Round,1.0*1.0,4,,,,,,,,,,,,,,,,,,,,,,,,,,,, -   
456,Round,1.0*1.0,6,,,,,,,,,,,,,,,,,,,,,,,,,,,, -   
457,Round,0.8*0.8,60,Round,1.5*1.5,19,,,,,,,,,,,,,,,,,,,,,,,,, -   
458,Round,1.5*1.5,7,,,,,,,,,,,,,,,,,,,,,,,,,,,, -   
459,Round,1.4*1.4,4,Round,2.1*2.1,5,,,,,,,,,,,,,,,,,,,,,,,,, -   
460,Round,1.5*1.5,38,,,,,,,,,,,,,,,,,,,,,,,,,,,, -   
461,Round,1.7*1.7,8,Round,1.5*1.5,16,,,,,,,,,,,,,,,,,,,,,,,,, -   
462,Round,1.5*1.5,26,,,,,,,,,,,,,,,,,,,,,,,,,,,, -   
463,Round,2.5*2.5,13,,,,,,,,,,,,,,,,,,,,,,,,,,,, -   
464,Princess Ngàm,1.5*1.5,19,,,,,,,,,,,,,,,,,,,,,,,,,,,, -   
465,Round,1.5*1.5,21,,,,,,,,,,,,,,,,,,,,,,,,,,,, -   
466,Round,1.5*1.5,19,,,,,,,,,,,,,,,,,,,,,,,,,,,, -   
467,,,,,,,,,,,,,,,,,,,,,,,,,,,,,,, -   
468,Round,1.5*1.5,21,,,,,,,,,,,,,,,,,,,,,,,,,,,, -   
469,Round,1.5*1.5,19,,,,,,,,,,,,,,,,,,,,,,,,,,,, -   
470,Round,1.5*1.5,27,,,,,,,,,,,,,,,,,,,,,,,,,,,, -   
471,Round,1.5*1.5,19,,,,,,,,,,,,,,,,,,,,,,,,,,,, -   
472,Round,2.0*2.0,15,,,,,,,,,,,,,,,,,,,,,,,,,,,, -   
473,Round,2.2*2.2,15,,,,,,,,,,,,,,,,,,,,,,,,,,,, -   
474,,,,,,,,,,,,,,,,,,,,,,,,,,,,,,, -   
475,Round,1.0*1.0,134,,,,,,,,,,,,,,,,,,,,,,,,,,,, -   
476,Round,1.1*1.1,73,,,,,,,,,,,,,,,,,,,,,,,,,,,, -   
477,Round,1.8*1.8,18,,,,,,,,,,,,,,,,,,,,,,,,,,,, -   
478,Round,1.5*1.5,17,,,,,,,,,,,,,,,,,,,,,,,,,,,, -   
479,Round,1.5*1.5,17,,,,,,,,,,,,,,,,,,,,,,,,,,,, -   
480,Round,1.5*1.5,20,,,,,,,,,,,,,,,,,,,,,,,,,,,, -   
481,Round,1.0*1.0,130,,,,,,,,,,,,,,,,,,,,,,,,,,,, -   
482,Round,1.6*1.6,21,,,,,,,,,,,,,,,,,,,,,,,,,,,, -   
483,Round,1.5*1.5,18,,,,,,,,,,,,,,,,,,,,,,,,,,,, -   
484,Round,1.7*1.7,8,Round,1.5*1.5,16,,,,,,,,,,,,,,,,,,,,,,,,, -   
485,Round,1.5*1.5,26,,,,,,,,,,,,,,,,,,,,,,,,,,,, -   
486,Round,1.0*1.0,104,,,,,,,,,,,,,,,,,,,,,,,,,,,, -   
487,,,,,,,,,,,,,,,,,,,,,,,,,,,,,,, -   
488,,,,,,,,,,,,,,,,,,,,,,,,,,,,,,, -   
489,Round,1.1*1.1,18,Princess,2.0*2.0,10,,,,,,,,,,,,,,,,,,,,,,,,, -   
490,Round,2.3*2.3,4,Marquise,4.0*2.5,3,,,,,,,,,,,,,,,,,,,,,,,,, -   
491,Round,2.0*2.0,14,,,,,,,,,,,,,,,,,,,,,,,,,,,, -   
492,Round,1.1*1.1,1,,,,,,,,,,,,,,,,,,,,,,,,,,,, -   
493,Round,1.1*1.1,1,,,,,,,,,,,,,,,,,,,,,,,,,,,, -   
494,,,,,,,,,,,,,,,,,,,,,,,,,,,,,,, -   
495,Princess,1.3*1.3,1,,,,,,,,,,,,,,,,,,,,,,,,,,,, -   
496,,,,,,,,,,,,,,,,,,,,,,,,,,,,,,, -   
497,,,,,,,,,,,,,,,,,,,,,,,,,,,,,,, -   
498,,,,,,,,,,,,,,,,,,,,,,,,,,,,,,, -   
499,,,,,,,,,,,,,,,,,,,,,,,,,,,,,,, -   
500,,,,,,,,,,,,,,,,,,,,,,,,,,,,,,, -   
501,Round,2.0*2.0,1,,,,,,,,,,,,,,,,,,,,,,,,,,,, -   
502,,,,,,,,,,,,,,,,,,,,,,,,,,,,,,, -   
503,,,,,,,,,,,,,,,,,,,,,,,,,,,,,,, -   
504,,,,,,,,,,,,,,,,,,,,,,,,,,,,,,, -   
505,,,,,,,,,,,,,,,,,,,,,,,,,,,,,,, -   
506,Round,1.3*1.3,1,,,,,,,,,,,,,,,,,,,,,,,,,,,, -   
507,,,,,,,,,,,,,,,,,,,,,,,,,,,,,,, -   
508,Round,1.4*1.4,1,,,,,,,,,,,,,,,,,,,,,,,,,,,, -   
509,,,,,,,,,,,,,,,,,,,,,,,,,,,,,,, -   
510,Round,1.3*1.3,6,,,,,,,,,,,,,,,,,,,,,,,,,,,, -   
511,,,,,,,,,,,,,,,,,,,,,,,,,,,,,,, -   
512,Round,0.8*0.8,1,Round,1.0*1.0,1,,,,,,,,,,,,,,,,,,,,,,,,, -   
513,,,,,,,,,,,,,,,,,,,,,,,,,,,,,,, -   
514,Round,0.8*0.8,2,Round,0.9*0.9,3,Round,1.0*1.0,20,,,,,,,,,,,,,,,,,,,,,, -   
515,Round,0.8*0.8,1,Round,1.0*1.0,1,Round,1.1*1.1,1,Round,1.2*1.2,1,,,,,,,,,,,,,,,,,,, -   
516,,,,,,,,,,,,,,,,,,,,,,,,,,,,,,, -   
517,Round,0.8*0.8,3,,,,,,,,,,,,,,,,,,,,,,,,,,,, -   
518,Round,1.0*1.0,1,Round,0.8*0.8,2,Round,0.9*0.9,2,,,,,,,,,,,,,,,,,,,,,, -   
519,Round,0.9*0.9,1,Round,1.3*1.3,1,Round,1.2*1.2,1,Round,1.0*1.0,2,,,,,,,,,,,,,,,,,,, -   
520,Round,1.0*1.0,2,,,,,,,,,,,,,,,,,,,,,,,,,,,, -   
521,Round,0.8*0.8,5,,,,,,,,,,,,,,,,,,,,,,,,,,,, -   
522,Round,1.4*1.4,2,Round,1.1*1.1,2,Round,1.5*1.5,,,,,,,,,,,,,,,,,,,,,,, -   
523,Round,0.8*0.8,2,Round,1.0*1.0,2,Round,0.9*0.9,2,,,,,,,,,,,,,,,,,,,,,, -   
524,Round,1.0*1.0,4,,,,,,,,,,,,,,,,,,,,,,,,,,,, -   
525,Round,1.0*1.0,2,Round,0.9*0.9,2,Round,0.8*0.8,2,,,,,,,,,,,,,,,,,,,,,, -   
526,,,,,,,,,,,,,,,,,,,,,,,,,,,,,,, -   
527,,,,,,,,,,,,,,,,,,,,,,,,,,,,,,, -   
528,Round,1.7*1.7,1,,,,,,,,,,,,,,,,,,,,,,,,,,,, -   
529,Round,1.7*1.7,2,,,,,,,,,,,,,,,,,,,,,,,,,,,, -   
530,Baguette,4.0*2.0,1,,,,,,,,,,,,,,,,,,,,,,,,,,,, -   
531,Round,1.3*1.3,11,,,,,,,,,,,,,,,,,,,,,,,,,,,, -   
532,Round,3.0*3.0,1,,,,,,,,,,,,,,,,,,,,,,,,,,,, -   
533,Round,1.0*1.0,2,Round,1.1*1.1,13,,,,,,,,,,,,,,,,,,,,,,,,, -   
534,Round,1.1*1.1,40,Round,1.2*1.2,40,,,,,,,,,,,,,,,,,,,,,,,,, -   
535,Princess Ngàm,1.5*1.5,3,Round,1.2*1.2,20,,,,,,,,,,,,,,,,,,,,,,,,, -   
536,Round,1.5*1.5,36,,,,,,,,,,,,,,,,,,,,,,,,,,,, -   
537,Round,1.0*1.0,100,,,,,,,,,,,,,,,,,,,,,,,,,,,, -   
538,Round,1.3*1.3,4,Round,1.1*1.1,2,Round,1.0*1.0,2,Round,0.9*0.9,4,,,,,,,,,,,,,,,,,,, -   
539,Round,1.5*1.5,1,Round,0.8*0.8,1,Round,0.9*0.9,1,Round,1.0*1.0,1,Round,1.1*1.1,1,,,,,,,,,,,,,,,, -   
540,Round,1.3*1.3,18,Round,1.2*1.2,4,,,,,,,,,,,,,,,,,,,,,,,,, -   
541,Round,1.3*1.3,4,Round,1.0*1.0,2,,,,,,,,,,,,,,,,,,,,,,,,, -   
542,Round,0.9*0.9,1,Round,1.1*1.1,8,,,,,,,,,,,,,,,,,,,,,,,,, -   
543,Round,1.2*1.2,10,Round,1.1*1.1,4,Round,1.0*1.0,4,Round,0.9*0.9,4,Round,0.8*0.8,4,,,,,,,,,,,,,,,, -   
544,Round,0.9*0.9,124,,,,,,,,,,,,,,,,,,,,,,,,,,,, -   
545,Round,0.9*0.9,60,,,,,,,,,,,,,,,,,,,,,,,,,,,, -   
546,Round,1.1*1.1,49,,,,,,,,,,,,,,,,,,,,,,,,,,,, -   
547,Round,0.8*0.8,11,Round,0.9*0.9,6,Round,1.0*1.0,2,Round,1.1*1.1,10,,,,,,,,,,,,,,,,,,, -   
548,Round,1.0*1.0,4,,,,,,,,,,,,,,,,,,,,,,,,,,,, -   
549,Round,0.8*0.8,4,Round,0.9*0.9,2,Round,1.1*1.1,4,Round,1.0*1.0,3,Round,0.9*0.9,2,,,,,,,,,,,,,,,, -   
550,Round,0.8*0.8,76,,,,,,,,,,,,,,,,,,,,,,,,,,,, -   
551,Round,1.0*1.0,22,,,,,,,,,,,,,,,,,,,,,,,,,,,, -   
552,Round,1.5*1.5,37,,,,,,,,,,,,,,,,,,,,,,,,,,,, -   
553,Round,1.6*1.6,1,Round,1.0*1.0,2,,,,,,,,,,,,,,,,,,,,,,,,, -   
554,Round,0.9*0.9,2,,,,,,,,,,,,,,,,,,,,,,,,,,,, -   
555,Round,1.0*1.0,1,Round,0.8*0.8,1,,,,,,,,,,,,,,,,,,,,,,,,, -   
556,Round,1.0*1.0,16,Round,1.6*1.6,12,,,,,,,,,,,,,,,,,,,,,,,,, -   
557,Round,1.0*1.0,36,,,,,,,,,,,,,,,,,,,,,,,,,,,, -   
558,Round,1.8*1.8,2,Round,1.4*1.4,2,,,,,,,,,,,,,,,,,,,,,,,,, -   
559,Princess Ngàm,3.0*3.0,1,,,,,,,,,,,,,,,,,,,,,,,,,,,, -   
560,Round,0.9*0.9,8,Round,1.0*1.0,16,,,,,,,,,,,,,,,,,,,,,,,,, -   
561,Round,1.2*1.2,4,Round,1.1*1.1,8,Round,1.0*1.0,10,Round,0.9*0.9,12,,,,,,,,,,,,,,,,,,, -   
562,Round,3.2*3.2,1,,,,,,,,,,,,,,,,,,,,,,,,,,,, -   
563,Round,1.1*1.1,33,Round,1.0*1.0,10,Round,0.8*0.8,2,Round,3.0*3.0,1,,,,,,,,,,,,,,,,,,, -   
564,Round,1.2*1.2,11,,,,,,,,,,,,,,,,,,,,,,,,,,,, -   
565,Round,1.1*1.1,43,,,,,,,,,,,,,,,,,,,,,,,,,,,, -   
566,,,,,,,,,,,,,,,,,,,,,,,,,,,,,,, -   
567,Round,1.5*1.5,7,,,,,,,,,,,,,,,,,,,,,,,,,,,, -   
568,Round,1.3*1.3,100,,,,,,,,,,,,,,,,,,,,,,,,,,,, -   
569,Round,2.2*2.2,16,,,,,,,,,,,,,,,,,,,,,,,,,,,, -   
570,Round,0.9*0.9,34,,,,,,,,,,,,,,,,,,,,,,,,,,,, -   
571,Round,1.6*1.6,9,,,,,,,,,,,,,,,,,,,,,,,,,,,, -   
572,Round,2.0*2.0,8,,,,,,,,,,,,,,,,,,,,,,,,,,,, -   
573,,,,,,,,,,,,,,,,,,,,,,,,,,,,,,, -   
574,Round,2.0*2.0,1,,,,,,,,,,,,,,,,,,,,,,,,,,,, -   
575,Round,1.2*1.2,1,,,,,,,,,,,,,,,,,,,,,,,,,,,, -   
576,Round,1.0*1.0,1,Heart,3.0*3.0,1,,,,,,,,,,,,,,,,,,,,,,,,, -   
577,Round,1.0*1.0,1,,,,,,,,,,,,,,,,,,,,,,,,,,,, -   
578,Round,1.0*1.0,1,,,,,,,,,,,,,,,,,,,,,,,,,,,, -   
579,Round,1.0*1.0,1,,,,,,,,,,,,,,,,,,,,,,,,,,,, -   
580,Round,1.6*1.6,1,,,,,,,,,,,,,,,,,,,,,,,,,,,, -   
581,,,,,,,,,,,,,,,,,,,,,,,,,,,,,,, -   
582,Round,1.0*1.0,3,,,,,,,,,,,,,,,,,,,,,,,,,,,, -   
583,Round,1.5*1.5,26,,,,,,,,,,,,,,,,,,,,,,,,,,,, -   
584,Round,1.6*1.6,16,Round,1.2*1.2,16,,,,,,,,,,,,,,,,,,,,,,,,, -   
585,Round,1.3*1.3,23,,,,,,,,,,,,,,,,,,,,,,,,,,,, -   
586,Round,2.0*2.0,2,Round,1.8*1.8,2,Round,2.5*2.5,1,,,,,,,,,,,,,,,,,,,,,, -   
587,Round,1.3*1.3,24,,,,,,,,,,,,,,,,,,,,,,,,,,,, -   
588,Round,1.2*1.2,24,Baguette,3.0*1.5,1,,,,,,,,,,,,,,,,,,,,,,,,, -   
589,Round,1.1*1.1,34,Round,0.9*0.9,34,,,,,,,,,,,,,,,,,,,,,,,,, -   
590,Round,1.5*1.5,16,Princess Ngàm,2.0*2.0,1,,,,,,,,,,,,,,,,,,,,,,,,, -   
591,Round,1.5*1.5,1,,,,,,,,,,,,,,,,,,,,,,,,,,,, -   
592,Round,1.4*1.4,42,Round,0.8*0.8,24,,,,,,,,,,,,,,,,,,,,,,,,, -   
593,Round,1.7*1.7,2,,,,,,,,,,,,,,,,,,,,,,,,,,,, -   
594,,,,,,,,,,,,,,,,,,,,,,,,,,,,,,, -   
595,Round,1.0*1.0,2,Round,0.9*0.9,60,Round,1.3*1.3,2,Round,1.7*1.7,2,Round,1.5*1.5,2,,,,,,,,,,,,,,,, -   
596,Round,0.9*0.9,4,Round,1.0*1.0,8,Round,1.1*1.1,2,Round,0.8*0.8,8,,,,,,,,,,,,,,,,,,, -   
597,Round,0.9*0.9,36,Round,0.8*0.8,4,Round,1.0*1.0,20,,,,,,,,,,,,,,,,,,,,,, -   
598,Round,1.0*1.0,2,Round,0.8*0.8,4,,,,,,,,,,,,,,,,,,,,,,,,, 1 
599,Round,1.5*1.5,2,Round,1.8*1.8,4,,,,,,,,,,,,,,,,,,,,,,,,, -   
600,Round,1.2*1.2,4,Round,0.9*0.9,4,Round,1.1*1.1,8,,,,,,,,,,,,,,,,,,,,,, -   
601,Round,1.4*1.4,6,,,,,,,,,,,,,,,,,,,,,,,,,,,, -   
602,Round,1.0*1.0,6,Round,1.1*1.1,10,Round,0.9*0.9,2,Round,0.8*0.8,2,,,,,,,,,,,,,,,,,,, -   
603,Round,1.1*1.1,12,Round,0.9*0.9,2,Round,0.8*0.8,2,,,,,,,,,,,,,,,,,,,,,, -   
604,Round,1.2*1.2,34,Round,0.9*0.9,4,,,,,,,,,,,,,,,,,,,,,,,,, -   
605,Round,0.9*0.9,8,Round,0.8*0.8,4,Round,1.0*1.0,72,,,,,,,,,,,,,,,,,,,,,, -   
606,Round,0.9*0.9,62,Round,1.0*1.0,4,Round,2.0*2.0,2,Round,1.6*1.6,2,Round,1.3*1.3,2,Round,0.8*0.8,2,,,,,,,,,,,,, -   
607,Round,1.3*1.3,12,Round,1.5*1.5,6,Round,1.1*1.1,2,Round,0.9*0.9,2,,,,,,,,,,,,,,,,,,, -   
608,Round,0.8*0.8,8,Round,0.9*0.9,4,Round,1.0*1.0,8,Round,1.1*1.1,4,,,,,,,,,,,,,,,,,,, 1 
609,Round,1.5*1.5,2,,,,,,,,,,,,,,,,,,,,,,,,,,,, -   
610,,,,,,,,,,,,,,,,,,,,,,,,,,,,,,, 1 
611,Round,0.8*0.8,2,,,,,,,,,,,,,,,,,,,,,,,,,,,, -   
612,Round,0.8*0.8,4,Round,0.9*0.9,5,Round,1.0*1.0,4,Round,1.1*1.1,4,Round,1.5*1.5,2,,,,,,,,,,,,,,,, 1 
613,,,,,,,,,,,,,,,,,,,,,,,,,,,,,,, -   
614,,,,,,,,,,,,,,,,,,,,,,,,,,,,,,, -   
615,,,,,,,,,,,,,,,,,,,,,,,,,,,,,,, -   
616,,,,,,,,,,,,,,,,,,,,,,,,,,,,,,, 1 
617,,,,,,,,,,,,,,,,,,,,,,,,,,,,,,, 1 
618,Round,1.5*1.5,16,,,,,,,,,,,,,,,,,,,,,,,,,,,, 1 
619,Round,1.5*1.5,16,,,,,,,,,,,,,,,,,,,,,,,,,,,, 1 
620,Round,1.2*1.2,14,Round,1.0*1.0,2,Round,0.9*0.9,2,,,,,,,,,,,,,,,,,,,,,, 1 
621,Round,1.0*1.0,154,,,,,,,,,,,,,,,,,,,,,,,,,,,, -   
622,,,,,,,,,,,,,,,,,,,,,,,,,,,,,,, 1 
623,,,,,,,,,,,,,,,,,,,,,,,,,,,,,,, -   
624,Round,1.0*1.0,11,,,,,,,,,,,,,,,,,,,,,,,,,,,, -   
625,Round,1.5*1.5,22,Round,1.0*1.0,11,,,,,,,,,,,,,,,,,,,,,,,,, 1 
626,Round,0.8*0.8,11,Round,1.3*1.3,3,Round,1.1*1.1,4,Round,0.9*0.9,5,Round,1.0*1.0,10,Round,1.2*1.2,3,Round,1.5*1.5,2,,,,,,,,,, -   
627,Round,1.1*1.1,4,Round,1.7*1.7,4,,,,,,,,,,,,,,,,,,,,,,,,, -   
628,Round,1.2*1.2,18,Round,1.1*1.1,2,Round,1.0*1.0,2,Round,1.5*1.5,19,,,,,,,,,,,,,,,,,,, -   
629,Round,1.5*1.5,12,Round,1.3*1.3,12,Round,1.1*1.1,4,Round,1.2*1.2,22,,,,,,,,,,,,,,,,,,, -   
630,Round,0.9*0.9,4,Round,1.1*1.1,2,Round,1.3*1.3,2,,,,,,,,,,,,,,,,,,,,,, -   
631,Round,0.9*0.9,62,Round,0.8*0.8,12,,,,,,,,,,,,,,,,,,,,,,,,, -   
632,Round,0.9*0.9,8,Round,1.2*1.2,12,Round,1.1*1.1,2,Round,1.0*1.0,2,,,,,,,,,,,,,,,,,,, 1 
633,Round,0.9*0.9,10,,,,,,,,,,,,,,,,,,,,,,,,,,,, -   
634,Round,0.9*0.9,11,,,,,,,,,,,,,,,,,,,,,,,,,,,, -   
635,Round,0.9*0.9,6,,,,,,,,,,,,,,,,,,,,,,,,,,,, -   
636,Round,0.8*0.8,2,,,,,,,,,,,,,,,,,,,,,,,,,,,, -   
637,,,,,,,,,,,,,,,,,,,,,,,,,,,,,,, 1 
638,Round,0.8*0.8,2,,,,,,,,,,,,,,,,,,,,,,,,,,,, 1 
639,,,,,,,,,,,,,,,,,,,,,,,,,,,,,,, -   
640,,,,,,,,,,,,,,,,,,,,,,,,,,,,,,, -   
641,,,,,,,,,,,,,,,,,,,,,,,,,,,,,,, -   
642,Round,1.5*1.5,16,Round,1.1*1.1,20,,,,,,,,,,,,,,,,,,,,,,,,, -   
643,,,,,,,,,,,,,,,,,,,,,,,,,,,,,,, -   
644,Round,1.5*1.5,20,Round,1.1*1.1,1,,,,,,,,,,,,,,,,,,,,,,,,, -   
645,,,,,,,,,,,,,,,,,,,,,,,,,,,,,,, 1 
646,Round,1.0*1.0,96,,,,,,,,,,,,,,,,,,,,,,,,,,,, -   
647,Round,0.9*0.9,12,,,,,,,,,,,,,,,,,,,,,,,,,,,, 1 
648,Round,0.9*0.9,20,Round,0.8*0.8,12,Round,1.2*1.2,68,Round,1.1*1.1,8,Round,1.0*1.0,8,,,,,,,,,,,,,,,, -   
649,Round,0.8*0.8,2,Round,1.5*1.5,10,Round,1.0*1.0,18,Round,1.1*1.1,2,Round,1.2*1.2,2,Round,1.3*1.3,2,Round,0.9*0.9,12,,,,,,,,,, -   
650,Round,0.9*0.9,134,Round,0.8*0.8,12,Round,1.0*1.0,12,Round,1.2*1.2,4,Round,1.1*1.1,2,,,,,,,,,,,,,,,, -   
651,Round,0.8*0.8,12,Round,0.9*0.9,14,Round,1.0*1.0,8,Round,1.2*1.2,16,Round,1.1*1.1,12,,,,,,,,,,,,,,,, -   
652,Round,1.0*1.0,16,Round,0.9*0.9,16,Round,0.8*0.8,2,,,,,,,,,,,,,,,,,,,,,, -   
653,Round,0.9*0.9,10,Round,0.8*0.8,34,Round,1.0*1.0,10,Round,1.1*1.1,6,Round,1.2*1.2,8,,,,,,,,,,,,,,,, -   
654,Round,1.0*1.0,2,Round,1.1*1.1,4,Round,1.2*1.2,4,Round,1.3*1.3,4,,,,,,,,,,,,,,,,,,, 1 
655,,,,,,,,,,,,,,,,,,,,,,,,,,,,,,, -   
656,,,,,,,,,,,,,,,,,,,,,,,,,,,,,,, -   
657,Round,1.0*1.0,2,Round,0.9*0.9,2,Round,1.2*1.2,14,,,,,,,,,,,,,,,,,,,,,, 1 
658,Round,1.2*1.2,16,Round,1.1*1.1,2,,,,,,,,,,,,,,,,,,,,,,,,, 1 
659,Round,1.2*1.2,16,Round,1.1*1.1,2,,,,,,,,,,,,,,,,,,,,,,,,, -   
660,Round,1.0*1.0,4,Round,1.2*1.2,64,Round,0.9*0.9,4,,,,,,,,,,,,,,,,,,,,,, -   
661,Round,1.0*1.0,8,Round,1.1*1.1,12,,,,,,,,,,,,,,,,,,,,,,,,, -   
662,Round,0.9*0.9,14,Round,1.0*1.0,18,Round,0.8*0.8,2,,,,,,,,,,,,,,,,,,,,,, -   
663,Round,0.8*0.8,2,,,,,,,,,,,,,,,,,,,,,,,,,,,, 1 
664,,,,,,,,,,,,,,,,,,,,,,,,,,,,,,, -   
665,Round,0.8*0.8,46,,,,,,,,,,,,,,,,,,,,,,,,,,,, -   
666,Round,0.9*0.9,2,Round,1.0*1.0,2,,,,,,,,,,,,,,,,,,,,,,,,, -   
667,Round,1.0*1.0,2,,,,,,,,,,,,,,,,,,,,,,,,,,,, -   
668,,,,,,,,,,,,,,,,,,,,,,,,,,,,,,, -   
669,,,,,,,,,,,,,,,,,,,,,,,,,,,,,,, 1 
670,,,,,,,,,,,,,,,,,,,,,,,,,,,,,,, -   
671,,,,,,,,,,,,,,,,,,,,,,,,,,,,,,, -   
672,Round,1.5*1.5,18,,,,,,,,,,,,,,,,,,,,,,,,,,,, -   
673,Round,1.2*1.2,32,Round,1.0*1.0,2,,,,,,,,,,,,,,,,,,,,,,,,, -   
674,Round,1.4*1.4,6,Round,1.3*1.3,18,Round,1.1*1.1,10,Round,1.2*1.2,24,Round,1.0*1.0,8,,,,,,,,,,,,,,,, -   
675,,,,,,,,,,,,,,,,,,,,,,,,,,,,,,, -   
676,Round,3.0*3.0,2,Round,2.5*2.5,2,Round,0.8*0.8,6,,,,,,,,,,,,,,,,,,,,,, -   
677,Round,1.2*1.2,12,,,,,,,,,,,,,,,,,,,,,,,,,,,, -   
678,,,,,,,,,,,,,,,,,,,,,,,,,,,,,,, -   
679,Round,1.0*1.0,22,Round,0.9*0.9,4,Round,0.8*0.8,2,,,,,,,,,,,,,,,,,,,,,, -   
680,Round,0.8*0.8,4,Round,0.9*0.9,10,Round,1.0*1.0,4,Round,1.1*1.1,4,Round,1.3*1.3,4,Round,1.5*1.5,2,,,,,,,,,,,,, 1 
681,Round,1.5*1.5,2,,,,,,,,,,,,,,,,,,,,,,,,,,,, -   
682,Round,1.5*1.5,2,,,,,,,,,,,,,,,,,,,,,,,,,,,, -   
683,Round,1.6*1.6,2,,,,,,,,,,,,,,,,,,,,,,,,,,,, -   
684,Round,1.5*1.5,20,,,,,,,,,,,,,,,,,,,,,,,,,,,, -   
685,Round,1.7*1.7,2,,,,,,,,,,,,,,,,,,,,,,,,,,,, -   
686,Princess,2.0*2.0,2,,,,,,,,,,,,,,,,,,,,,,,,,,,, -   
687,Round,1.5*1.5,2,Round,1.0*1.0,28,,,,,,,,,,,,,,,,,,,,,,,,, -   
688,,,,,,,,,,,,,,,,,,,,,,,,,,,,,,, -   
689,Round,2.0*2.0,2,,,,,,,,,,,,,,,,,,,,,,,,,,,, -   
690,Round,1.5*1.5,2,,,,,,,,,,,,,,,,,,,,,,,,,,,, -   
691,Round,1.2*1.2,16,Round,1.3*1.3,30,Round,1.0*1.0,10,,,,,,,,,,,,,,,,,,,,,, -   
692,Round,0.8*0.8,36,Princess,1.3*1.3,2,Round,0.9*0.9,2,Round,1.3*1.3,2,Round,1.5*1.5,2,Round,1.6*1.6,2,Round,1.7*1.7,10,,,,,,,,,, -   
693,Round,1.2*1.2,2,,,,,,,,,,,,,,,,,,,,,,,,,,,, 1 
694,Round,1.3*1.3,2,Round,1.0*1.0,2,Round,0.9*0.9,2,Round,1.2*1.2,14,,,,,,,,,,,,,,,,,,, 1 
695,Round,1.0*1.0,2,Round,0.8*0.8,8,Round,1.1*1.1,2,,,,,,,,,,,,,,,,,,,,,, 1 
696,Round,1.2*1.2,20,,,,,,,,,,,,,,,,,,,,,,,,,,,, 1 
697,Round,1.2*1.2,46,Round,1.7*1.7,4,Round,2.0*2.0,2,,,,,,,,,,,,,,,,,,,,,, -   
698,Round,1.1*1.1,4,Round,1.0*1.0,6,Round,0.9*0.9,6,Round,0.8*0.8,8,,,,,,,,,,,,,,,,,,, -   
699,Round,1.5*1.5,28,,,,,,,,,,,,,,,,,,,,,,,,,,,, -   
700,Round,1.1*1.1,46,Round,1.0*1.0,2,Round,0.9*0.9,2,,,,,,,,,,,,,,,,,,,,,, -   
701,Round,1.2*1.2,38,,,,,,,,,,,,,,,,,,,,,,,,,,,, -   
702,Round,1.2*1.2,21,,,,,,,,,,,,,,,,,,,,,,,,,,,, -   
703,Round,1.7*1.7,2,Round,1.0*1.0,46,,,,,,,,,,,,,,,,,,,,,,,,, -   
704,Round,0.8*0.8,16,Round,1.0*1.0,16,Round,0.9*0.9,8,Round,1.3*1.3,4,,,,,,,,,,,,,,,,,,, -   
705,Round,1.1*1.1,24,Round,0.9*0.9,4,Round,0.8*0.8,4,Round,1.0*1.0,4,,,,,,,,,,,,,,,,,,, -   
706,Round,1.0*1.0,84,Round,0.9*0.9,10,Round,0.9*0.9,6,Round,0.8*0.8,6,,,,,,,,,,,,,,,,,,, -   
707,Round,1.3*1.3,4,Round,1.0*1.0,32,Round,0.8*0.8,4,Round,0.9*0.9,4,Round,1.2*1.2,2,,,,,,,,,,,,,,,, -   
708,Round,0.8*0.8,98,Round,0.9*0.9,38,,,,,,,,,,,,,,,,,,,,,,,,, -   
709,Round,1.3*1.3,10,Round,1.2*1.2,4,Round,0.8*0.8,2,Round,1.1*1.1,2,,,,,,,,,,,,,,,,,,, -   
710,Round,0.9*0.9,104,Round,1.0*1.0,10,,,,,,,,,,,,,,,,,,,,,,,,, -   
711,Round,1.5*1.5,8,Round,1.0*1.0,12,,,,,,,,,,,,,,,,,,,,,,,,, -   
712,Round,1.5*1.5,6,Round,1.0*1.0,8,Round,1.1*1.1,12,,,,,,,,,,,,,,,,,,,,,, -   
713,Round,1.5*1.5,2,Round,1.2*1.2,8,Round,1.7*1.7,8,,,,,,,,,,,,,,,,,,,,,, -   
714,Round,2.0*2.0,16,,,,,,,,,,,,,,,,,,,,,,,,,,,, -   
715,Marquise,4.0*2.0,8,,,,,,,,,,,,,,,,,,,,,,,,,,,, -   
716,Round,0.9*0.9,16,,,,,,,,,,,,,,,,,,,,,,,,,,,, -   
717,Round,2.0*2.0,2,Round,1.8*1.8,2,Round,1.5*1.5,2,Round,1.2*1.2,2,Round,0.9*0.9,2,,,,,,,,,,,,,,,, -   
718,Round,0.9*0.9,5,Round,1.3*1.3,7,Round,1.2*1.2,2,Round,1.4*1.4,2,Round,1.6*1.6,2,Round,1.7*1.7,2,,,,,,,,,,,,, -   
719,Round,1.8*1.8,8,Round,0.9*0.9,130,,,,,,,,,,,,,,,,,,,,,,,,, -   
720,,,,,,,,,,,,,,,,,,,,,,,,,,,,,,, -   
721,Round,1.3*1.3,2,,,,,,,,,,,,,,,,,,,,,,,,,,,, -   
722,Round,1.0*1.0,3,Round,1.2*1.2,3,,,,,,,,,,,,,,,,,,,,,,,,, 1 
723,Round,0.9*0.9,2,,,,,,,,,,,,,,,,,,,,,,,,,,,, -   
724,Round,1.0*1.0,2,,,,,,,,,,,,,,,,,,,,,,,,,,,, 1 
725,Round,1.2*1.2,2,,,,,,,,,,,,,,,,,,,,,,,,,,,, -   
726,,,,,,,,,,,,,,,,,,,,,,,,,,,,,,, -   
727,,,,,,,,,,,,,,,,,,,,,,,,,,,,,,, -   
728,Round,1.7*1.7,6,,,,,,,,,,,,,,,,,,,,,,,,,,,, -   
729,Round,1.7*1.7,6,Round,1.1*1.1,12,,,,,,,,,,,,,,,,,,,,,,,,, -   
730,Round,1.0*1.0,8,Round,1.7*1.7,6,,,,,,,,,,,,,,,,,,,,,,,,, -   
731,Round,1.3*1.3,16,Round,1.2*1.2,12,Round,1.1*1.1,2,Round,0.9*0.9,2,,,,,,,,,,,,,,,,,,, -   
732,Round,1.3*1.3,16,,,,,,,,,,,,,,,,,,,,,,,,,,,, -   
733,Round,1.1*1.1,2,Round,0.9*0.9,2,Round,1.0*1.0,2,Round,1.5*1.5,12,Round,1.2*1.2,12,,,,,,,,,,,,,,,, 1 
734,Round,2.0*2.0,6,Round,1.5*1.5,10,Round,1.4*1.4,4,Round,1.3*1.3,6,Round,1.2*1.2,6,,,,,,,,,,,,,,,, 1 
735,Round,2.0*2.0,6,Round,1.5*1.5,10,Round,1.4*1.4,4,Round,1.3*1.3,6,Round,1.2*1.2,6,,,,,,,,,,,,,,,, -   
736,Round,1.7*1.7,8,Round,1.2*1.2,16,Round,1.1*1.1,16,Round,1.0*1.0,4,,,,,,,,,,,,,,,,,,, -   
737,Round,1.0*1.0,44,Round,1.5*1.5,18,Round,0.8*0.8,12,,,,,,,,,,,,,,,,,,,,,, -   
738,Round,1.7*1.7,12,Round,1.1*1.1,8,Round,1.0*1.0,4,Round,0.8*0.8,8,,,,,,,,,,,,,,,,,,, -   
739,Round,1.5*1.5,14,,,,,,,,,,,,,,,,,,,,,,,,,,,, 1 
740,Round,1.5*1.5,16,,,,,,,,,,,,,,,,,,,,,,,,,,,, -   
741,Round,1.5*1.5,12,,,,,,,,,,,,,,,,,,,,,,,,,,,, -   
742,Round,1.5*1.5,6,Round,1.2*1.2,6,,,,,,,,,,,,,,,,,,,,,,,,, -   
743,Round,1.1*1.1,18,,,,,,,,,,,,,,,,,,,,,,,,,,,, -   
744,Round,1.3*1.3,10,,,,,,,,,,,,,,,,,,,,,,,,,,,, -   
745,Round,1.5*1.5,36,,,,,,,,,,,,,,,,,,,,,,,,,,,, -   
746,Round,1.5*1.5,16,Round,1.0*1.0,16,,,,,,,,,,,,,,,,,,,,,,,,, -   
747,Round,1.3*1.3,12,Round,1.5*1.5,38,,,,,,,,,,,,,,,,,,,,,,,,, 1 
748,Round,1.5*1.5,18,Round,1.2*1.2,16,,,,,,,,,,,,,,,,,,,,,,,,, -   
749,Round,1.5*1.5,22,Round,1.1*1.1,18,,,,,,,,,,,,,,,,,,,,,,,,, -   
750,Round,2.0*2.0,10,Round,1.5*1.5,10,,,,,,,,,,,,,,,,,,,,,,,,, -   
751,Round,1.5*1.5,18,Round,1.4*1.4,14,Round,1.0*1.0,4,,,,,,,,,,,,,,,,,,,,,, -   
752,Round,1.2*1.2,6,Round,1.1*1.1,2,Round,1.0*1.0,34,,,,,,,,,,,,,,,,,,,,,, -   
753,Round,0.9*0.9,2,Round,1.1*1.1,2,Round,1.3*1.3,2,Round,1.4*1.4,2,Round,1.5*1.5,8,Round,3.5*3.5,2,,,,,,,,,,,,, -   
754,Round,0.8*0.8,96,Round,1.6*1.6,4,Round,2.0*2.0,2,Round,0.9*0.9,6,,,,,,,,,,,,,,,,,,, -   
755,Round,3.5*3.5,2,,,,,,,,,,,,,,,,,,,,,,,,,,,, -   
756,Round,2.0*2.0,6,,,,,,,,,,,,,,,,,,,,,,,,,,,, -   
757,Round,2.5*2.5,2,,,,,,,,,,,,,,,,,,,,,,,,,,,, -   
758,Round,2.5*2.5,2,,,,,,,,,,,,,,,,,,,,,,,,,,,, -   
759,Round,3.0*3.0,2,Round,1.7*1.7,12,,,,,,,,,,,,,,,,,,,,,,,,, -   
760,Round,1.7*1.7,2,Round,3.5*3.5,2,,,,,,,,,,,,,,,,,,,,,,,,, -   
761,Round,3.0*3.0,2,Round,0.9*0.9,4,Round,1.0*1.0,12,Round,1.7*1.7,2,Round,0.8*0.8,8,Round,1.1*1.1,4,,,,,,,,,,,,, -   
762,Round,3.0*3.0,2,Round,1.7*1.7,2,Round,1.0*1.0,40,,,,,,,,,,,,,,,,,,,,,, -   
763,Round,3.0*3.0,2,Round,1.5*1.5,6,Round,1.7*1.7,12,,,,,,,,,,,,,,,,,,,,,, -   
764,Round,0.8*0.8,20,Round,1.0*1.0,56,Round,1.7*1.7,2,Round,0.9*0.9,4,Round,1.2*1.2,4,Round,2.5*2.5,2,,,,,,,,,,,,, -   
765,Round,3.0*3.0,2,Round,1.1*1.1,2,,,,,,,,,,,,,,,,,,,,,,,,, 1 
766,Round,3.0*3.0,2,Round,3.5*3.5,2,,,,,,,,,,,,,,,,,,,,,,,,, -   
767,,,,,,,,,,,,,,,,,,,,,,,,,,,,,,, -   
768,,,,,,,,,,,,,,,,,,,,,,,,,,,,,,, -   
769,,,,,,,,,,,,,,,,,,,,,,,,,,,,,,, -   
770,Round,0.9*0.9,4,Round,0.8*0.8,4,,,,,,,,,,,,,,,,,,,,,,,,, -   
771,Round,0.9*0.9,6,Round,0.8*0.8,12,Round,1.0*1.0,2,,,,,,,,,,,,,,,,,,,,,, -   
772,Round,0.9*0.9,14,Round,0.8*0.8,16,Round,1.0*1.0,2,Princess,1.3*1.3,2,,,,,,,,,,,,,,,,,,, -   
773,,,,,,,,,,,,,,,,,,,,,,,,,,,,,,, -   
774,Round,0.9*0.9,12,Round,0.8*0.8,6,,,,,,,,,,,,,,,,,,,,,,,,, -   
775,,,,,,,,,,,,,,,,,,,,,,,,,,,,,,, -   
776,,,,,,,,,,,,,,,,,,,,,,,,,,,,,,, -   
777,Round,1.0*1.0,2,,,,,,,,,,,,,,,,,,,,,,,,,,,, -   
778,,,,,,,,,,,,,,,,,,,,,,,,,,,,,,, -   
779,,,,,,,,,,,,,,,,,,,,,,,,,,,,,,, -   
780,,,,,,,,,,,,,,,,,,,,,,,,,,,,,,, -   
781,,,,,,,,,,,,,,,,,,,,,,,,,,,,,,, -   
782,,,,,,,,,,,,,,,,,,,,,,,,,,,,,,, -   
783,,,,,,,,,,,,,,,,,,,,,,,,,,,,,,, -   
784,,,,,,,,,,,,,,,,,,,,,,,,,,,,,,, -   
785,,,,,,,,,,,,,,,,,,,,,,,,,,,,,,, -   
786,,,,,,,,,,,,,,,,,,,,,,,,,,,,,,, -   
787,,,,,,,,,,,,,,,,,,,,,,,,,,,,,,, -   
788,Round,1.7*1.7,14,,,,,,,,,,,,,,,,,,,,,,,,,,,, -   
789,,,,,,,,,,,,,,,,,,,,,,,,,,,,,,, -   
790,Round,1.7*1.7,14,,,,,,,,,,,,,,,,,,,,,,,,,,,, -   
791,Round,1.5*1.5,16,Round,1.3*1.3,16,,,,,,,,,,,,,,,,,,,,,,,,, -   
792,Round,1.5*1.5,16,Round,1.3*1.3,18,,,,,,,,,,,,,,,,,,,,,,,,, -   
793,Round,2.0*2.0,12,,,,,,,,,,,,,,,,,,,,,,,,,,,, -   
794,Round,1.5*1.5,16,Round,1.2*1.2,16,,,,,,,,,,,,,,,,,,,,,,,,, -   
795,,,,,,,,,,,,,,,,,,,,,,,,,,,,,,, -   
796,Round,1.5*1.5,20,Round,1.0*1.0,21,,,,,,,,,,,,,,,,,,,,,,,,, -   
797,Round,1.0*1.0,18,Round,1.1*1.1,25,,,,,,,,,,,,,,,,,,,,,,,,, -   
798,,,,,,,,,,,,,,,,,,,,,,,,,,,,,,, 1 
799,Round,1.5*1.5,33,,,,,,,,,,,,,,,,,,,,,,,,,,,, -   
800,Round,2.0*2.0,14,Round,1.5*1.5,2,,,,,,,,,,,,,,,,,,,,,,,,, -   
801,Marquise,3.0*1.5,4,,,,,,,,,,,,,,,,,,,,,,,,,,,, -   
802,,,,,,,,,,,,,,,,,,,,,,,,,,,,,,, -   
803,Round,1.0*1.0,1,,,,,,,,,,,,,,,,,,,,,,,,,,,, -   
804,Round,1.0*1.0,2,,,,,,,,,,,,,,,,,,,,,,,,,,,, -   
805,,,,,,,,,,,,,,,,,,,,,,,,,,,,,,, -   
806,Round,1.3*1.3,4,Round,0.9*0.9,1,,,,,,,,,,,,,,,,,,,,,,,,, -   
807,Round,1.0*1.0,2,Round,0.9*0.9,12,Round,0.8*0.8,2,,,,,,,,,,,,,,,,,,,,,, -   
808,Round,0.8*0.8,14,Round,0.9*0.9,4,Round,1.0*1.0,8,,,,,,,,,,,,,,,,,,,,,, -   
809,Round,1.1*1.1,4,,,,,,,,,,,,,,,,,,,,,,,,,,,, -   
810,Round,1.2*1.2,20,Round,1.5*1.5,16,,,,,,,,,,,,,,,,,,,,,,,,, -   
811,Round,1.5*1.5,2,Round,1.4*1.4,26,Round,1.3*1.3,4,Round,1.2*1.2,6,,,,,,,,,,,,,,,,,,, -   
812,Round,1.7*1.7,2,Round,1.2*1.2,6,Round,1.3*1.3,4,Round,1.1*1.1,4,Round,1.4*1.4,2,Round,0.9*0.9,4,,,,,,,,,,,,, -   
813,Round,3.0*3.0,2,Round,1.2*1.2,20,,,,,,,,,,,,,,,,,,,,,,,,, -   
814,Round,3.0*3.0,2,Round,1.2*1.2,22,Round,1.3*1.3,16,,,,,,,,,,,,,,,,,,,,,, -   
815,Round,1.7*1.7,2,Round,1.1*1.1,36,,,,,,,,,,,,,,,,,,,,,,,,, -   
816,Round,1.3*1.3,2,Round,0.9*0.9,4,Round,0.8*0.8,4,Round,1.0*1.0,4,Round,1.2*1.2,4,,,,,,,,,,,,,,,, -   
817,Round,1.4*1.4,4,Round,1.3*1.3,6,Round,1.2*1.2,2,Round,1.5*1.5,8,Round,1.6*1.6,2,Round,1.1*1.1,4,Round,1.0*1.0,4,,,,,,,,,, -   
818,Round,2.0*2.0,4,Round,1.7*1.7,2,Round,1.5*1.5,2,Round,1.3*1.3,2,Round,1.1*1.1,8,Round,1.0*1.0,18,Round,1.6*1.6,2,Round,1.8*1.8,2,,,,,,, -   
819,Round,0.8*0.8,36,,,,,,,,,,,,,,,,,,,,,,,,,,,, -   
820,Round,1.0*1.0,58,Round,1.5*1.5,19,,,,,,,,,,,,,,,,,,,,,,,,, -   
821,Round,1.5*1.5,1,,,,,,,,,,,,,,,,,,,,,,,,,,,, -   
822,Round,2.4*2.4,1,,,,,,,,,,,,,,,,,,,,,,,,,,,, -   
823,,,,,,,,,,,,,,,,,,,,,,,,,,,,,,, -   
824,Princess,2.0*2.0,1,,,,,,,,,,,,,,,,,,,,,,,,,,,, -   
825,Round,2.4*2.4,1,,,,,,,,,,,,,,,,,,,,,,,,,,,, -   
826,,,,,,,,,,,,,,,,,,,,,,,,,,,,,,, -   
827,Round,1.1*1.1,2,Round,1.3*1.3,1,,,,,,,,,,,,,,,,,,,,,,,,, -   
828,Princess Ngàm,2.5*2.5,1,,,,,,,,,,,,,,,,,,,,,,,,,,,, -   
829,Round,1.0*1.0,12,,,,,,,,,,,,,,,,,,,,,,,,,,,, -   
830,Round,1.8*1.8,1,,,,,,,,,,,,,,,,,,,,,,,,,,,, -   
831,Round,1.3*1.3,15,,,,,,,,,,,,,,,,,,,,,,,,,,,, -   
832,Baguette,2.7*1.5,1,Round,0.8*0.8,42,,,,,,,,,,,,,,,,,,,,,,,,, -   
833,Princess Ngàm,1.5*1.5,10,Round,0.8*0.8,100,,,,,,,,,,,,,,,,,,,,,,,,, -   
834,Princess,1.5*1.5,3,,,,,,,,,,,,,,,,,,,,,,,,,,,, -   
835,,,,,,,,,,,,,,,,,,,,,,,,,,,,,,, -   
836,Princess,2.0*2.0,3,,,,,,,,,,,,,,,,,,,,,,,,,,,, -   
837,Round,1.5*1.5,6,Round,1.1*1.1,12,Round,0.8*0.8,12,,,,,,,,,,,,,,,,,,,,,, -   
838,Princess,1.5*1.5,8,,,,,,,,,,,,,,,,,,,,,,,,,,,, -   
839,,,,,,,,,,,,,,,,,,,,,,,,,,,,,,, -   
840,Round,1.5*1.5,1,,,,,,,,,,,,,,,,,,,,,,,,,,,, -   
841,Round,2.5*2.5,1,,,,,,,,,,,,,,,,,,,,,,,,,,,, -   
842,Princess Ngàm,1.5*1.5,1,,,,,,,,,,,,,,,,,,,,,,,,,,,, -   
843,Princess Ngàm,2.0*2.0,1,,,,,,,,,,,,,,,,,,,,,,,,,,,, -   
844,Round,1.1*1.1,1,,,,,,,,,,,,,,,,,,,,,,,,,,,, -   
845,Round,1.5*1.5,1,,,,,,,,,,,,,,,,,,,,,,,,,,,, -   
846,,,,,,,,,,,,,,,,,,,,,,,,,,,,,,, -   
847,Princess,1.3*1.3,1,,,,,,,,,,,,,,,,,,,,,,,,,,,, -   
848,,,,,,,,,,,,,,,,,,,,,,,,,,,,,,, -   
849,,,,,,,,,,,,,,,,,,,,,,,,,,,,,,, -   
850,,,,,,,,,,,,,,,,,,,,,,,,,,,,,,, -   
851,,,,,,,,,,,,,,,,,,,,,,,,,,,,,,, -   
852,,,,,,,,,,,,,,,,,,,,,,,,,,,,,,, -   
853,,,,,,,,,,,,,,,,,,,,,,,,,,,,,,, -   
854,,,,,,,,,,,,,,,,,,,,,,,,,,,,,,, -   
855,,,,,,,,,,,,,,,,,,,,,,,,,,,,,,, -   
856,,,,,,,,,,,,,,,,,,,,,,,,,,,,,,, -   
857,,,,,,,,,,,,,,,,,,,,,,,,,,,,,,, -   
858,,,,,,,,,,,,,,,,,,,,,,,,,,,,,,, -   
859,,,,,,,,,,,,,,,,,,,,,,,,,,,,,,, -   
860,,,,,,,,,,,,,,,,,,,,,,,,,,,,,,, -   
861,,,,,,,,,,,,,,,,,,,,,,,,,,,,,,, -   
862,,,,,,,,,,,,,,,,,,,,,,,,,,,,,,, -   
863,,,,,,,,,,,,,,,,,,,,,,,,,,,,,,, -   
864,,,,,,,,,,,,,,,,,,,,,,,,,,,,,,, -   
865,,,,,,,,,,,,,,,,,,,,,,,,,,,,,,, -   
866,Round,0.8*0.8,1,Round,0.9*0.9,1,Round,1.0*1.0,2,Round,1.1*1.1,2,Round,1.2*1.2,6,,,,,,,,,,,,,,,, -   
867,,,,,,,,,,,,,,,,,,,,,,,,,,,,,,, -   
868,,,,,,,,,,,,,,,,,,,,,,,,,,,,,,, -   
869,Round,1.2*1.2,1,,,,,,,,,,,,,,,,,,,,,,,,,,,, -   
870,,,,,,,,,,,,,,,,,,,,,,,,,,,,,,, -   
871,Round,1.5*1.5,1,,,,,,,,,,,,,,,,,,,,,,,,,,,, -   
872,Princess,1.5*1.5,1,,,,,,,,,,,,,,,,,,,,,,,,,,,, -   
873,Round,0.8*0.8,5,,,,,,,,,,,,,,,,,,,,,,,,,,,, -   
874,Round,1.5*1.5,1,,,,,,,,,,,,,,,,,,,,,,,,,,,, -   
875,,,,,,,,,,,,,,,,,,,,,,,,,,,,,,, -   
876,,,,,,,,,,,,,,,,,,,,,,,,,,,,,,, -   
877,,,,,,,,,,,,,,,,,,,,,,,,,,,,,,, -   
878,,,,,,,,,,,,,,,,,,,,,,,,,,,,,,, -   
879,,,,,,,,,,,,,,,,,,,,,,,,,,,,,,, -   
880,Round,2.2*2.2,1,,,,,,,,,,,,,,,,,,,,,,,,,,,, -   
881,Round,1.7*1.7,2,,,,,,,,,,,,,,,,,,,,,,,,,,,, -   
882,Baguette,4.0*2.0,1,,,,,,,,,,,,,,,,,,,,,,,,,,,, -   
883,,,,,,,,,,,,,,,,,,,,,,,,,,,,,,, -   
884,,,,,,,,,,,,,,,,,,,,,,,,,,,,,,, -   
885,Round,1.0*1.0,2,Round,1.1*1.1,1,,,,,,,,,,,,,,,,,,,,,,,,, -   
886,Round,1.4*1.4,20,Round,1.3*1.3,20,,,,,,,,,,,,,,,,,,,,,,,,, -   
887,Princess Ngàm,1.5*1.5,4,,,,,,,,,,,,,,,,,,,,,,,,,,,, -   
888,,,,,,,,,,,,,,,,,,,,,,,,,,,,,,, -   
889,,,,,,,,,,,,,,,,,,,,,,,,,,,,,,, -   
890,Round,1.5*1.5,4,Round,1.2*1.2,2,Round,1.3*1.3,2,Round,1.0*1.0,3,Round,1.1*1.1,1,,,,,,,,,,,,,,,, -   
891,,,,,,,,,,,,,,,,,,,,,,,,,,,,,,, -   
892,,,,,,,,,,,,,,,,,,,,,,,,,,,,,,, -   
893,,,,,,,,,,,,,,,,,,,,,,,,,,,,,,, -   
894,,,,,,,,,,,,,,,,,,,,,,,,,,,,,,, -   
895,Round,1.0*1.0,1,Round,1.2*1.2,1,Round,1.3*1.3,1,,,,,,,,,,,,,,,,,,,,,, -   
896,,,,,,,,,,,,,,,,,,,,,,,,,,,,,,, -   
897,,,,,,,,,,,,,,,,,,,,,,,,,,,,,,, -   
898,,,,,,,,,,,,,,,,,,,,,,,,,,,,,,, -   
899,,,,,,,,,,,,,,,,,,,,,,,,,,,,,,, -   
900,Round,1.0*1.0,4,,,,,,,,,,,,,,,,,,,,,,,,,,,, -   
901,Round,1.1*1.1,4,,,,,,,,,,,,,,,,,,,,,,,,,,,, -   
902,Round,1.3*1.3,1,,,,,,,,,,,,,,,,,,,,,,,,,,,, -   
903,Princess,2.2*2.2,1,,,,,,,,,,,,,,,,,,,,,,,,,,,, -   
904,,,,,,,,,,,,,,,,,,,,,,,,,,,,,,, -   
905,Princess Ngàm,1.5*1.5,1,,,,,,,,,,,,,,,,,,,,,,,,,,,, -   
906,Princess,2.0*2.0,1,,,,,,,,,,,,,,,,,,,,,,,,,,,, -   
907,Round,1.2*1.2,1,,,,,,,,,,,,,,,,,,,,,,,,,,,, -   
908,,,,,,,,,,,,,,,,,,,,,,,,,,,,,,, -   
909,,,,,,,,,,,,,,,,,,,,,,,,,,,,,,, -   
910,Princess Ngàm,3.0*3.0,1,,,,,,,,,,,,,,,,,,,,,,,,,,,, -   
911,,,,,,,,,,,,,,,,,,,,,,,,,,,,,,, -   
912,Round,1.0*1.0,10,Round,1.2*1.2,10,Round,1.1*1.1,10,Round,0.9*0.9,4,,,,,,,,,,,,,,,,,,, -   
913,Round,3.2*3.2,1,,,,,,,,,,,,,,,,,,,,,,,,,,,, -   
914,Round,1.0*1.0,10,Round,0.8*0.8,2,Round,3.0*3.0,1,,,,,,,,,,,,,,,,,,,,,, -   
915,Princess,2.0*2.0,1,,,,,,,,,,,,,,,,,,,,,,,,,,,, -   
916,Round,1.2*1.2,4,Round,0.9*0.9,140,,,,,,,,,,,,,,,,,,,,,,,,, -   
917,,,,,,,,,,,,,,,,,,,,,,,,,,,,,,, -   
918,,,,,,,,,,,,,,,,,,,,,,,,,,,,,,, -   
919,,,,,,,,,,,,,,,,,,,,,,,,,,,,,,, -   
920,Baguette,3.0*1.7,16,,,,,,,,,,,,,,,,,,,,,,,,,,,, -   
921,Round,1.0*1.0,36,,,,,,,,,,,,,,,,,,,,,,,,,,,, -   
922,,,,,,,,,,,,,,,,,,,,,,,,,,,,,,, -   
923,Round,2.0*2.0,8,,,,,,,,,,,,,,,,,,,,,,,,,,,, -   
924,,,,,,,,,,,,,,,,,,,,,,,,,,,,,,, -   
925,Round,2.5*2.5,1,,,,,,,,,,,,,,,,,,,,,,,,,,,, -   
926,Round,1.1*1.1,1,,,,,,,,,,,,,,,,,,,,,,,,,,,, -   
927,Round,1.2*1.2,1,,,,,,,,,,,,,,,,,,,,,,,,,,,, -   
928,Round,1.0*1.0,1,,,,,,,,,,,,,,,,,,,,,,,,,,,, -   
929,,,,,,,,,,,,,,,,,,,,,,,,,,,,,,, -   
930,Round,1.0*1.0,1,,,,,,,,,,,,,,,,,,,,,,,,,,,, -   
931,Round,2.0*2.0,1,,,,,,,,,,,,,,,,,,,,,,,,,,,, -   
932,,,,,,,,,,,,,,,,,,,,,,,,,,,,,,, -   
933,,,,,,,,,,,,,,,,,,,,,,,,,,,,,,, -   
934,,,,,,,,,,,,,,,,,,,,,,,,,,,,,,, -   
935,Princess,1.5*1.5,1,,,,,,,,,,,,,,,,,,,,,,,,,,,, -   
936,Round,1.5*1.5,41,,,,,,,,,,,,,,,,,,,,,,,,,,,, -   
937,Baguette,4.0*2.0,1,,,,,,,,,,,,,,,,,,,,,,,,,,,, -   
938,,,,,,,,,,,,,,,,,,,,,,,,,,,,,,, -   
939,Princess Ngàm,2.2*2.2,1,Round,1.7*1.7,16,,,,,,,,,,,,,,,,,,,,,,,,, -   
940,Princess Ngàm,1.5*1.5,1,,,,,,,,,,,,,,,,,,,,,,,,,,,, -   
941,,,,,,,,,,,,,,,,,,,,,,,,,,,,,,, -   
942,Princess Ngàm,2.5*2.5,1,,,,,,,,,,,,,,,,,,,,,,,,,,,, -   
943,,,,,,,,,,,,,,,,,,,,,,,,,,,,,,, - 
944,,,,,,,,,,,,,,,,,,,,,,,,,,,,,,, - 
945,,,,,,,,,,,,,,,,,,,,,,,,,,,,,,, - 
946,,,,,,,,,,,,,,,,,,,,,,,,,,,,,,, - 
947,,,,,,,,,,,,,,,,,,,,,,,,,,,,,,, - 
948,,,,,,,,,,,,,,,,,,,,,,,,,,,,,,, - 
949,,,,,,,,,,,,,,,,,,,,,,,,,,,,,,, - 
950,,,,,,,,,,,,,,,,,,,,,,,,,,,,,,, - 
951,,,,,,,,,,,,,,,,,,,,,,,,,,,,,,, - 
952,,,,,,,,,,,,,,,,,,,,,,,,,,,,,,, - 
953,,,,,,,,,,,,,,,,,,,,,,,,,,,,,,, - 
954,,,,,,,,,,,,,,,,,,,,,,,,,,,,,,, - 
955,,,,,,,,,,,,,,,,,,,,,,,,,,,,,,, - 
956,,,,,,,,,,,,,,,,,,,,,,,,,,,,,,, - 
957,,,,,,,,,,,,,,,,,,,,,,,,,,,,,,, - 
958,,,,,,,,,,,,,,,,,,,,,,,,,,,,,,, - 
959,,,,,,,,,,,,,,,,,,,,,,,,,,,,,,, - 
960,,,,,,,,,,,,,,,,,,,,,,,,,,,,,,, - 
961,,,,,,,,,,,,,,,,,,,,,,,,,,,,,,, - 
962,,,,,,,,,,,,,,,,,,,,,,,,,,,,,,, - 
963,,,,,,,,,,,,,,,,,,,,,,,,,,,,,,, - 
964,,,,,,,,,,,,,,,,,,,,,,,,,,,,,,, - 
965,,,,,,,,,,,,,,,,,,,,,,,,,,,,,,, - 
966,,,,,,,,,,,,,,,,,,,,,,,,,,,,,,, - 
967,,,,,,,,,,,,,,,,,,,,,,,,,,,,,,, - 
968,,,,,,,,,,,,,,,,,,,,,,,,,,,,,,, - 
969,,,,,,,,,,,,,,,,,,,,,,,,,,,,,,, - 
970,,,,,,,,,,,,,,,,,,,,,,,,,,,,,,, - 
971,,,,,,,,,,,,,,,,,,,,,,,,,,,,,,, - 
972,,,,,,,,,,,,,,,,,,,,,,,,,,,,,,, - 
973,,,,,,,,,,,,,,,,,,,,,,,,,,,,,,, - 
974,,,,,,,,,,,,,,,,,,,,,,,,,,,,,,, - 
975,,,,,,,,,,,,,,,,,,,,,,,,,,,,,,, - 
976,,,,,,,,,,,,,,,,,,,,,,,,,,,,,,, - 
977,,,,,,,,,,,,,,,,,,,,,,,,,,,,,,, - 
978,,,,,,,,,,,,,,,,,,,,,,,,,,,,,,, - 
979,,,,,,,,,,,,,,,,,,,,,,,,,,,,,,, - 
980,,,,,,,,,,,,,,,,,,,,,,,,,,,,,,, - 
981,,,,,,,,,,,,,,,,,,,,,,,,,,,,,,, - 
982,,,,,,,,,,,,,,,,,,,,,,,,,,,,,,, - 
983,,,,,,,,,,,,,,,,,,,,,,,,,,,,,,, - 
984,,,,,,,,,,,,,,,,,,,,,,,,,,,,,,, - 
985,,,,,,,,,,,,,,,,,,,,,,,,,,,,,,, - 
986,,,,,,,,,,,,,,,,,,,,,,,,,,,,,,, - 
987,,,,,,,,,,,,,,,,,,,,,,,,,,,,,,, - 
988,,,,,,,,,,,,,,,,,,,,,,,,,,,,,,, - 
989,,,,,,,,,,,,,,,,,,,,,,,,,,,,,,, - 
990,,,,,,,,,,,,,,,,,,,,,,,,,,,,,,, - 
991,,,,,,,,,,,,,,,,,,,,,,,,,,,,,,, - 
992,,,,,,,,,,,,,,,,,,,,,,,,,,,,,,, - 
993,,,,,,,,,,,,,,,,,,,,,,,,,,,,,,, - 
994,,,,,,,,,,,,,,,,,,,,,,,,,,,,,,, - 
995,,,,,,,,,,,,,,,,,,,,,,,,,,,,,,, - 
996,,,,,,,,,,,,,,,,,,,,,,,,,,,,,,, - 
997,,,,,,,,,,,,,,,,,,,,,,,,,,,,,,, - 
998,,,,,,,,,,,,,,,,,,,,,,,,,,,,,,, - 
999,,,,,,,,,,,,,,,,,,,,,,,,,,,,,,, - 
1000,Round,1.5*1.5,29,,,,,,,,,,,,,,,,,,,,,,,,,,,, 1 
1001,Round,1.2*1.2,29,,,,,,,,,,,,,,,,,,,,,,,,,,,, - 
1002,Round,1.7*1.7,15,,,,,,,,,,,,,,,,,,,,,,,,,,,, 1 
1003,Round,1.1*1.1,8,Round,1.5*1.5,5,,,,,,,,,,,,,,,,,,,,,,,,, - 
1004,,,,,,,,,,,,,,,,,,,,,,,,,,,,,,, 1 
1005,Round,1.8*1.8,1,,,,,,,,,,,,,,,,,,,,,,,,,,,, 1 
1006,Round,0.9*0.9,2,Round,1.3*1.3,3,Round,1.1*1.1,2,Round,1.0*1.0,2,Round,1.2*1.2,2,,,,,,,,,,,,,,,, 1 
1007,Round,1.5*1.5,2,,,,,,,,,,,,,,,,,,,,,,,,,,,, 1 
1008,Round,2.1*2.1,1,Round,0.9*0.9,1,,,,,,,,,,,,,,,,,,,,,,,,, 1 
1009,Round,3.0*3.0,1,Round,1.8*1.8,1,,,,,,,,,,,,,,,,,,,,,,,,, 1 
1010,Princess,1.5*1.5,18,,,,,,,,,,,,,,,,,,,,,,,,,,,, 1 
1011,Round,1.5*1.5,29,,,,,,,,,,,,,,,,,,,,,,,,,,,, 1 
1012,Round,1.3*1.3,3,Round,1.2*1.2,2,Round,1.0*1.0,2,Round,0.9*0.9,1,,,,,,,,,,,,,,,,,,, 1 
1013,Round,1.6*1.6,2,Round,0.9*0.9,2,Round,1.1*1.1,2,Round,1.3*1.3,2,,,,,,,,,,,,,,,,,,, 1 
1014,Round,1.8*1.8,1,,,,,,,,,,,,,,,,,,,,,,,,,,,, 1 
1015,Baguette,3.0*1.75,1,,,,,,,,,,,,,,,,,,,,,,,,,,,, 1 
1016,Round,1.0*1.0,24,Round,1.1*1.1,20,Baguette,3.0*1.75,1,,,,,,,,,,,,,,,,,,,,,, 1 
1017,Princess ngàm,2.0*2.0,5,,,,,,,,,,,,,,,,,,,,,,,,,,,, 1 
1018,Round,1.2*1.2,23,,,,,,,,,,,,,,,,,,,,,,,,,,,, 1 
1019,Round,1.1*1.1,8,,,,,,,,,,,,,,,,,,,,,,,,,,,, 1 
1020,Round,1.0*1.0,2,Round,1.2*1.2,2,Round,1.4*1.4,1,,,,,,,,,,,,,,,,,,,,,, 1 
1021,Round,1.1*1.1,33,,,,,,,,,,,,,,,,,,,,,,,,,,,, 1 
1022,Round,1.6*1.6,2,,,,,,,,,,,,,,,,,,,,,,,,,,,, 1 
1023,Round,2.1*2.1,1,Round,0.8*0.8,1,,,,,,,,,,,,,,,,,,,,,,,,, 1 
1024,Round,1.0*1.0,40,Princess ngàm,2.0*2.0,12,,,,,,,,,,,,,,,,,,,,,,,,, 1 
1025,Round,1.5*1.5,15,,,,,,,,,,,,,,,,,,,,,,,,,,,, 1 
1026,Round,1.4*1.4,10,,,,,,,,,,,,,,,,,,,,,,,,,,,, 1 
1027,Princess ngàm,1.5*1.5,2,Round,1.0*1.0,10,Round,0.9*0.9,10,Round,0.8*0.8,2,,,,,,,,,,,,,,,,,,, 1 
1028,Round,1.0*1.0,52,Round,0.8*0.8,60,,,,,,,,,,,,,,,,,,,,,,,,, 1 
1029,Round,1.5*1.5,1,Round,1.2*1.2,1,Round,1.4*1.4,1,,,,,,,,,,,,,,,,,,,,,, 1 
1030,Princess,1.5*1.5,1,,,,,,,,,,,,,,,,,,,,,,,,,,,, 1 
1031,Round,1.9*1.9,1,,,,,,,,,,,,,,,,,,,,,,,,,,,, 1 
1032,Round,1.1*1.1,2,Round,1.2*1.2,2,Round,1.3*1.3,4,Round,1.4*1.4,2,Round,1.5*1.5,2,Round,1.6*1.6,2,Round,1.7*1.7,2,Round,1.0*1.0,4,,,,,,, 1 
1033,,,,,,,,,,,,,,,,,,,,,,,,,,,,,,, 1 
1034,Round,1.1*1.1,14,Round,0.9*0.9,2,,,,,,,,,,,,,,,,,,,,,,,,, 1 
1035,Round,1.2*1.2,5,Round,1.0*1.0,10,,,,,,,,,,,,,,,,,,,,,,,,, 1 
1036,Round,1.2*1.2,4,Round,1.1*1.1,4,Round,0.9*0.9,1,,,,,,,,,,,,,,,,,,,,,, 1 
1037,Round,1.1*1.1,4,Round,1.2*1.2,6,Round,1.0*1.0,3,Round,0.9*0.9,1,Round,0.8*0.8,1,,,,,,,,,,,,,,,, 1 
1038,Round,1.7*1.7,1,,,,,,,,,,,,,,,,,,,,,,,,,,,, 1 
1039,Round,0.9*0.9,16,Round,1.0*1.0,16,Round,1.1*1.1,20,Round,1.2*1.2,20,Round,1.4*1.4,4,Round,1.3*1.3,16,Round,0.8*0.8,12,,,,,,,,,, 1 
1040,Round,0.9*0.9,57,,,,,,,,,,,,,,,,,,,,,,,,,,,, 1 
1041,Round,1.2*1.2,12,,,,,,,,,,,,,,,,,,,,,,,,,,,, 1 
1042,Round,0.8*0.8,7,,,,,,,,,,,,,,,,,,,,,,,,,,,, 1 
1043,Round,0.9*0.9,1,Round,0.8*0.8,2,,,,,,,,,,,,,,,,,,,,,,,,, 1 
1044,Round,1.2*1.2,2,Round,0.9*0.9,1,Round,1.0*1.0,1,,,,,,,,,,,,,,,,,,,,,, 1 
1045,Round,3.0*3.0,1,,,,,,,,,,,,,,,,,,,,,,,,,,,, 1 
1046,Round,1.2*1.2,10,,,,,,,,,,,,,,,,,,,,,,,,,,,, 1 
1047,Round,2.3*2.3,1,,,,,,,,,,,,,,,,,,,,,,,,,,,, 1 
1048,Round,1.8*1.8,2,Round,1.4*1.4,2,,,,,,,,,,,,,,,,,,,,,,,,, - 
1049,,,,,,,,,,,,,,,,,,,,,,,,,,,,,,, 1 
1050,Round,3.4*3.4,1,Round,1.2*1.2,20,,,,,,,,,,,,,,,,,,,,,,,,, 1 
1051,Round,1.5*1.5,7,,,,,,,,,,,,,,,,,,,,,,,,,,,, 1 
1052,Round,1.1*1.1,6,,,,,,,,,,,,,,,,,,,,,,,,,,,, 1 
1053,Princess,2.5*2.5,1,Round,1.0*1.0,44,,,,,,,,,,,,,,,,,,,,,,,,, 1 
1054,Round,1.3*1.3,19,,,,,,,,,,,,,,,,,,,,,,,,,,,, 1 
1055,Princess,2.4*2.4,1,,,,,,,,,,,,,,,,,,,,,,,,,,,, 1 
1056,Round,1.4*1.4,4,Round,1.3*1.3,4,Round,1.2*1.2,4,Round,1.1*1.1,8,Round,1.0*1.0,8,Round,1.5*1.5,2,,,,,,,,,,,,, 1 
1057,Princess ngàm,1.5*1.5,7,Princess ngàm,2.0*2.0,1,,,,,,,,,,,,,,,,,,,,,,,,, 1 
1058,Round,1.4*1.4,5,Round,1.3*1.3,2,Round,1.1*1.1,4,Round,1.5*1.5,1,Round,0.9*0.9,5,Round,1.0*1.0,6,Round,0.8*0.8,1,Round,1.2*1.2,6,Round,1.6*1.6,10,,,, -   
1059,Round,1.3*1.3,2,Round,1.7*1.7,2,Round,2.3*2.3,2,Round,3.0*3.0,2,Round,2.8*2.8,2,Round,1.0*1.0,74,,,,,,,,,,,,, -   
1060,Round,3.0*3.0,16,Round,1.8*1.8,16,,,,,,,,,,,,,,,,,,,,,,,,, -   
1061,Round,1.7*1.7,2,Round,1.5*1.5,2,Round,1.2*1.2,32,Round,1.1*1.1,4,Pear,4.0*2.5,2,,,,,,,,,,,,,,,, -   
1062,Round,1.0*1.0,8,Round,1.3*1.3,8,Round,1.1*1.1,12,Round,0.9*0.9,6,Round,1.2*1.2,28,,,,,,,,,,,,,,,, -   
1063,Round,1.0*1.0,16,Round,1.1*1.1,4,,,,,,,,,,,,,,,,,,,,,,,,, -   
1064,Round,0.8*0.8,15,Round,1.0*1.0,10,Round,1.1*1.1,16,,,,,,,,,,,,,,,,,,,,,, -   
1065,Round,1.8*1.8,30,,,,,,,,,,,,,,,,,,,,,,,,,,,, -   
1066,Round,1.8*1.8,50,Round,2.5*2.5,10,,,,,,,,,,,,,,,,,,,,,,,,, -   
1067,Round,1.2*1.2,12,Round,1.1*1.1,16,Round,1.0*1.0,14,Round,0.8*0.8,58,Round,0.9*0.9,68,,,,,,,,,,,,,,,, -   
1068,Round,1.1*1.1,4,Round,1.0*1.0,8,Round,0.9*0.9,142,Round,0.8*0.8,68,,,,,,,,,,,,,,,,,,, -   
1069,Round,0.8*0.8,4,Round,0.9*0.9,8,Round,1.0*1.0,8,Round,1.1*1.1,8,Round,1.2*1.2,12, , , , , , , , , , , , , , , , -   
1070,Round,1.2*1.2,12,Round,1.0*1.0,49,Round,0.8*0.8,12,Round,0.9*0.9,8,Round,1.1*1.1,8, , , , , , , , , , , , , , , , -   
1071,,,,,,,,,,,,,,,,,,,,,,,,,,,,,,, -   
1072,Round,1.1*1.1,156,Round,0.8*0.8,6,,,,,,,,,,,,,,,,,,,,,,,,, -   
1073,Round,1.0*1.0,156,Round,0.8*0.8,6,,,,,,,,,,,,,,,,,,,,,,,,, -   
1074,Round,1.3*1.3,60,Round,1.2*1.2,96,,,,,,,,,,,,,,,,,,,,,,,,, -   
1075,Round,1.2*1.2,18,Round,1.3*1.3,40,,,,,,,,,,,,,,,,,,,,,,,,, -   
1076,Round,2.5*2.5,10,Round,1.0*1.0,10,Round,2.0*2.0,2,,,,,,,,,,,,,,,,,,,,,, -   
1077,Round,1.0*1.0,10,Round,2.5*2.5,10,Round,2.0*2.0,2,,,,,,,,,,,,,,,,,,,,,, -   
1078,Round,1.1*1.1,14,Round,1.4*1.4,6,,,,,,,,,,,,,,,,,,,,,,,,, -   
1079,Round,1.2*1.2,10,Round,0.9*0.9,4,Round,1.0*1.0,4,Round,1.1*1.1,18,,,,,,,,,,,,,,,,,,, -   
1080,Round,1.0*1.0,84,Round,1.5*1.5,28,,,,,,,,,,,,,,,,,,,,,,,,, -   
1081,Round,1.5*1.5,4,Round,1.7*1.7,14,,,,,,,,,,,,,,,,,,,,,,,,, -   
1082,Round,1.5*1.5,4,Round,1.7*1.7,14,,,,,,,,,,,,,,,,,,,,,,,,, -   
1083,Round,2.3*2.3,2,Round,1.7*1.7,4,Round,1.3*1.3,4,Round,0.9*0.9,4,,,,,,,,,,,,,,,,,,, -   
1084,Round,1.5*1.5,20,,,,,,,,,,,,,,,,,,,,,,,,,,,, -   
1085,Round,2.5*2.5,12,Round,0.8*0.8,128,Round,0.9*0.9,20,Round,1.0*1.0,6,,,,,,,,,,,,,,,,,,, -   
1086,Round,1.3*1.3,28,Round,1.4*1.4,8,Round,1.2*1.2,4,Round,1.6*1.6,8,Round,1.5*1.5,8,Round,0.8*0.8,4,Round,2.0*2.0,4,Round,1.0*1.0,12,,,,,,, -   
1087,Round,1.2*1.2,93,Round,1.3*1.3,6,Round,1.1*1.1,20,Round,1.0*1.0,30,Round,1.5*1.5,4,Round,1.6*1.6,2,Round,0.8*0.8,80,Round,0.9*0.9,16,Princess,1.2*1.2,2,Princess,2.0*2.0,2, -   
1088,Round,1.8*1.8,8,Round,1.3*1.3,70,Round,1.1*1.1,16,Round,0.9*0.9,8,Round,1.2*1.2,8,Round,0.8*0.8,24,,,,,,,,,,,,, -   
1089,Round,0.9*0.9,12,Round,1.0*1.0,8,Round,1.1*1.1,28,Round,1.5*1.5,8,Round,1.3*1.3,8,,,,,,,,,,,,,,,, -   
1090,Round,1.5*1.5,2,Round,1.0*1.0,8,Round,0.9*0.9,4,Round,1.0*1.0,62,Round,1.3*1.3,38,,,,,,,,,,,,,,,, -   
1091,Round,1.6*1.6,2,Round,1.0*1.0,4,Round,1.1*1.1,4,Round,0.9*0.9,6,Round,1.5*1.5,16,,,,,,,,,,,,,,,, -   
1092,Round,2.2*2.2,10,Round,1.5*1.5,94,,,,,,,,,,,,,,,,,,,,,,,,, -   
1093,Round,1.3*1.3,2,Round,1.5*1.5,16,,,,,,,,,,,,,,,,,,,,,,,,, -   
1094,Round,1.0*1.0,12,Round,0.9*0.9,60,Round,1.3*1.3,2,Round,1.4*1.4,6,Round,1.2*1.2,2,Round,1.0*1.0,2,Round,0.8*0.8,22,,,,,,,,,, -   
1095,Round,1.3*1.3,2,Round,1.4*1.4,6,Round,1.2*1.2,2,Round,1.0*1.0,2,Round,0.9*0.9,60,Round,0.8*0.8,22,Round,1.1*1.1,13,,,,,,,,,, -   
1096,Round,0.9*0.9,16,Round,1.7*1.7,14,Round,1.2*1.2,48,Round,2.8*2.8,4,Round,2.0*2.0,4,Round,1.3*1.3,2,Round,3.2*3.2,2,,,,,,,,,, -   
1097,Round,1.3*1.3,20,Round,1.0*1.0,96,Round,1.2*1.2,4,Round,0.8*0.8,4,Princess,2.0*2.0,2,Pear,3.0*2.5,2,,,,,,,,,,,,, -   
1098,Round,1.2*1.2,48,,,,,,,,,,,,,,,,,,,,,,,,,,,, -   
1099,Round,1.5*1.5,18,Round,1.2*1.2,62,,,,,,,,,,,,,,,,,,,,,,,,, -   
1100,Round,1.2*1.2,64,Round,1.5*1.5,20,,,,,,,,,,,,,,,,,,,,,,,,, -   
1101,Round,1.0*1.0,120,,,,,,,,,,,,,,,,,,,,,,,,,,,, -   
1102,Round,1.5*1.5,16,Round,1.0*1.0,30,Round,2.0*2.0,10,,,,,,,,,,,,,,,,,,,,,, -   
1103,Round,1.5*1.5,18,Round,1.8*1.8,10,Round,1.2*1.2,28,Round,1.0*1.0,16,Round,1.1*1.1,8,Round,1.3*1.3,4,Round,1.4*1.4,4,Round,1.7*1.7,2,Round,2.2*2.2,2,Round,2.5*2.5,2, -   
1104,Round,1.1*1.1,28,Round,1.0*1.0,20,Round,0.9*0.9,34,Round,0.8*0.8,20,,,,,,,,,,,,,,,,,,, -   
1105,Round,1.5*1.5,26,Round,1.7*1.7,20,,,,,,,,,,,,,,,,,,,,,,,,, -   
1106,Round,1.5*1.5,20,Round,1.1*1.1,4,,,,,,,,,,,,,,,,,,,,,,,,, -   
1107,Round,1.5*1.5,22,Round,1.4*1.4,16,,,,,,,,,,,,,,,,,,,,,,,,, -   
1108,Round,1.5*1.5,38,,,,,,,,,,,,,,,,,,,,,,,,,,,, -   
1109,Round,1.5*1.5,15,Round,1.2*1.2,66,Round,1.1*1.1,4,,,,,,,,,,,,,,,,,,,,,, -   
1110,Round,1.2*1.2,19,Round,1.1*1.1,24,Round,1.0*1.0,19,Round,1.3*1.3,8,Round,0.9*0.9,4,Round,0.8*0.8,4,,,,,,,,,,,,, -   
1111,Round,2.5*2.5,4,Marquise,3.0*1.5,12,Round,0.9*0.9,12,Round,0.9*0.9,8,Round,1.1*1.1,30,Round,1.0*1.0,16,Round,1.2*1.2,10,Round,0.8*0.8,4,Round,1.3*1.3,2,,,, -   
1112,Round,1.0*1.0,2,Round,1.6*1.6,18,Round,1.4*1.4,2,Round,1.5*1.5,4,Round,1.7*1.7,4,Round,1.3*1.3,2,Round,1.2*1.2,2,Round,1.0*1.0,2,Round,0.8*0.8,66, , , , -   
1113,Round,1.0*1.0,19,Round,1.6*1.6,6,Round,2.2*2.2,6,Round,1.3*1.3,60,Round,1.5*1.5,4,Round,1.2*1.2,4,Round,1.1*1.1,4,,,,,,,,,, -   
1114,Round,1.0*1.0,4,Round,1.1*1.1,8,Round,1.2*1.2,8,Round,1.3*1.3,24,Round,1.8*1.8,10,Round,1.5*1.5,10,,,,,,,,,,,,, -   
1115,Princess,2.7*2.7,4,Pear,3.0*2.0,8,,,,,,,,,,,,,,,,,,,,,,,,, -   
1116,Round,1.2*1.2,6,Round,1.3*1.3,10,Round,1.5*1.5,4,Round,1.6*1.6,4,Round,1.8*1.8,4,Marquise,3.0*1.5,6,,,,,,,,,,,,, -   
1117,Round,1.3*1.3,46,Pear,2.7*1.5,8,Marquise,3.0*1.5,8,Marquise,3.5*1.7,4,Round,1.1*1.1,24,Round,1.0*1.0,12,,,,,,,,,,,,, -   
1118,Round,1.3*1.3,2,Round,1.8*1.8,2,,,,,,,,,,,,,,,,,,,,,,,,, -   
1119,Round,2.5*2.5,2,,,,,,,,,,,,,,,,,,,,,,,,,,,, -   
1120,Round,2.8*2.8,2,Round,1.7*1.7,12,Round,2.0*2.0,2,,,,,,,,,,,,,,,,,,,,,, -   
1121,Round,3.0*3.0,2,Round,2.5*2.5,2,Round,1.7*1.7,2,,,,,,,,,,,,,,,,,,,,,, -   
1122,Round,0.9*0.9,32,Round,0.8*0.8,44,Round,1.0*1.0,2,Baguette,6.0*3.0,2,,,,,,,,,,,,,,,,,,, -   
1123,Round,2.5*2.5,16,Round,1.3*1.3,20,Round,1.1*1.1,4,Round,1.2*1.2,20,Round,1.5*1.5,2,Round,0.9*0.9,16,Baguette,2.5*1.5,16,,,,,,,,,, -   
1124,Pear,2.0*1.5,6,Round,2.5*2.5,6,Round,1.3*1.3,12,Round,1.0*1.0,6,Round,0.8*0.8,52,Round,1.2*1.2,18,,,,,,,,,,,,, -   
1125,Round,1.7*1.7,16,Round,0.8*0.8,8,Round,1.0*1.0,30,Round,0.9*0.9,18,Round,1.3*1.3,2,Round,1.2*1.2,2,,,,,,,,,,,,, -   
1126,Round,1.0*1.0,12,Round,1.5*1.5,14,Round,1.1*1.1,4,Round,1.2*1.2,2,Round,1.4*1.4,4,Round,1.3*1.3,2,Round,1.7*1.7,8,Round,2.3*2.3,4,Round,2.5*2.5,4,,,, -   
1127,Round,2.0*2.0,10,Round,2.2*2.2,5,Round,1.2*1.2,14,Round,0.9*0.9,52,Round,0.8*0.8,14,Round,1.1*1.1,8,Round,1.3*1.3,4,Round,1.5*1.5,4,Round,1.7*1.7,2,Round,2.7*2.7,5, -   
1128,Round,1.6*1.6,8,Round,1.3*1.3,8,Round,2.2*2.2,4,Round,2.5*2.5,4,Round,0.9*0.9,56,Round,0.8*0.8,66,,,,,,,,,,,,, -   
1129,Round,0.9*0.9,30,Round,1.0*1.0,20,Round,0.8*0.8,2,Round,1.5*1.5,18,Round,2.1*2.1,8,,,,,,,,,,,,,,,, -   
1130,Baguette,2.5*1.5,18,Round,2.9*2.9,8,Round,2.0*2.0,8,Round,0.8*0.8,4,Round,1.0*1.0,68,Round,1.2*1.2,8,Round,0.9*0.9,8,Round,1.1*1.1,4,,,,,,, -   
1131,Round,2.5*2.5,7,Round,2.2*2.2,7,Round,2.0*2.0,7,Round,1.0*1.0,23,Round,1.3*1.3,46,Round,1.6*1.6,12,Round,1.2*1.2,12,Round,1.5*1.5,6,Round,1.4*1.4,6,,,, -   
1132,Round,1.2*1.2,32,Round,1.0*1.0,2,Round,0.9*0.9,4,Round,1.7*1.7,20,Round,2.5*2.5,8,,,,,,,,,,,,,,,, -   
1133,Round,2.2*2.2,4,Round,2.0*2.0,4,Round,1.1*1.1,24,Round,1.0*1.0,40,Round,1.2*1.2,12,Round,1.3*1.3,8,Round,0.8*0.8,104,Round,0.9*0.9,88,,,,,,, -   
1134,Pear,3.0*2.5,2,Round,1.0*1.0,34,Round,1.3*1.3,2,Round,1.2*1.2,68,Round,1.1*1.1,36,Round,0.8*0.8,4,Round,0.9*0.9,28,Round,1.2*1.2,3,Round,1.5*1.5,2,,,, -   
1135,Round,0.9*0.9,38,Round,1.0*1.0,8,Round,0.8*0.8,12,Round,1.3*1.3,4,,,,,,,,,,,,,,,,,,, -   
1136,Round,1.3*1.3,26,Round,1.5*1.5,32,Round,1.4*1.4,12,Round,2.3*2.3,2,Round,2.1*2.1,2,Round,1.8*1.8,4,,,,,,,,,,,,, -   
1137,Round,1.2*1.2,50,Round,1.3*1.3,18,,,,,,,,,,,,,,,,,,,,,,,,, -   
1138,Round,0.8*0.8,18,Round,1.0*1.0,74,Round,0.9*0.9,4,,,,,,,,,,,,,,,,,,,,,, -   
1139,Round,0.8*0.8,18,Princess,2.7*2.7,4,Marquise,4.0*2.0,8,Marquise,3.0*1.5,4,,,,,,,,,,,,,,,,,,, -   
1140,Round,0.9*0.9,42,Round,1.0*1.0,14,Round,1.1*1.1,12,Round,0.8*0.8,20,,,,,,,,,,,,,,,,,,, -   
1141,Round,2.0*2.0,8,Round,1.3*1.3,34,Round,1.0*1.0,4,,,,,,,,,,,,,,,,,,,,,, -   
1142,Round,0.8*0.8,20,Round,1.0*1.0,38,Round,1.1*1.1,42,Round,0.9*0.9,120,Round,1.3*1.3,12,Round,1.2*1.2,75,,,,,,,,,,,,, -   
1143,Round,1.0*1.0,155,Round,0.9*0.9,6,Round,1.2*1.2,20,Round,1.1*1.1,6,Round,0.8*0.8,6,,,,,,,,,,,,,,,, -   
1144,Baguette,3.0*1.5,20,Round,1.1*1.1,40,Round,1.2*1.2,8,Round,0.9*0.9,16,Round,1.5*1.5,4,Round,1.3*1.3,6,Round,1.0*1.0,34,Round,0.8*0.8,2,,,,,,, -   
1145,Round,0.9*0.9,16,Round,1.0*1.0,40,,,,,,,,,,,,,,,,,,,,,,,,, -   
1146,Round,0.8*0.8,4,Round,0.9*0.9,24,Round,1.0*1.0,4,Round,1.2*1.2,36,,,,,,,,,,,,,,,,,,, -   
1147,Round,1.3*1.3,2,Round,0.9*0.9,4,Round,1.0*1.0,4,Round,1.1*1.1,8,Round,1.2*1.2,28,,,,,,,,,,,,,,,, -   
1148,Round,0.9*0.9,22,Round,1.3*1.3,6,Round,1.1*1.1,4,Round,1.0*1.0,8,Round,1.4*1.4,12,Round,1.2*1.2,2,,,,,,,,,,,,, -   
1149,Round,1.8*1.8,6,Round,1.5*1.5,16,Round,0.9*0.9,12,Round,1.6*1.6,10,Round,1.4*1.4,8,Round,1.3*1.3,20,Round,1.0*1.0,4,Round,1.7*1.7,6,,,,,,, -   
1150,Round,1.3*1.3,2,Round,1.1*1.1,42,Round,0.9*0.9,12,Round,1.2*1.2,6,,,,,,,,,,,,,,,,,,, -   
1151,Round,1.5*1.5,16,Round,1.2*1.2,26,Round,1.0*1.0,20,Round,2.0*2.0,4,Round,1.3*1.3,20,Round,0.9*0.9,8,Round,1.4*1.4,4,Round,1.1*1.1,8,Round,1.7*1.7,4,,,, -   
1152,Round,1.3*1.3,16,Round,1.2*1.2,14,Round,1.4*1.4,8,Round,1.5*1.5,2,Round,1.7*1.7,2,,,,,,,,,,,,,,,, -   
1153,Round,1.2*1.2,8,Round,0.9*0.9,8,Round,1.3*1.3,4,,,,,,,,,,,,,,,,,,,,,, -   
1154,Round,2.7*2.7,2,Round,1.7*1.7,6,Round,1.5*1.5,4,Round,1.2*1.2,4,Round,2.0*2.0,2,Round,0.9*0.9,4,Round,1.1*1.1,2,Round,2.3*2.3,2,,,,,,, -   
1155,,,,,,,,,,,,,,,,,,,,,,,,,,,,,,, 1 
1156,Round,2.4*2.4,1,,,,,,,,,,,,,,,,,,,,,,,,,,,, 1 
1157,,,,,,,,,,,,,,,,,,,,,,,,,,,,,,, 1 
1158,,,,,,,,,,,,,,,,,,,,,,,,,,,,,,, 1 
1159,,,,,,,,,,,,,,,,,,,,,,,,,,,,,,, 1 
1160,Round,1.8*1.8,1,,,,,,,,,,,,,,,,,,,,,,,,,,,, 1 
1161,,,,,,,,,,,,,,,,,,,,,,,,,,,,,,, 1 
1162,Round,1.8*1.8,2,,,,,,,,,,,,,,,,,,,,,,,,,,,, 1 
1163,Round,2.5*2.5,1,Round,0.9*0.9,1,,,,,,,,,,,,,,,,,,,,,,,,, 1 
1164,Round,3.0*3.0,1,Round,1.8*1.8,1,,,,,,,,,,,,,,,,,,,,,,,,, 1 
1165,Princess,2.2*2.2,1,,,,,,,,,,,,,,,,,,,,,,,,,,,, 1 
1166,Round,1.0*1.0,1,,,,,,,,,,,,,,,,,,,,,,,,,,,, 1 
1167,,,,,,,,,,,,,,,,,,,,,,,,,,,,,,, 1 
1168,,,,,,,,,,,,,,,,,,,,,,,,,,,,,,, 1 
1169,Round,1.9*1.9,1,,,,,,,,,,,,,,,,,,,,,,,,,,,, 1 
1170,Baguette,4.0*2.0,1,,,,,,,,,,,,,,,,,,,,,,,,,,,, 1 
1171,Baguette,4.0*2.0,1,,,,,,,,,,,,,,,,,,,,,,,,,,,, 1 
1172,Princess ngàm,2.4*2.4,5,,,,,,,,,,,,,,,,,,,,,,,,,,,, 1 
1173,,,,,,,,,,,,,,,,,,,,,,,,,,,,,,, 1 
1174,Round,1.1*1.1,12,,,,,,,,,,,,,,,,,,,,,,,,,,,, 1 
1175,,,,,,,,,,,,,,,,,,,,,,,,,,,,,,, 1 
1176,Round,1.2*1.2,1,Round,1.7*1.7,1,Round,1.4*1.4,1,,,,,,,,,,,,,,,,,,,,,, 1 
1177,Round,1.7*1.7,3,,,,,,,,,,,,,,,,,,,,,,,,,,,, 1 
1178,Round,2.5*2.5,1,Round,1.0*1.0,1,,,,,,,,,,,,,,,,,,,,,,,,, 1 
1179,Princess ngàm,2.5*2.5,1,,,,,,,,,,,,,,,,,,,,,,,,,,,, 1 
1180,,,,,,,,,,,,,,,,,,,,,,,,,,,,,,, 1 
1181,Round,1.7*1.7,1,,,,,,,,,,,,,,,,,,,,,,,,,,,, 1 
1182,Princess ngàm,1.5*1.5,3,,,,,,,,,,,,,,,,,,,,,,,,,,,, 1 
1183,,,,,,,,,,,,,,,,,,,,,,,,,,,,,,, 1 
1184,Round,1.8*1.8,1,,,,,,,,,,,,,,,,,,,,,,,,,,,, 1 
1185,Princess,1.5*1.5,1,,,,,,,,,,,,,,,,,,,,,,,,,,,, 1 
1186,Round,1.9*1.9,1,,,,,,,,,,,,,,,,,,,,,,,,,,,, 1 
1187,,,,,,,,,,,,,,,,,,,,,,,,,,,,,,, 1 
1188,Round,1.5*1.5,1,,,,,,,,,,,,,,,,,,,,,,,,,,,, 1 
1189,,,,,,,,,,,,,,,,,,,,,,,,,,,,,,, 1 
1190,,,,,,,,,,,,,,,,,,,,,,,,,,,,,,, 1 
1191,,,,,,,,,,,,,,,,,,,,,,,,,,,,,,, 1 
1192,,,,,,,,,,,,,,,,,,,,,,,,,,,,,,, 1 
1193,Round,2.0*2.0,1,,,,,,,,,,,,,,,,,,,,,,,,,,,, 1 
1194,,,,,,,,,,,,,,,,,,,,,,,,,,,,,,, 1 
1195,Round,1.1*1.1,12,,,,,,,,,,,,,,,,,,,,,,,,,,,, 1 
1196,Princess,2.0*2.0,1,,,,,,,,,,,,,,,,,,,,,,,,,,,, 1 
1197,Round,0.8*0.8,1,,,,,,,,,,,,,,,,,,,,,,,,,,,, 1 
1198,Round,0.8*0.8,1,Round,1.1*1.1,2,,,,,,,,,,,,,,,,,,,,,,,,, 1 
1199,Round,1.0*1.0,2,Round,1.1*1.1,1,Round,0.8*0.8,2,Round,0.9*0.9,1,,,,,,,,,,,,,,,,,,, 1 
1200,,,,,,,,,,,,,,,,,,,,,,,,,,,,,,, 1 
1201,,,,,,,,,,,,,,,,,,,,,,,,,,,,,,, 1 
1202,Round,2.6*2.6,1,,,,,,,,,,,,,,,,,,,,,,,,,,,, 1 
1203,,,,,,,,,,,,,,,,,,,,,,,,,,,,,,, 1 
1204,,,,,,,,,,,,,,,,,,,,,,,,,,,,,,, 1 
1205,Round,3.5*3.5,1,,,,,,,,,,,,,,,,,,,,,,,,,,,, 1 
1206,,,,,,,,,,,,,,,,,,,,,,,,,,,,,,, 1 
1207,Princess ngàm,2.0*2.0,1,,,,,,,,,,,,,,,,,,,,,,,,,,,, 1 
1208,Emerald,3.0*2.0,1,Round,1.0*1.0,48,,,,,,,,,,,,,,,,,,,,,,,,, 1 
1209,,,,,,,,,,,,,,,,,,,,,,,,,,,,,,, 1 
1210,Round,1.7*1.7,1,,,,,,,,,,,,,,,,,,,,,,,,,,,, 1 
1211,Princess ngàm,2.0*2.0,2,,,,,,,,,,,,,,,,,,,,,,,,,,,, 1 
1212,Princess,2.7*2.7,1,,,,,,,,,,,,,,,,,,,,,,,,,,,, 1 
1213,,,,,,,,,,,,,,,,,,,,,,,,,,,,,,, 1 
1214,Princess ngàm,2.0*2.0,1,,,,,,,,,,,,,,,,,,,,,,,,,,,, 1 
1215,Princess Ngàm,1.5*1.5,70,,,,,,,,,,,,,,,,,,,,,,,,,,,, -   
1216,,,,,,,,,,,,,,,,,,,,,,,,,,,,,,, -   
1217,Round,1.8*1.8,1,,,,,,,,,,,,,,,,,,,,,,,,,,,, -   
1218,Round,3.5*3.5,1,,,,,,,,,,,,,,,,,,,,,,,,,,,, -   
1219,Round,1.8*1.8,1,Round,2.5*2.5,2,,,,,,,,,,,,,,,,,,,,,,,,, -   
1220,Round,2.5*2.5,1,Round,1.4*1.4,25,,,,,,,,,,,,,,,,,,,,,,,,, -   
1221,Round,1.8*1.8,1, , , , , , , , , , , , ,,,,,,,,,,,,,,,, -   
1222,Baguette,5.0*3.0,1, , , , , , , , , , , , ,,,,,,,,,,,,,,,, -   
1223,Round,2.0*2.0,1, , , , , , , , , , , , ,,,,,,,,,,,,,,,, -   
1224,Round,2.5*2.5,2,Round,1.2*1.2,1,,,,,,,,,,,,,,,,,,,,,,,,, -   
1225,,,,,,,,,,,,,,,,,,,,,,,,,,,,,,, -   
1226,Round,1.7*1.7,1, , , , , , , , , , , , ,,,,,,,,,,,,,,,, -   
1227,Round,1.2*1.2,1, , , , , , , , , , , , ,,,,,,,,,,,,,,,, -   
1228,Round,1.8*1.8,1, , , , , , , , , , , , ,,,,,,,,,,,,,,,, -   
1229, , , , , , , , , , , , , , , ,,,,,,,,,,,,,,,, -   
1230,Round,1.5*1.5,38,Round,1.2*1.2,28,Round,0.9*0.9,4,Round,1.1*1.1,4,Round,1.0*1.0,12,Round,1.8*1.8,30,Baguette,3.0*1.5,12,,,,,,,,,, -   
1231,Round,1.0*1.0,153,,,,,,,,,,,,,,,,,,,,,,,,,,,, -   
1232,Round,0.9*0.9,13,Round,1.0*1.0,43,Round,1.2*1.2,12,Round,1.1*1.1,4,,,,,,,,,,,,,,,,,,, -   
1233,Princess Ngàm,1.5*1.5,36,Round,1.5*1.5,32,,,,,,,,,,,,,,,,,,,,,,,,, -   
1234,Round,1.5*1.5,32,Round,1.3*1.3,4,Round,1.7*1.7,13,,,,,,,,,,,,,,,,,,,,,, -   
1235,Round,1.2*1.2,40,Round,1.1*1.1,48,Round,1.0*1.0,8,,,,,,,,,,,,,,,,,,,,,, -   
1236,Round,1.1*1.1,64,,,,,,,,,,,,,,,,,,,,,,,,,,,, -   
1237,Round,1.1*1.1,16,Round,1.1*1.1,74,,,,,,,,,,,,,,,,,,,,,,,,, -   
1238,Round,2.5*2.5,4,Baguette,2.0*1.0,24,,,,,,,,,,,,,,,,,,,,,,,,, -   
1239,Round,1.6*1.6,55,Round,1.4*1.4,12,,,,,,,,,,,,,,,,,,,,,,,,, -   
1240,Round,1.0*1.0,24,Round,1.5*1.5,12,Round,1.8*1.8,8,,,,,,,,,,,,,,,,,,,,,, -   
1241,Round,1.2*1.2,73,,,,,,,,,,,,,,,,,,,,,,,,,,,, -   
1242,Round,1.0*1.0,32,Round,0.9*0.9,24,Princess,1.5*1.5,1, , , , , , ,,,,,,,,,,,,,,,, -   
1243, , , , , , , , , , , , , , , ,,,,,,,,,,,,,,,, -   
1244,Round,1.6*1.6,8,Round,1.8*1.8,8,Round,1.7*1.7,8,Round,1.1*1.1,4,Round,1.5*1.5,4,,,,,,,,,,,,,,,, -   
1245,Round,2.2*2.2,4,Round,1.8*1.8,24,Round,2.2*2.2,4,Round,2.5*2.5,8,Round,1.1*1.1,40,Baguette,3.0*1.5,16,,,,,,,,,,,,, -   
1246,Round,1.5*1.5,24,Round,1.0*1.0,20,Round,1.3*1.3,52,Round,1.6*1.6,4,Round,1.8*1.8,8,,,,,,,,,,,,,,,, -   
1247,Round,1.6*1.6,16,Round,1.3*1.3,42,Round,1.2*1.2,6,,,,,,,,,,,,,,,,,,,,,, -   
1248,Round,1.4*1.4,8,Round,1.6*1.6,4,Round,1.3*1.3,22,,,,,,,,,,,,,,,,,,,,,, -   
1249,Round,1.5*1.5,6,Round,1.6*1.6,12,Round,1.7*1.7,6,Round,1.8*1.8,6,,,,,,,,,,,,,,,,,,, -   
1250,,,,,,,,,,,,,,,,,,,,,,,,,,,,,,, -   
1251,Round,1.3*1.3,2,Round,1.4*1.4,6,Round,1.6*1.6,4,Round,1.7*1.7,2,Round,1.5*1.5,4,,,,,,,,,,,,,,,, -   
1252,Round,1.5*1.5,14,Round,1.2*1.2,28,,,,,,,,,,,,,,,,,,,,,,,,, -   
1253,Round,1.2*1.2,26,,,,,,,,,,,,,,,,,,,,,,,,,,,, -   
1254,Round,1.7*1.7,2,Round,1.2*1.2,8,,,,,,,,,,,,,,,,,,,,,,,,, -   
1255,Round,1.2*1.2,12,Round,1.1*1.1,52,Round,1.3*1.3,4,,,,,,,,,,,,,,,,,,,,,, -   
1256,Round,1.8*1.8,4,,,,,,,,,,,,,,,,,,,,,,,,,,,, -   
1257,Round,1.0*1.0,14,,,,,,,,,,,,,,,,,,,,,,,,,,,, -   
1258,Round,1.5*1.5,16,Round,1.6*1.6,8,Round,1.3*1.3,4,Round,1.7*1.7,8,Round,2.5*2.5,8,Round,1.1*1.1,8,Round,1.8*1.8,8,Round,1.4*1.4,4,,,,,,, -   
1259,Round,0.8*0.8,36,Round,0.9*0.9,18,Round,1.0*1.0,18,,,,,,,,,,,,,,,,,,,,,, -   
1260,Round,1.7*1.7,6,,,,,,,,,,,,,,,,,,,,,,,,,,,, -   
1261,Round,1.3*1.3,6,,,,,,,,,,,,,,,,,,,,,,,,,,,, -   
1262,Round,1.6*1.6,20,Round,1.7*1.7,20,Round,1.4*1.4,4,Round,1.5*1.5,24,,,,,,,,,,,,,,,,,,, -   
1263,Round,1.3*1.3,8,Princess,2.0*2.0,32,Princess,2.2*2.2,16,Round,2.8*2.8,8,Round,1.2*1.2,14,,,,,,,,,,,,,,,, -   
1264,Round,2.0*2.0,28,Round,1.4*1.4,28,,,,,,,,,,,,,,,,,,,,,,,,, -   
1265,Round,1.6*1.6,6,Round,1.3*1.3,18,,,,,,,,,,,,,,,,,,,,,,,,, -   
1266,Round,1.2*1.2,82,,,,,,,,,,,,,,,,,,,,,,,,,,,, -   
1267,Round,1.3*1.3,18,,,,,,,,,,,,,,,,,,,,,,,,,,,, -   
1268,Round,1.3*1.3,2,Round,1.4*1.4,20,Round,1.5*1.5,2,Round,1.6*1.6,2,Round,1.7*1.7,2,Round,1.8*1.8,2,,,,,,,,,,,,, -   
1269,Round,1.3*1.3,14,Round,1.6*1.6,18,Round,0.9*0.9,72,,,,,,,,,,,,,,,,,,,,,, -   
1270,Round,1.3*1.3,38,Round,2.2*2.2,8,Round,1.9*1.9,4,Round,1.4*1.4,4,Round,1.0*1.0,4,Round,1.8*1.8,4,Round,2.3*2.3,8,,,,,,,,,, -   
1271,Round,1.1*1.1,28,Round,1.2*1.2,12,Round,1.3*1.3,30,Round,1.4*1.4,20,Round,1.0*1.0,44,,,,,,,,,,,,,,,, -   
1272,Round,1.3*1.3,20,,,,,,,,,,,,,,,,,,,,,,,,,,,, -   
1273,,,,,,,,,,,,,,,,,,,,,,,,,,,,,,, -   
1274,Round,0.9*0.9,160,Round,1.1*1.1,16,Round,1.1*1.1,4,,,,,,,,,,,,,,,,,,,,,, -   
1275,Round,1.2*1.2,28,Round,1.1*1.1,28,Round,1.0*1.0,8,Round,1.3*1.3,4,Round,0.9*0.9,4,,,,,,,,,,,,,,,, -   
1276,Round,1.0*1.0,28,,,,,,,,,,,,,,,,,,,,,,,,,,,, -   
1277,Round,1.5*1.5,42,,,,,,,,,,,,,,,,,,,,,,,,,,,, -   
1278,Round,2.8*2.8,8,Round,1.2*1.2,14,Round,1.3*1.3,8,Princess Ngàm,2.0*2.0,32,Princess Ngàm,2.25*2.25,16,,,,,,,,,,,,,,,, -   
1279,,,,,,,,,,,,,,,,,,,,,,,,,,,,,,, -   
1280,Round,1.3*1.3,20,Round,1.2*1.2,20,,,,,,,,,,,,,,,,,,,,,,,,, -   
1281,Round,1.1*1.1,30,Round,1.5*1.5,2,Round,1.0*1.0,40,,,,,,,,,,,,,,,,,,,,,, -   
1282,Round,1.5*1.5,92,Round,1.3*1.3,14,,,,,,,,,,,,,,,,,,,,,,,,, -   
1283,Round,1.3*1.3,24,,,,,,,,,,,,,,,,,,,,,,,,,,,, -   
1284,Round,2.0*2.0,8,,,,,,,,,,,,,,,,,,,,,,,,,,,, -   
1285,Round,0.9*0.9,80,,,,,,,,,,,,,,,,,,,,,,,,,,,, -   
1286,Round,2.2*2.2,12,Round,2.5*2.5,4,,,,,,,,,,,,,,,,,,,,,,,,, -   
1287,,,,,,,,,,,,,,,,,,,,,,,,,,,,,,, -   
1288,Round,1.3*1.3,12,Princess Ngàm,2.2*2.2,2,,,,,,,,,,,,,,,,,,,,,,,,, -   
1289,Round,1.2*1.2,10,Round,1.3*1.3,8,Round,1.4*1.4,4,Round,0.9*0.9,8,Round,1.0*1.0,12,Round,1.1*1.1,8,,,,,,,,,,,,, -   
1290,Round,1.5*1.5,10,,,,,,,,,,,,,,,,,,,,,,,,,,,, -   
1291,Round,1.5*1.5,16,Round,1.1*1.1,30,Round,1.2*1.2,30,,,,,,,,,,,,,,,,,,,,,, -   
1292,Round,1.3*1.3,48,,,,,,,,,,,,,,,,,,,,,,,,,,,, -   
1293,Round,1.5*1.5,8,,,,,,,,,,,,,,,,,,,,,,,,,,,, -   
1294,Round,1.4*1.4,24,Round,1.7*1.7,16,Round,1.5*1.5,10,,,,,,,,,,,,,,,,,,,,,, -   
1295,Round,2.2*2.2,6,,,,,,,,,,,,,,,,,,,,,,,,,,,, -   
1296,Round,2.5*2.5,4,Round,2.0*2.0,4,Round,1.7*1.7,4,Round,1.6*1.6,4,Round,1.5*1.5,4,Round,1.9*1.9,4,Princess,1.5*1.5,40,,,,,,,,,, -   
1297,Princess Ngàm,1.5*1.5,12,,,,,,,,,,,,,,,,,,,,,,,,,,,, -   
1298,Round,1.3*1.3,6,Princess Ngàm,2.0*2.0,8,Princess Ngàm,1.8*1.8,20,Princess Ngàm,1.9*1.9,4,Round,0.9*0.9,48,Round,1.0*1.0,32,Round,1.1*1.1,16,Round,1.2*1.2,16,,,,,,, -   
1299,Princess Ngàm,2.5*2.5,5,,,,,,,,,,,,,,,,,,,,,,,,,,,, -   
1300,,,,,,,,,,,,,,,,,,,,,,,,,,,,,,, -   
1301,Round,2.5*2.5,2,Round,2.3*2.3,2,Round,2.0*2.0,2,Round,1.8*1.8,2,Round,1.5*1.5,2,Round,1.2*1.2,2,Round,1.1*1.1,12,,,,,,,,,, -   
1302,Round,1.3*1.3,20,Round,1.4*1.4,84,,,,,,,,,,,,,,,,,,,,,,,,, -   
1303,Round,1.3*1.3,6,,,,,,,,,,,,,,,,,,,,,,,,,,,, -   
1304,Round,1.3*1.3,22,Round,1.2*1.2,10,Round,1.1*1.1,12,Round,1.0*1.0,16,Round,0.9*0.9,4,,,,,,,,,,,,,,,, -   
1305,Round,1.7*1.7,2,Round,1.5*1.5,12,,,,,,,,,,,,,,,,,,,,,,,,, -   
1306,Princess Ngàm,1.8*1.8,24,Baguette,2.7*1.5,2,Baguette,3.0*1.5,4,Baguette,3.5*1.5,4,Baguette,3.25*1.5,4,,,,,,,,,,,,,,,, -   
1307,,,,,,,,,,,,,,,,,,,,,,,,,,,,,,, -   
1308,Round,1.1*1.1,40,Round,1.6*1.6,4,Round,0.9*0.9,40,Round,0.8*0.8,20,Round,1.0*1.0,52,,,,,,,,,,,,,,,, -   
1309,Round,1.0*1.0,72,,,,,,,,,,,,,,,,,,,,,,,,,,,, -   
1310,Round,1.3*1.3,36,,,,,,,,,,,,,,,,,,,,,,,,,,,, -   
1311,Round,1.0*1.0,28,,,,,,,,,,,,,,,,,,,,,,,,,,,, -   
1312,Round,1.6*1.6,20,Round,1.7*1.7,20,Round,1.4*1.4,4,Round,1.5*1.5,24,,,,,,,,,,,,,,,,,,, -   
1313,Round,1.5*1.5,32,Round,1.3*1.3,4,Round,1.7*1.7,4,,,,,,,,,,,,,,,,,,,,,, -   
1314,Baguette,4.0*2.0,8,,,,,,,,,,,,,,,,,,,,,,,,,,,, -   
1315,Round,1.5*1.5,14,,,,,,,,,,,,,,,,,,,,,,,,,,,, -   
1316,Round,1.5*1.5,10,Round,1.7*1.7,2,Round,1.6*1.6,2,,,,,,,,,,,,,,,,,,,,,, -   
1317,Round,1.7*1.7,8,,,,,,,,,,,,,,,,,,,,,,,,,,,, -   
1318,Round,1.6*1.6,18,,,,,,,,,,,,,,,,,,,,,,,,,,,, -   
1319,Round,1.7*1.7,4,Round,1.5*1.5,4,Round,1.3*1.3,32,Round,1.1*1.1,4,Round,1.0*1.0,4,,,,,,,,,,,,,,,, -   
1320,,,,,,,,,,,,,,,,,,,,,,,,,,,,,,, -   
1321,Round,0.9*0.9,140,,,,,,,,,,,,,,,,,,,,,,,,,,,, -   
1322,Round,1.6*1.6,16,Round,1.5*1.5,16,Round,1.8*1.8,4,,,,,,,,,,,,,,,,,,,,,, -   
1323,,,,,,,,,,,,,,,,,,,,,,,,,,,,,,, -   
1324,Round,1.4*1.4,18,Round,0.8*0.8,4,Round,0.9*0.9,4,Round,1.2*1.2,4,Round,1.5*1.5,4,Princess Ngàm,2.0*2.0,8,,,,,,,,,,,,, -   
1325,Round,1.9*1.9,2,Round,1.3*1.3,2,Round,1.6*1.6,4,Round,1.5*1.5,4,,,,,,,,,,,,,,,,,,, -   
1326,Round,1.4*1.4,6,,,,,,,,,,,,,,,,,,,,,,,,,,,, -   
1327,Round,1.3*1.3,90,,,,,,,,,,,,,,,,,,,,,,,,,,,, -   
1328,Round,1.3*1.3,90,,,,,,,,,,,,,,,,,,,,,,,,,,,, -   
1329,Round,1.4*1.4,77,Round,2.8*2.8,7,,,,,,,,,,,,,,,,,,,,,,,,, -   
1330,Round,1.6*1.6,120,Baguette,3.0*1.7,20,,,,,,,,,,,,,,,,,,,,,,,,, -   
1331,Round,1.7*1.7,108,,,,,,,,,,,,,,,,,,,,,,,,,,,, -   
1332,Round,0.9*0.9,322,,,,,,,,,,,,,,,,,,,,,,,,,,,, -   
1333,Princess Ngàm,2.5*2.5,11,Princess Ngàm,1.5*1.5,33,,,,,,,,,,,,,,,,,,,,,,,,, -   
1334,Princess Ngàm,2.0*2.0,9,Round,1.2*1.2,72,,,,,,,,,,,,,,,,,,,,,,,,, -   
1335,Round,1.3*1.3,94,,,,,,,,,,,,,,,,,,,,,,,,,,,, -   
1336,Round,2.0*2.0,21,Round,1.9*1.9,14,,,,,,,,,,,,,,,,,,,,,,,,, -   
1337,Round,1.2*1.2,45,,,,,,,,,,,,,,,,,,,,,,,,,,,, -   
1338,Round,1.2*1.2,45,,,,,,,,,,,,,,,,,,,,,,,,,,,, -   
1339,Round,1.5*1.5,54,,,,,,,,,,,,,,,,,,,,,,,,,,,, -   
1340,Round,1.0*1.0,128,,,,,,,,,,,,,,,,,,,,,,,,,,,, -   
1341,Round,2.7*2.7,8,,,,,,,,,,,,,,,,,,,,,,,,,,,, -   
1342,Round,3.0*3.0,8,,,,,,,,,,,,,,,,,,,,,,,,,,,, -   
1343,Round,1.3*1.3,92,,,,,,,,,,,,,,,,,,,,,,,,,,,, -   
1344,Round,1.3*1.3,92,,,,,,,,,,,,,,,,,,,,,,,,,,,, -   
1345,Round,1.3*1.3,102,,,,,,,,,,,,,,,,,,,,,,,,,,,, -   
1346,Round,1.2*1.2,40,,,,,,,,,,,,,,,,,,,,,,,,,,,, -   
1347,Round,1.2*1.2,96,Princess Ngàm,2.5*2.5,14,,,,,,,,,,,,,,,,,,,,,,,,, -   
1348,Round,1.4*1.4,14,Round,1.3*1.3,2,,,,,,,,,,,,,,,,,,,,,,,,, -   
1349,Round,0.9*0.9,96,Round,1.4*1.4,24,,,,,,,,,,,,,,,,,,,,,,,,, -   
1350,Round,1.5*1.5,38,Round,1.7*1.7,24,Round,1.6*1.6,18,,,,,,,,,,,,,,,,,,,,,, -   
1351,Round,1.5*1.5,42,,,,,,,,,,,,,,,,,,,,,,,,,,,, -   
1352,Round,1.2*1.2,20,Round,1.3*1.3,20,,,,,,,,,,,,,,,,,,,,,,,,, -   
1353,Round,1.0*1.0,40,Round,1.1*1.1,30,Round,1.5*1.5,2,,,,,,,,,,,,,,,,,,,,,, -   
1354,Round,1.2*1.2,34,Round,1.6*1.6,4,Round,1.5*1.5,4,Round,1.3*1.3,4,Round,1.0*1.0,4,,,,,,,,,,,,,,,, -   
1355,Round,1.4*1.4,30,Round,1.3*1.3,20,Round,1.2*1.2,10,Round,1.1*1.1,10,,,,,,,,,,,,,,,,,,, -   
1356,Round,2.5*2.5,2,Round,1.6*1.6,2,Round,2.2*2.2,8,,,,,,,,,,,,,,,,,,,,,, -   
1357,Round,1.6*1.6,20,,,,,,,,,,,,,,,,,,,,,,,,,,,, -   
1358,Round,0.9*0.9,2,Round,0.8*0.8,3,,,,,,,,,,,,,,,,,,,,,,,,, -   
1359,Baguette,2.0*1.5,1,Round,0.9*0.9,1,Round,0.8*0.8,1,Round,1.1*1.1,1,,,,,,,,,,,,,,,,,,, -   
1360,Round,0.9*0.9,8,,,,,,,,,,,,,,,,,,,,,,,,,,,, -   
1361,Round,1.2*1.2,1,,,,,,,,,,,,,,,,,,,,,,,,,,,, -   
1362,Round,1.2*1.2,1,Round,1.0*1.0,2,,,,,,,,,,,,,,,,,,,,,,,,, -   
1363,Baguette,3.0*1.5,1,Round,1.0*1.0,8,,,,,,,,,,,,,,,,,,,,,,,,, -   
1364,Princess,3.0*3.0,1,,,,,,,,,,,,,,,,,,,,,,,,,,,, -   
1365,Round,1.2*1.2,1,,,,,,,,,,,,,,,,,,,,,,,,,,,, -   
1366,,,,,,,,,,,,,,,,,,,,,,,,,,,,,,, -   
1367,,,,,,,,,,,,,,,,,,,,,,,,,,,,,,, -   
1368,Princess,1.5*1.5,7,,,,,,,,,,,,,,,,,,,,,,,,,,,, -   
1369,Round,0.8*0.8,11,,,,,,,,,,,,,,,,,,,,,,,,,,,, -   
1370,,,,,,,,,,,,,,,,,,,,,,,,,,,,,,, -   
1371,Round,1.0*1.0,4,,,,,,,,,,,,,,,,,,,,,,,,,,,, -   
1372,Round,1.1*1.1,11,,,,,,,,,,,,,,,,,,,,,,,,,,,, -   
1373,Round,1.3*1.3,1,,,,,,,,,,,,,,,,,,,,,,,,,,,, -   
1374,Round,0.8*0.8,1,,,,,,,,,,,,,,,,,,,,,,,,,,,, -   
1375,Round,0.9*0.9,1,,,,,,,,,,,,,,,,,,,,,,,,,,,, -   
1376,Round,0.9*0.9,2,,,,,,,,,,,,,,,,,,,,,,,,,,,, -   
1377,Round,0.9*0.9,1,,,,,,,,,,,,,,,,,,,,,,,,,,,, -   
1378,Round,1.1*1.1,1,,,,,,,,,,,,,,,,,,,,,,,,,,,, -   
1379,,,,,,,,,,,,,,,,,,,,,,,,,,,,,,, -   
1380,Round,1.8*1.8,1,,,,,,,,,,,,,,,,,,,,,,,,,,,, -   
1381,Round,1.8*1.8,1,,,,,,,,,,,,,,,,,,,,,,,,,,,, -   
1382,Round,1.8*1.8,1,,,,,,,,,,,,,,,,,,,,,,,,,,,, -   
1383,Round,1.8*1.8,1,,,,,,,,,,,,,,,,,,,,,,,,,,,, -   
1384,Round,1.8*1.8,1,,,,,,,,,,,,,,,,,,,,,,,,,,,, -   
1385,Round,1.8*1.8,1,,,,,,,,,,,,,,,,,,,,,,,,,,,, -   
1386,Round,1.8*1.8,1,,,,,,,,,,,,,,,,,,,,,,,,,,,, -   
1387,Round,1.8*1.8,1,,,,,,,,,,,,,,,,,,,,,,,,,,,, -   
1388,Round,1.8*1.8,1,,,,,,,,,,,,,,,,,,,,,,,,,,,, -   
1389,Round,1.8*1.8,1,,,,,,,,,,,,,,,,,,,,,,,,,,,, -   
1390,Round,1.8*1.8,1,,,,,,,,,,,,,,,,,,,,,,,,,,,, -   
1391,Round,1.8*1.8,1,,,,,,,,,,,,,,,,,,,,,,,,,,,, -   
1392,Round,1.5*1.5,4,,,,,,,,,,,,,,,,,,,,,,,,,,,, - 
1393,,,,,,,,,,,,,,,,,,,,,,,,,,,,,,, - 
1394,Round,7.0*7.0,2,Round,3.0*3.0,2,Round,4.0*4.0,1,Round,2.8*2.8,4,Round,4.2*4.2,3,Round,2.1*2.1,24,Round,5.3*5.3,1,Round,5.0*5.0,37,Round,6.0*6.0,16,Round,1.9*1.9,48, -   
1395,Round,2.0*2.0,24,Round,6.3*6.3,1,,,,,,,,,,,,,,,,,,,,,,,,, -   
1396,Round,4.0*4.0,93,,,,,,,,,,,,,,,,,,,,,,,,,,,, -   
1397,Princess Ngàm,3.0*3.0,104,,,,,,,,,,,,,,,,,,,,,,,,,,,, -   
1398,Round,1.5*1.5,10,,,,,,,,,,,,,,,,,,,,,,,,,,,, -   
1399,Round,0.8*0.8,1,,,,,,,,,,,,,,,,,,,,,,,,,,,, -   
1400,Round,1.0*1.0,1,,,,,,,,,,,,,,,,,,,,,,,,,,,, -   
1401,Round,0.8*0.8,2,,,,,,,,,,,,,,,,,,,,,,,,,,,, -   
1402,,,,,,,,,,,,,,,,,,,,,,,,,,,,,,, - 
1403,,,,,,,,,,,,,,,,,,,,,,,,,,,,,,, - 
1404,Round,2.7*2.7,61,,,,,,,,,,,,,,,,,,,,,,,,,,,, -   
1405,Round,3.6*3.6,2,Round,2.5*2.5,90,Round,4.5*4.5,2,,,,,,,,,,,,,,,,,,,,,, -   
1406,Round,2.5*2.5,44,,,,,,,,,,,,,,,,,,,,,,,,,,,, -   
1407,Round,2.0*2.0,68,,,,,,,,,,,,,,,,,,,,,,,,,,,, -   
1408,Oval,4.0*3.0,37,,,,,,,,,,,,,,,,,,,,,,,,,,,, -   
1409,Pear,5.0*3.0,52,,,,,,,,,,,,,,,,,,,,,,,,,,,, -   
1410,Cushion square,4.0*4.0,23,,,,,,,,,,,,,,,,,,,,,,,,,,,, -   
1411,Princess,3.0*3.0,46,,,,,,,,,,,,,,,,,,,,,,,,,,,, -   
1412,Radiant,3.0*3.0,45,,,,,,,,,,,,,,,,,,,,,,,,,,,, -   
1413,Baguette,4.0*3.0,44,,,,,,,,,,,,,,,,,,,,,,,,,,,, -   
1414,Radiant,5.0*3.0,51,,,,,,,,,,,,,,,,,,,,,,,,,,,, -   
1415,Round,4.1*4.1,28,,,,,,,,,,,,,,,,,,,,,,,,,,,, -   
1416,Radiant,4.0*3.0,46,,,,,,,,,,,,,,,,,,,,,,,,,,,, -   
1417,Round,1.1*1.1,320,Round,4.1*4.1,20,,,,,,,,,,,,,,,,,,,,,,,,, -   
1418,,,,,,,,,,,,,,,,,,,,,,,,,,,,,,, -   
1419,Round,2.0*2.0,34,,,,,,,,,,,,,,,,,,,,,,,,,,,, -   
1420,Round,2.7*2.7,22,Round,1.4*1.4,82,,,,,,,,,,,,,,,,,,,,,,,,, -   
1421,Round,3.0*3.0,21,,,,,,,,,,,,,,,,,,,,,,,,,,,, -   
1422,Round,1.5*1.5,48,,,,,,,,,,,,,,,,,,,,,,,,,,,, -   
1423,Round,1.5*1.5,13,,,,,,,,,,,,,,,,,,,,,,,,,,,, -   
1424,Round,1.5*1.5,33,,,,,,,,,,,,,,,,,,,,,,,,,,,, -   
1425,Round,2.5*2.5,7,,,,,,,,,,,,,,,,,,,,,,,,,,,, -   
1426,Round,2.5*2.5,2,Round,0.8*0.8,5,Round,0.9*0.9,5,,,,,,,,,,,,,,,,,,,,,, -   
1427,Round,1.7*1.7,5,,,,,,,,,,,,,,,,,,,,,,,,,,,, -   
1428,Round,4.1*4.1,34,Round,3.0*3.0,36,,,,,,,,,,,,,,,,,,,,,,,,, -   
1429,Round,0.9*0.9,240,Princess,2.0*2.0,15,Round,0.8*0.8,732,,,,,,,,,,,,,,,,,,,,,, -   
1430,Round,1.9*1.9,20,Round,0.9*0.9,20,,,,,,,,,,,,,,,,,,,,,,,,, -   
1431,Round,2.0*2.0,28,,,,,,,,,,,,,,,,,,,,,,,,,,,, -   
1432,Round,1.6*1.6,28,,,,,,,,,,,,,,,,,,,,,,,,,,,, -   
1433,Round,4.1*4.1,30,Round,2.5*2.5,10,Round,2.2*2.2,5,,,,,,,,,,,,,,,,,,,,,, -   
1434,Round,1.8*1.8,1,,,,,,,,,,,,,,,,,,,,,,,,,,,, -   
1435,Round,1.8*1.8,1,,,,,,,,,,,,,,,,,,,,,,,,,,,, - 
1436,Round,1.8*1.8,8,Round,2.0*2.0,24,Round,3.8*3.8,7,Round,6.5*6.5,1,,,,,,,,,,,,,,,,,,, -   
1437,Round,2.8*2.8,9,Round,1.4*1.4,24,Round,6.0*6.0,1,Round,2.0*2.0,24,Round,1.8*1.8,8,,,,,,,,,,,,,,,, -   
1438,Princess Ngàm,2.7*2.7,20,Princess Ngàm,1.7*1.7,6,,,,,,,,,,,,,,,,,,,,,,,,, -   
1439,Princess,2.7*2.7,20,Princess,1.7*1.7,6,,,,,,,,,,,,,,,,,,,,,,,,, -   
1440,,,,,,,,,,,,,,,,,,,,,,,,,,,,,,, - 
1441,,,,,,,,,,,,,,,,,,,,,,,,,,,,,,, - 
1442,,,,,,,,,,,,,,,,,,,,,,,,,,,,,,, - 
1443,,,,,,,,,,,,,,,,,,,,,,,,,,,,,,, - 
1444,Round,1.0*1.0,2,,,,,,,,,,,,,,,,,,,,,,,,,,,, -   
1445,,,,,,,,,,,,,,,,,,,,,,,,,,,,,,, -   
1446,Round,1.5*1.5,15,,,,,,,,,,,,,,,,,,,,,,,,,,,, -   
1447,Round,1.7*1.7,1,,,,,,,,,,,,,,,,,,,,,,,,,,,, -   
1448,Round,1.1*1.1,2,Round,1.4*1.4,2,Round,1.5*1.5,1,,,,,,,,,,,,,,,,,,,,,, -   
1449,Round,1.5*1.5,1,,,,,,,,,,,,,,,,,,,,,,,,,,,, -   
1450,Baguette,3.0*1.5,1,Round,1.3*1.3,8,Round,1.2*1.2,2,Round,1.1*1.1,4,Round,1.0*1.0,6,,,,,,,,,,,,,,,, -   
1451,Round,1.8*1.8,2,,,,,,,,,,,,,,,,,,,,,,,,,,,, -   
1452,Round,2.0*2.0,3,,,,,,,,,,,,,,,,,,,,,,,,,,,, -   
1453,Round,2.0*2.0,1,,,,,,,,,,,,,,,,,,,,,,,,,,,, -   
1454,Round,1.1*1.1,2,,,,,,,,,,,,,,,,,,,,,,,,,,,, -   
1455,Round,1.1*1.1,1,,,,,,,,,,,,,,,,,,,,,,,,,,,, -   
1456,Round,1.5*1.5,2,,,,,,,,,,,,,,,,,,,,,,,,,,,, -   
1457,,,,,,,,,,,,,,,,,,,,,,,,,,,,,,, -   
1458,Round,0.8*0.8,2,Round,0.9*0.9,4,Round,1.0*1.0,6,Round,1.1*1.1,4,Round,1.2*1.2,6,Princess,1.5*1.5,2,,,,,,,,,,,,, -   
1459,Princess,1.5*1.5,2,,,,,,,,,,,,,,,,,,,,,,,,,,,, -   
1460,Round,1.5*1.5,2,,,,,,,,,,,,,,,,,,,,,,,,,,,, -   
1461,Princess,1.8*1.8,2,,,,,,,,,,,,,,,,,,,,,,,,,,,, -   
1462,Round,1.3*1.3,2,Round,1.2*1.2,2,Round,1.0*1.0,2,,,,,,,,,,,,,,,,,,,,,, -   
1463,,,,,,,,,,,,,,,,,,,,,,,,,,,,,,, -   
1464,Round,0.9*0.9,30,,,,,,,,,,,,,,,,,,,,,,,,,,,, -   
1465,,,,,,,,,,,,,,,,,,,,,,,,,,,,,,, -   
1466,Round,0.8*0.8,2,Round,0.9*0.9,1,,,,,,,,,,,,,,,,,,,,,,,,, -   
1467,Round,1.1*1.1,2,Round,0.8*0.8,1,,,,,,,,,,,,,,,,,,,,,,,,, -   
1468,Round,1.3*1.3,2,Round,1.5*1.5,2,Round,1.6*1.6,2,Round,1.7*1.7,2,Round,1.9*1.9,2,Round,2.0*2.0,2,Round,2.1*2.1,2,,,,,,,,,, -   
1469,Round,2.5*2.5,1,,,,,,,,,,,,,,,,,,,,,,,,,,,, -   
1470,Round,1.1*1.1,8,Round,1.0*1.0,10,Round,0.9*0.9,8,Round,1.2*1.2,8,Round,3.2*3.2,1,,,,,,,,,,,,,,,, -   
1471,Round,3.5*3.5,1,,,,,,,,,,,,,,,,,,,,,,,,,,,, -   
1472,Princess,2.0*2.0,1,Round,1.0*1.0,22,,,,,,,,,,,,,,,,,,,,,,,,, -   
1473,Baguette,4.0*2.5,1,Round,1.0*1.0,24,,,,,,,,,,,,,,,,,,,,,,,,, -   
1474,,,,,,,,,,,,,,,,,,,,,,,,,,,,,,, - 
1475,,,,,,,,,,,,,,,,,,,,,,,,,,,,,,, - 
1476,,,,,,,,,,,,,,,,,,,,,,,,,,,,,,, - 
1477,,,,,,,,,,,,,,,,,,,,,,,,,,,,,,, - 
1478,,,,,,,,,,,,,,,,,,,,,,,,,,,,,,, - 
1479,,,,,,,,,,,,,,,,,,,,,,,,,,,,,,, - 
1480,,,,,,,,,,,,,,,,,,,,,,,,,,,,,,, - 
1481,,,,,,,,,,,,,,,,,,,,,,,,,,,,,,, - 
1482,,,,,,,,,,,,,,,,,,,,,,,,,,,,,,, - 
1483,,,,,,,,,,,,,,,,,,,,,,,,,,,,,,, - 
1484,,,,,,,,,,,,,,,,,,,,,,,,,,,,,,, - 
1485,,,,,,,,,,,,,,,,,,,,,,,,,,,,,,, - 
1486,,,,,,,,,,,,,,,,,,,,,,,,,,,,,,, - 
1487,,,,,,,,,,,,,,,,,,,,,,,,,,,,,,, - 
1488,,,,,,,,,,,,,,,,,,,,,,,,,,,,,,, - 
1489,Round,2.0*2.0,6,,,,,,,,,,,,,,,,,,,,,,,,,,,, -   
1490,,,,,,,,,,,,,,,,,,,,,,,,,,,,,,, -   
1491,Round,1.9*1.9,4,Round,1.8*1.8,4,Round,1.7*1.7,2,Round,1.6*1.6,4,Round,3.5*3.5,1,,,,,,,,,,,,,,,, -   
1492,Round,3.5*3.5,1,Round,1.9*1.9,4,Round,1.8*1.8,4,Round,1.7*1.7,4,Round,1.5*1.5,4,,,,,,,,,,,,,,,, -   
1493,Round,2.2*2.2,1,,,,,,,,,,,,,,,,,,,,,,,,,,,, -   
1494,,,,,,,,,,,,,,,,,,,,,,,,,,,,,,, -   
1495,Round,1.0*1.0,16,Round,0.9*0.9,12,,,,,,,,,,,,,,,,,,,,,,,,, -   
1496,Round,1.1*1.1,15,Round,1.0*1.0,4,Round,0.9*0.9,6,,,,,,,,,,,,,,,,,,,,,, -   
1497,Round,1.5*1.5,5,,,,,,,,,,,,,,,,,,,,,,,,,,,, -   
1498,Round,1.8*1.8,1,,,,,,,,,,,,,,,,,,,,,,,,,,,, -   
1499,Round,1.0*1.0,20,Round,0.9*0.9,8,,,,,,,,,,,,,,,,,,,,,,,,, -   
1500,Round,0.9*0.9,8,Round,1.0*1.0,4,Round,1.1*1.1,15,,,,,,,,,,,,,,,,,,,,,, -   
1501,Round,1.6*1.6,4,,,,,,,,,,,,,,,,,,,,,,,,,,,, -   
1502,,,,,,,,,,,,,,,,,,,,,,,,,,,,,,, -   
1503,Round,1.0*1.0,2,Round,0.8*0.8,1,Round,1.3*1.3,2,,,,,,,,,,,,,,,,,,,,,, -   
1504,Round,0.8*0.8,3,Round,0.9*0.9,2,,,,,,,,,,,,,,,,,,,,,,,,, -   
1505,Round,1.1*1.1,4,Round,1.2*1.2,2,,,,,,,,,,,,,,,,,,,,,,,,, -   
1506,,,,,,,,,,,,,,,,,,,,,,,,,,,,,,, -   
1507,Round,1.1*1.1,1,Round,0.8*0.8,1,Round,0.9*0.9,1,,,,,,,,,,,,,,,,,,,,,, -   
1508,,,,,,,,,,,,,,,,,,,,,,,,,,,,,,, -   
1509,Round,2.5*2.5,1,,,,,,,,,,,,,,,,,,,,,,,,,,,, -   
1510,Princess,1.5*1.5,2,,,,,,,,,,,,,,,,,,,,,,,,,,,, -   
1511,Round,1.1*1.1,1,,,,,,,,,,,,,,,,,,,,,,,,,,,, -   
1512,,,,,,,,,,,,,,,,,,,,,,,,,,,,,,, -   
1513,Princess,2.0*2.0,3,,,,,,,,,,,,,,,,,,,,,,,,,,,, -   
1514,Princess,2.0*2.0,1,,,,,,,,,,,,,,,,,,,,,,,,,,,, -   
1515,Round,2.4*2.4,1,,,,,,,,,,,,,,,,,,,,,,,,,,,, -   
1516,Princess,2.8*2.8,1,,,,,,,,,,,,,,,,,,,,,,,,,,,, -   
1517,Round,1.8*1.8,2,Round,1.6*1.6,2,,,,,,,,,,,,,,,,,,,,,,,,, -   
1518,,,,,,,,,,,,,,,,,,,,,,,,,,,,,,, -   
1519,Round,0.8*0.8,26,,,,,,,,,,,,,,,,,,,,,,,,,,,, -   
1520,Round,0.8*0.8,26,Round,0.9*0.9,4,,,,,,,,,,,,,,,,,,,,,,,,, -   
1521,Round,1.3*1.3,9,Round,1.0*1.0,2,Round,1.1*1.1,6,Round,1.2*1.2,2,,,,,,,,,,,,,,,,,,, -   
1522,,,,,,,,,,,,,,,,,,,,,,,,,,,,,,, -   
1523,Round,1.4*1.4,3,,,,,,,,,,,,,,,,,,,,,,,,,,,, -   
1524,,,,,,,,,,,,,,,,,,,,,,,,,,,,,,, -   
1525,Round,1.8*1.8,1,Round,1.3*1.3,2,,,,,,,,,,,,,,,,,,,,,,,,, -   
1526,,,,,,,,,,,,,,,,,,,,,,,,,,,,,,, -   
1527,,,,,,,,,,,,,,,,,,,,,,,,,,,,,,, -   
1528,,,,,,,,,,,,,,,,,,,,,,,,,,,,,,, -   
1529,Round,1.4*1.4,1,Round,1.1*1.1,1,,,,,,,,,,,,,,,,,,,,,,,,, -   
1530,Baguette,3.0*1.75,1,,,,,,,,,,,,,,,,,,,,,,,,,,,, -   
1531,Round,1.6*1.6,1,Round,0.8*0.8,1,,,,,,,,,,,,,,,,,,,,,,,,, -   
1532,,,,,,,,,,,,,,,,,,,,,,,,,,,,,,, -   
1533,Round,1.0*1.0,2,Round,1.2*1.2,3,,,,,,,,,,,,,,,,,,,,,,,,, -   
1534,Round,1.7*1.7,1,,,,,,,,,,,,,,,,,,,,,,,,,,,, -   
1535,Round,0.8*0.8,7,,,,,,,,,,,,,,,,,,,,,,,,,,,, -   
1536,Round,0.8*0.8,1,,,,,,,,,,,,,,,,,,,,,,,,,,,, -   
1537,,,,,,,,,,,,,,,,,,,,,,,,,,,,,,, - 
1538,,,,,,,,,,,,,,,,,,,,,,,,,,,,,,, - 
1539,,,,,,,,,,,,,,,,,,,,,,,,,,,,,,, - 
1540,,,,,,,,,,,,,,,,,,,,,,,,,,,,,,, - 
1541,,,,,,,,,,,,,,,,,,,,,,,,,,,,,,, - 
1542,,,,,,,,,,,,,,,,,,,,,,,,,,,,,,, - 
1543,,,,,,,,,,,,,,,,,,,,,,,,,,,,,,, - 
1544,,,,,,,,,,,,,,,,,,,,,,,,,,,,,,, - 
1545,,,,,,,,,,,,,,,,,,,,,,,,,,,,,,, - 
1546,,,,,,,,,,,,,,,,,,,,,,,,,,,,,,, - 
1547,,,,,,,,,,,,,,,,,,,,,,,,,,,,,,, - 
1548,,,,,,,,,,,,,,,,,,,,,,,,,,,,,,, - 
1549,,,,,,,,,,,,,,,,,,,,,,,,,,,,,,, - 
1550,,,,,,,,,,,,,,,,,,,,,,,,,,,,,,, - 
1551,,,,,,,,,,,,,,,,,,,,,,,,,,,,,,, - 
1552,,,,,,,,,,,,,,,,,,,,,,,,,,,,,,, - 
1553,,,,,,,,,,,,,,,,,,,,,,,,,,,,,,, - 
1554,,,,,,,,,,,,,,,,,,,,,,,,,,,,,,, - 
1555,,,,,,,,,,,,,,,,,,,,,,,,,,,,,,, - 
1556,,,,,,,,,,,,,,,,,,,,,,,,,,,,,,, - 
1557,,,,,,,,,,,,,,,,,,,,,,,,,,,,,,, - 
1558,,,,,,,,,,,,,,,,,,,,,,,,,,,,,,, - 
1559,,,,,,,,,,,,,,,,,,,,,,,,,,,,,,, - 
1560,,,,,,,,,,,,,,,,,,,,,,,,,,,,,,, - 
1561,,,,,,,,,,,,,,,,,,,,,,,,,,,,,,, - 
1562,,,,,,,,,,,,,,,,,,,,,,,,,,,,,,, - 
1563,,,,,,,,,,,,,,,,,,,,,,,,,,,,,,, - 
1564,,,,,,,,,,,,,,,,,,,,,,,,,,,,,,, - 
