ProductId,design_code,name,category,diameter,ring_size,base_thickness,base_width,prongs_height,status
Pattern,TL tấm (KC),TL tấm (CZ),Shape1,Size1,SL1,,,,
1,BTA0007,Sweet Heart Cube,Bông tai,,,,,,
2,BTA0008,Choco Bar,Bông tai,,,,,,
3,BTA0009,Choco Bar Earring With Round,Bông tai,,,,,,
4,BTA0010,Choco Cube & Heart,Bông tai,,,,,,
5,BTA0018,,Bông tai,,,,,,
6,BTA0019,,Bông tai,,,,,,
7,BTA0020,Mini Teddy Huggie,Bông tai,,,,,,
8,BTA0021,Heart Candy,Bông tai,,,,,,
9,BTA0022,Hoàng Mai Chiêu Lộc,Bông tai,,,,,,
10,BBT1101,,Bông tai,,,,,,
11,BBT1102,,Bông tai,,,,,,
12,BBT1103,,Bông tai,,,,,,
13,BBT1104,,Bông tai,,,,,,
14,BBT1105,,Bông tai,,,,,,
15,BBT1106,,Bông tai,,,,,,
16,BTA1107,,Bông tai,,,,,,
17,BBT1108,,Bông tai,,,,,,
18,BBT1109,,Bông tai,,,,,,
19,BBT1110,,Bông tai,,,,,,
20,BBT1111,,Bông tai,,,,,,
21,BBT1112,,Bông tai,,,,,,
22,BTA1113,,Bông tai,,,,,,
23,BTA1114,,Bông tai,,,,,,
24,BTA2101,,Bông tai,,,,,,
25,BTA2102,,Bông tai,,,,,,
26,BTA2103,,Bông tai,,,,,,
27,BTA2104,,Bông tai,,,,,,
28,BTA2105,,Bông tai,,,,,,
29,BTA2106,,Bông tai,,,,,,
30,BTA2107,,Bông tai,,,,,,
31,BTA2108,,Bông tai,,,,,,
32,BTA2109,,Bông tai,,,,,,
33,BTA2110,,Bông tai,,,,,,
34,BTA2111,,Bông tai,,,,,,
35,BTA2112,,Bông tai,,,,,,
36,BTA2113,,Bông tai,,,,,,
37,BTA2114,,Bông tai,,,,,,
38,BTA2115,,Bông tai,,,,,,
39,BTA2116,,Bông tai,,,,,,
40,BTA2117,,Bông tai,,,,,,
41,BTA2118,,Bông tai,,,,,,
42,BTA2119,,Bông tai,,,,,,
43,BTA2120,,Bông tai,,,,,,
44,BTA2121,,Bông tai,,,,,,
45,BTA2122,,Bông tai,,,,,,
46,BTA2123,,Bông tai,,,,,,
47,BTA2124,,Bông tai,,,,,,
48,BTA2125,,Bông tai,,,,,,
49,BTA2126,,Bông tai,,,,,,
50,BTA2127,,Bông tai,,,,,,
51,BTA2128,,Bông tai,,,,,,
52,BTA2130,,Bông tai,,,,,,
53,BTA2131,,Bông tai,,,,,,
54,BTA2132,,Bông tai,,,,,,
55,BTA2134,,Bông tai,,,,,,
56,BTA2135,Vintage Flower,Bông tai,,,,,,
57,BTA2136,,Bông tai,,,,,,
58,BTA2137,,Bông tai,,,,,,
59,BTA2138,Square Petal,Bông tai,,,,,,
60,BTA2139,,Bông tai,,,,,,
61,BTA2140,,Bông tai,,,,,,
62,BTA2141,,Bông tai,,,,,,
63,BTA2142,,Bông tai,,,,,,
64,BTA2143,,Bông tai,,,,,,
65,BTA2144,,Bông tai,,,,,,
66,BTA2145,,Bông tai,,,,,,
67,BTA2146,Plumeria,Bông tai,,,,,,
68,BTA2147,,Bông tai,,,,,,
69,BTA2148,,Bông tai,,,,,,
70,BTA2149,Geometric Sunflower,Bông tai,,,,,,
71,BTA2150,Lovely Button,Bông tai,,,,,,
72,BTA2151,,Bông tai,,,,,,
73,BTA2152,,Bông tai,,,,,,
74,BTA2153,,Bông tai,,,,,,
75,BTA2154,Vintage Start,Bông tai,,,,,,
76,BTA2155,Double Halo Cushion,Bông tai,,,,,,
77,BTA2156,Little Start,Bông tai,,,,,,
78,BTA2157,Round & Baguette,Bông tai,,,,,,
79,BTA2158,Marquise Halo,Bông tai,,,,,,
80,BTA2159,,Bông tai,,,,,,
81,BTA2160,,Bông tai,,,,,,
82,BTA2161,,Bông tai,,,,,,
83,BTA3101,,Bông tai,,,,,,
84,BTA3102,,Bông tai,,,,,,
85,BTA3104,,Bông tai,,,,,,
86,BTA3105,,Bông tai,,,,,,
87,BTA3106,,Bông tai,,,,,,
88,BTA3107,,Bông tai,,,,,,
89,BTA3108,,Bông tai,,,,,,
90,BTA3109,,Bông tai,,,,,,
91,BTA3110,,Bông tai,,,,,,
92,BTA3111,,Bông tai,,,,,,
93,BTA3122,,Bông tai,,,,,,
94,BTA4101,,Bông tai,,,,,,
95,BTA4102,,Bông tai,,,,,,
96,BTA4103,,Bông tai,,,,,,
97,BTA4104,,Bông tai,,,,,,
98,BTA4105,,Bông tai,,,,,,
99,BTA4106,,Bông tai,,,,,,
100,BTA4107,,Bông tai,,,,,,
101,BTA4111,,Bông tai,,,,,,
102,BTA4112,,Bông tai,,,,,,
103,BTA4114,,Bông tai,,,,,,
104,BTA4115,,Bông tai,,,,,,
105,BBT4116,,Bông tai,,,,,,
106,BTA4117,,Bông tai,,,,,,
107,BTA4119,,Bông tai,,,,,,
108,BTA4121,,Bông tai,,,,,,
109,BTA4122,,Bông tai,,,,,,
110,BTA4123,,Bông tai,,,,,,
111,BTA4124,,Bông tai,,,,,,
112,BTA4125,,Bông tai,,,,,,
113,BTA4126,,Bông tai,,,,,,
114,BTA4127,,Bông tai,,,,,,
115,BTA4128,,Bông tai,,,,,,
116,BTA4131,Vintage Retangle,Bông tai,,,,,,
117,BTA4132,Anne Queen'S Lace,Bông tai,,,,,,
118,BTA5101,Anne Queen'S Lace,Bông tai,,,,,,
119,BTA7001,,Bông tai,,,,,,
120,BTA7002,,Bông tai,,,,,,
121,BTA7003,,Bông tai,,,,,,
122,BTA7004,,Bông tai,,,,,,
123,BTA7005,,Bông tai,,,,,,
124,BTA7006,,Bông tai,,,,,,
125,BTA7007,The Armour,Bông tai,,,,,,
126,BTA7008,,Bông tai,,,,,,
127,BTA7009,,Bông tai,,,,,,
128,BTA7010,,Bông tai,,,,,,
129,BTA7011,,Bông tai,,,,,,
130,BTA8101,,Bông tai,,,,,,
131,BTA8102,,Bông tai,,,,,,
132,BTA8103,,Bông tai,,,,,,
133,BTA8104,,Bông tai,,,,,,
134,BTA8105,,Bông tai,,,,,,
135,BTA8106,,Bông tai,,,,,,
136,BTA8107,,Bông tai,,,,,,
137,BTA8108,,Bông tai,,,,,,
138,BTA8109,,Bông tai,,,,,,
139,BTA8110,,Bông tai,,,,,,
140,BTA8111,,Bông tai,,,,,,
141,BTA8112,,Bông tai,,,,,,
142,BTA8113,,Bông tai,,,,,,
143,BTA8114,,Bông tai,,,,,,
144,BTA8115,,Bông tai,,,,,,
145,BTA8116,,Bông tai,,,,,,
146,BTA8117,Lavender Love,Bông tai,,,,,,
147,BTA8118,,Bông tai,,,,,,
148,BTA8122,,Bông tai,,,,,,
149,BTA8124,,Bông tai,,,,,,
150,BTA8125,,Bông tai,,,,,,
151,BTA8126,,Bông tai,,,,,,
152,BTA8127,Twisted Flower,Bông tai,,,,,,
153,BTA8128,,Bông tai,,,,,,
154,BTA8130,,Bông tai,,,,,,
155,BTA8131,,Bông tai,,,,,,
156,BTA8132,,Bông tai,,,,,,
157,BTA8133,,Bông tai,,,,,,
158,BTA8134,Snow Flower,Bông tai,,,,,,
159,BTA8135,Truly,Bông tai,,,,,,
160,BTA8136,Custom With Fancy Shape,Bông tai,,,,,,
161,BTA8137,The Flower,Bông tai,,,,,,
162,BTA8138,Stunning Flaze,Bông tai,,,,,,
163,BTA8139,Autumn Leaves,Bông tai,,,,,,
164,BTA8140,Glorious Emerald,Bông tai,,,,,,
165,BTA8141,Emerald Shape & Half Maquise Halo,Bông tai,,,,,,
166,BTA8142,Custom Cushion,Bông tai,,,,,,
167,BTA8143,Bowtie & Pear Cut,Bông tai,,,,,,
168,BTA8144,Sweet Heart Earring,Bông tai,,,,,,
169,BTA8145,Plumeria Custom,Bông tai,,,,,,
170,BTA8146,Plumeria Custom,Bông tai,,,,,,
171,BTA8147,Rosie Heart,Bông tai,,,,,,
172,BTA8148,Heart Of Venus,Bông tai,,,,,,
173,BTA8149,Tender Heart,Bông tai,,,,,,
174,BTA8150,Dazzling Heart,Bông tai,,,,,,
175,BTA8151,Adorable Heart,Bông tai,,,,,,
176,BTA9001,,Bông tai,,,,,,
177,BTA9002,,Bông tai,,,,,,
178,BTA9003,,Bông tai,,,,,,
179,CHS1017,,Nhẫn cầu hôn,,12,,,,
180,CHS1314,,Nhẫn cầu hôn,,10,,,,
181,CHS1504,,Nhẫn cầu hôn,,10,,,,
182,CHS1507,,Nhẫn cầu hôn,,11,,,,
183,CHS3001,,Nhẫn cầu hôn,,12,,,,
184,CHS3202,,Nhẫn cầu hôn,,11,,,,
185,CHS9910,,Nhẫn cầu hôn,,11,,,,
186,CHS9911,,Nhẫn cầu hôn,,11,,,,
187,CHS9920,,Nhẫn cầu hôn,,12,,,,
188,CHS9921,,Nhẫn cầu hôn,,12,,,,
189,DCA1111,Mắt xích tròn,Dây chuyền,,42,,,,
190,DCA1112,Mắt xích tròn,Dây chuyền,,42,,,,
191,DCA1122.42,Mắt xích tròn,Dây chuyền,,42,,,,
192,DCA1122.45,Mắt xích tròn,Dây chuyền,,45,,,,
193,DCA1312,Mắt xích tròn,Dây chuyền,,42,,,,
194,DCA1322,Mắt xích tròn,Dây chuyền,,42,,,,
195,DCA1332,Mắt xích tròn,Dây chuyền,,42,,,,
196,DCA2311,Mắt xích hộp,Dây chuyền,,45,,,,
197,DCA3113.42,Chuỗi sóng nước,Dây chuyền,,42,,,,
198,DCA3113.45,Chuỗi sóng nước,Dây chuyền,,45,,,,
199,DCA4311,Mắc tre,Dây chuyền,,42,,,,
200,DCA5331,Mắt xích tròn,Dây chuyền,,42,,,,
201,DCA6312,Mắt xích hộp,Dây chuyền,,42,,,,
202,DCA6332,Mắt xích hộp,Dây chuyền,,42,,,,
203,DCA7112.42,Khác,Dây chuyền,,42,,,,
204,DCA7112.45,Khác,Dây chuyền,,45,,,,
205,MDA0007,Choco Orange,Mặt dây chuyền,,,,,,
206,MDA0008,Dry Orange,Mặt dây chuyền,,,,,,
207,MDA0009,Heart Cube,Mặt dây chuyền,,,,,,
208,BMD0010,,Mặt dây chuyền,,,,,,
209,BMD0010,,Mặt dây chuyền,,,,,,
210,BMD0010,,Mặt dây chuyền,,,,,,
211,MDA0011,Sweet Cherry,Mặt dây chuyền,,,,,,
212,BMD0012,,Mặt dây chuyền,,,,,,
213,MDA0015,,Mặt dây chuyền,,,,,,
214,MDA0016,Sweet Cherry,Mặt dây chuyền,,,,,,
215,MDA0017,Nút Thắt Tường An,Mặt dây chuyền,,,,,,
216,MDA0020,Xuân Đào,Mặt dây chuyền,,,,,,
217,MDA0021,Kim Xà Chiêu Phúc,Mặt dây,,,,,,
218,MDA0022,Hoàng Mai Chiêu Lộc,Mặt dây,,,,,,
219,MDA0024,Teddy Huggie,Mặt dây chuyền,,,,,,
220,MDA0025,Cheese Donut,Mặt dây chuyền,,,,,,
221,MDA0101,Piece Of Choco,Mặt dây chuyền,,,,,,
222,MDA0102,Choco Heart,Mặt dây chuyền,,,,,,
223,MDA0103,Choco Letter,Mặt dây chuyền,,,,,,
224,MDA0104,Choco Pie,Mặt dây chuyền,,,,,,
225,MDA0108,Cookie Bear,Mặt dây chuyền,,,,,,
226,MDA0109,Waffle Honey Cake,Mặt dây chuyền,,,,,,
227,MDA0110,Bear Candy,Mặt dây chuyền,,,,,,
228,BMD1101,,Mặt dây chuyền,,,,,,
229,BMD1102,,Mặt dây chuyền,,,,,,
230,MDA1103,,Mặt dây chuyền,,,,,,
231,BMD1104,,Mặt dây chuyền,,,,,,
232,BMD1105,,Mặt dây chuyền,,,,,,
233,BMD1106,,Mặt dây chuyền,,,,,,
234,BMD1107,,Mặt dây chuyền,,,,,,
235,BMD1108,,Mặt dây chuyền,,,,,,
236,BMD1109,,Mặt dây chuyền,,,,,,
237,BMD1110,,Mặt dây chuyền,,,,,,
238,BMD1111,,Mặt dây chuyền,,,,,,
239,BMD1112,,Mặt dây chuyền,,,,,,
240,BMD1113,,Mặt dây chuyền,,,,,,
241,MDA2102,,Mặt dây chuyền,,,,,,
242,MDA2103,,Mặt dây chuyền,,,,,,
243,MDA2104,,Mặt dây chuyền,,,,,,
244,MDA2105,,Mặt dây chuyền,,,,,,
245,MDA2106,,Mặt dây chuyền,,,,,,
246,MDA2107,,Mặt dây chuyền,,,,,,
247,MDA2108,,Mặt dây chuyền,,,,,,
248,MDA2109,,Mặt dây chuyền,,,,,,
249,MDA2110,,Mặt dây chuyền,,,,,,
250,MDA2111,Hoa Bốn Cánh,Mặt dây chuyền,,,,,,
251,MDA2112,Blossom Flower,Mặt dây chuyền,,,,,,
252,MDA2114,,Mặt dây chuyền,,,,,,
253,MDA2117,Tiny Heart,Mặt dây chuyền,,,,,,
254,MDA2118,,Mặt dây chuyền,,,,,,
255,MDA2120,Vintage Retangle,Mặt dây chuyền,,,,,,
256,MDA2121,Vintage Star,Mặt dây chuyền,,,,,,
257,MDA2122,Double Halo Cushion Shape,Mặt dây chuyền,,,,,,
258,MDA2123,Mixing Double Halo,Mặt dây chuyền,,,,,,
259,MDA2124,,Mặt dây chuyền,,,,,,
260,MDA2125,,Mặt dây chuyền,,,,,,
261,MDA2126,Tournesol Bleu,Mặt dây chuyền,,,,,,
262,MDA2127,White Camellia Pendant,Mặt dây chuyền,,,,,,
263,MDA2131,,Mặt dây chuyền,,,,,,
264,MDA2132,,Mặt dây chuyền,,,,,,
265,MDA2133,,Mặt dây chuyền,,,,,,
266,MDA2134,,Mặt dây chuyền,,,,,,
267,MDA2135,,Mặt dây chuyền,,,,,,
268,MDA2136,,Mặt dây chuyền,,,,,,
269,MDA2137,,Mặt dây chuyền,,,,,,
270,MDA3102,,Mặt dây chuyền,,,,,,
271,MDA3103,,Mặt dây chuyền,,,,,,
272,BMD3105,,Mặt dây chuyền,,,,,,
273,MDA4101,,Mặt dây chuyền,,,,,,
274,MDA4102,,Mặt dây chuyền,,,,,,
275,BMD4103,,Mặt dây chuyền,,,,,,
276,BMD4104,,Mặt dây chuyền,,,,,,
277,MDA5101,,Mặt dây chuyền,,,,,,
278,BMD8110,,Mặt dây chuyền,,,,,,
279,MDA8111,,Mặt dây chuyền,,,,,,
280,MDA8115,Bowtie And Pear Cut,Mặt dây chuyền,,,,,,
281,MDA8116,Fancy Shape,Mặt dây chuyền,,,,,,
282,MDA8117,The Flower,Mặt dây chuyền,,,,,,
283,MDA8118,Autumn Leaves,Mặt dây chuyền,,,,,,
284,MDA8119,Glorious Emerald,Mặt dây chuyền,,,,,,
285,MDA8120,Emerald Shape And Half Masquise Halo,Mặt dây chuyền,,,,,,
286,MDA8121,Custom Cushion,Mặt dây chuyền,,,,,,
287,MDA8122,Lotus Of Clear Moon,Mặt dây chuyền,,,,,,
288,MDA8123,Stunning Flaze,Mặt dây chuyền,,,,,,
289,MDA8124,White Camellia Necklace,Mặt dây chuyền,,,,,,
290,MDA8125,,Mặt dây chuyền,,,,,,
291,MDA8126,,Mặt dây chuyền,,,,,,
292,BMD8127,,Mặt dây chuyền,,,,,,
293,MDA8128,,Mặt dây chuyền,,,,,,
294,MDA8129,,Mặt dây chuyền,,,,,,
295,MDA8130,,Mặt dây chuyền,,,,,,
296,BMD8136,,Mặt dây chuyền,,,,,,
297,MDA8137,Love Of Swan,Mặt dây chuyền,,,,,,
298,MDA8144,Sweet Heart Necklace,Mặt dây chuyền,,,,,,
299,MDA8145,,Mặt dây chuyền,,,,,,
300,BMD8147,Rosie Heart,Mặt dây chuyền,,,,,,
301,BMD8148,Heart Of Venus,Mặt dây chuyền,,,,,,
302,BMD8149,Tender Heart,Mặt dây chuyền,,,,,,
303,MDA8150,Dazzling Heart,Mặt dây chuyền,,,,,,
304,BMD8151,Adorable Heart,Mặt dây chuyền,,,,,,
305,NCC0001,,Nhẫn cưới,,M.18-F.8.5,,,,
306,NCC0002,,Nhẫn cưới,,M.15-F.08,,,,
307,NCC0005,,Nhẫn cưới,,M.16-F.11,,,,
308,NCC0006,,Nhẫn cưới,,M.15-F.09,,,,
309,NCC0007,,Nhẫn cưới,,M.15-F.15,,,,
310,NCC0010,,Nhẫn cưới,,M.15-F.09,,,,
311,NCC0011,,Nhẫn cưới,,M.19-F.10.5,,,,
312,NCC0012,,Nhẫn cưới,,M.10-F.05,,,,
313,NCC0013,,Nhẫn cưới,,"M.16,5-F.11",,,,
314,NCC0016,,Nhẫn cưới,,M.15-F.10,,,,
315,NCC0017,,Nhẫn cưới,,M.18-F.11,,,,
316,NCC0018,,Nhẫn cưới,,M.16-F.11,,,,
317,NCC0022,,Nhẫn cưới,,M.16-F.11,,,,
318,NCC0024,,Nhẫn cưới,,M.17-F.11,,,,
319,NCC0027,,Nhẫn cưới,,M.13-F.10,,,,
320,NCC0029,Twisted Love,Nhẫn cưới,,M.15-F.9,,,,
321,NCC0036,,Nhẫn cưới,,M.19.5-F.12,,,,
322,NCC0040,,Nhẫn cưới,,M.19-F.12,,,,
323,NCC0041,,Nhẫn cưới,,M.16-F.11,,,,
324,NCC0042,Petal of Joy,Nhẫn cưới,,"M.18,5-F.12",,,,
325,NCC0043,Petal of Joy,Nhẫn cưới,,M.18-F.12,,,,
326,NCC0044,Petal of Love,Nhẫn cưới,,M.18-F.11,,,,
327,NCC0045,Petal of Love,Nhẫn cưới,,M.18-F.11,,,,
328,NCC0046,Petal of Happiness,Nhẫn cưới,,M.18-F.11,,,,
329,BNC1012,,Nhẫn cưới,,M.19-F.11,,,,
330,NCC1003,,Nhẫn cưới,,M.20-F.11,,,,
331,BNC1004,,Nhẫn cưới,,M.21-F.11,,,,
332,NCC1005,,Nhẫn cưới,,M.18.5-F.16.5,,,,
333,BNC1006,,Nhẫn cưới,,M.19-F.10.5,,,,
334,NCC1007,,Nhẫn cưới,,M.20-F.10,,,,
335,NCC1008,,Nhẫn cưới,,M.15-F.09,,,,
336,NCC1009,,Nhẫn cưới,,M.16-F.08,,,,
337,NCC1010,,Nhẫn cưới,,M.14-F.10,,,,
338,NCC1011,,Nhẫn cưới,,M.22-F.10.5,,,,
339,NCC1014,,Nhẫn cưới,,M.17-F.08,,,,
340,NCC1015,,Nhẫn cưới,,M.17-F.08,,,,
341,NCC1016,,Nhẫn cưới,,M.17-F.08,,,,
342,BNC1017,,Nhẫn cưới,,M.17-F.08,,,,
343,NCC1018,,Nhẫn cưới,,M.16-F.09,,,,
344,NCC1019,,Nhẫn cưới,,M.22-F.12,,,,
345,NCC1020,,Nhẫn cưới,,M.17-F.08,,,,
346,NCC1021,,Nhẫn cưới,,M.16-F.08,,,,
347,NCC1022,,Nhẫn cưới,,M.16-F.08,,,,
348,NCC1023,,Nhẫn cưới,,M.18-F.08,,,,
349,BNC1024,,Nhẫn cưới,,M.17-F.10,,,,
350,NCC1025,,Nhẫn cưới,,M.17-F.11,,,,
351,NCC1027,,Nhẫn cưới,,M.16-F.11,,,,
352,NCC1028,,Nhẫn cưới,,M.17-F.11,,,,
353,NCC1036,,Nhẫn cưới,,"M.18,5-F.11",,,,
354,NCC1037,,Nhẫn cưới,,M.18-F.10,,,,
355,NCC1038,,Nhẫn cưới,,M.15-F.10,,,,
356,NCC1039,,Nhẫn cưới,,M.14-F.10,,,,
357,NCC1040,,Nhẫn cưới,,M.14-F.11,,,,
358,NCC1041,,Nhẫn cưới,,M.13-F.09,,,,
359,NCC1042,,Nhẫn cưới,,M.16-F.11,,,,
360,NCC1043,,Nhẫn cưới,,M.19-F.11,,,,
361,NCC1044,,Nhẫn cưới,,M.19-F.11,,,,
362,NCC1046,,Nhẫn cưới,,M.19-F.11,,,,
363,NCC1047,,Nhẫn cưới,,M.19-F.10,,,,
364,NCC1048,,Nhẫn cưới,,M.19-F.10,,,,
365,NCC2001,,Nhẫn cưới,,M.16-F.08,,,,
366,NCC2004,,Nhẫn cưới,,M.24-F.12,,,,
367,NCC2006,,Nhẫn cưới,,M.20-F.10,,,,
368,NCC2008,,Nhẫn cưới,,M.16-F.10,,,,
369,NCC2014,,Nhẫn cưới,,M.18-F.08,,,,
370,NCC2016,,Nhẫn cưới,,M.20-F.10,,,,
371,NCC2021,,Nhẫn cưới,,M.20-F.10,,,,
372,NCC2024,,Nhẫn cưới,,M.20-F.10,,,,
373,NCC2028,,Nhẫn cưới,,M.15-F.10,,,,
374,NCC2030,,Nhẫn cưới,,M.16-F.10,,,,
375,NCC2032,,Nhẫn cưới,,M.18-F.10,,,,
376,NCC2037,,Nhẫn cưới,,M.15-F.09,,,,
377,NCC2039,,Nhẫn cưới,,M.15-F.10,,,,
378,NCC2042,,Nhẫn cưới,,M.14-F.08,,,,
379,NCC2043,,Nhẫn cưới,,M.18-F.10,,,,
380,NCC2047,,Nhẫn cưới,,M.14-F.10,,,,
381,NCC2049,,Nhẫn cưới,,M.15-F.10,,,,
382,NCC2054,,Nhẫn cưới,,M.15-F.10,,,,
383,NCC2055,,Nhẫn cưới,,M.16-F.11,,,,
384,NCC2058,,Nhẫn cưới,,M.14-F.11.5,,,,
385,NCC2059,,Nhẫn cưới,,M.17-F.11,,,,
386,NCC2065,,Nhẫn cưới,,M.15-F.10,,,,
387,NCC2071,,Nhẫn cưới,,M.15-F.10,,,,
388,NCC2079,Petal of Joy,Nhẫn cưới,,M.18-F.12,,,,
389,NCC2081,Petal of Happiness,Nhẫn cưới,,M.18-F.11,,,,
390,NCC2090,,Nhẫn cưới,,M.15-F.11,,,,
391,NCC2091,,Nhẫn cưới,,M.19-F.11,,,,
392,NCC2092,,Nhẫn cưới,,M.19-F.11,,,,
393,NCC2093,,Nhẫn cưới,,M.18.5-F.8.5,,,,
394,NCC3002,,Nhẫn cưới,,M.25-F.07,,,,
395,NCC3005,,Nhẫn cưới,,M.17.5-F.8,,,,
396,NCC3008,,Nhẫn cưới,,M.20-F.10,,,,
397,NCC3010,,Nhẫn cưới,,M.12-F.09,,,,
398,NCC3011,,Nhẫn cưới,,M.18-F.10,,,,
399,NCC3013,,Nhẫn cưới,,M.15-F.10,,,,
400,NCC3026,,Nhẫn cưới,,M.16-F.08,,,,
401,NCC3030,Love Life,Nhẫn cưới,,M.18-F.11.5,,,,
402,NCC5001,,Nhẫn cưới,,M.18-F.11,,,,
403,NCC5002,,Nhẫn cưới,,M.19-F.10,,,,
404,NCC5003,,Nhẫn cưới,,M.16-F.09,,,,
405,NCC5004,,Nhẫn cưới,,M.15-F.10,,,,
406,NCC5005,,Nhẫn cưới,,M.15-F.10,,,,
407,NCC5006,,Nhẫn cưới,,M.17-F.09,,,,
408,NCC5008,,Nhẫn cưới,,M.15-F.08,,,,
409,NCC5009,,Nhẫn cưới,,M.12-F.12,,,,
410,BNC7001,Always You,Nhẫn cưới,,M.13.5-F.11,,,,
411,NCC7002,Perfect Half,Nhẫn cưới,,M.19-F.11,,,,
412,NCC7003,Infinity Us,Nhẫn cưới,,M.19-F.11,,,,
413,NCC7004,In My Heart,Nhẫn cưới,,M.18-F.11.5,,,,
414,BNC7005,Mr & Mrs. Right,Nhẫn cưới,,M.17.5-F.11,,,,
415,BNC7006,All My Life,Nhẫn cưới,,M.18-F.10,,,,
416,BNC7007,Definitely You,Nhẫn cưới,,M.18-F.09,,,,
417,BNC7008,Destiny Hallf,Nhẫn cưới,,M.13.5-F.11,,,,
418,BNC7009,Warmest Embrace,Nhẫn cưới,,M.17-F.10,,,,
419,BNC7010,Tender Love,Nhẫn cưới,,M.15-F.11,,,,
420,NCC8001,,Nhẫn cưới,,M.16-F.11,,,,
421,NCC8002,,Nhẫn cưới,,M.14-F.07,,,,
422,NCC8003,,Nhẫn cưới,,M.14-F.10,,,,
423,NCC8010,Petal of Happiness,Nhẫn cưới,,M.18-F.11,,,,
424,NCC9003,,Nhẫn cưới,,M.18-F.09,,,,
425,NCC9004,,Nhẫn cưới,,M.18-F.10,,,,
426,NCC9006,,Nhẫn cưới,,M.19-F.09,,,,
427,NCC9007,,Nhẫn cưới,,M.15-F.09,,,,
428,NCC9009,,Nhẫn cưới,,M.15-F.10,,,,
429,NCC9010,,Nhẫn cưới,,M.15-F.09,,,,
430,NCC9011,Petal of Happiness,Nhẫn cưới,,M.18-F.12,,,,
431,NCF0001,,Nhẫn cưới nữ,,8.5,,,,
432,NCF0002,,Nhẫn cưới nữ,,8,,,,
433,NCF0004,,Nhẫn cưới nữ,,11.5,,,,
434,NCF0005,,Nhẫn cưới nữ,,11,,,,
435,NCF0006,,Nhẫn cưới nữ,,9,,,,
436,NCF0007,,Nhẫn cưới nữ,,15,,,,
437,NCF0009,,Nhẫn cưới nữ,,9,,,,
438,NCF0010,,Nhẫn cưới nữ,,9,,,,
439,NCF0011,,Nhẫn cưới nữ,,10,,,,
440,NCF0012,,Nhẫn cưới nữ,,5,,,,
441,NCF0013,,Nhẫn cưới nữ,,11,,,,
442,NCF0016,,Nhẫn cưới nữ,,10,,,,
443,NCF0017,,Nhẫn cưới nữ,,11,,,,
444,NCF0018,,Nhẫn cưới nữ,,11,,,,
445,NCF0022,,Nhẫn cưới nữ,,11,,,,
446,NCF0024,,Nhẫn cưới nữ,,11,,,,
447,NCF0027,,Nhẫn cưới nữ,,10,,,,
448,NCF0029,Twisted Love,Nhẫn cưới nữ,,9,,,,
449,NCF0036,,Nhẫn cưới nữ,,12,,,,
450,NCF0040,,Nhẫn cưới nữ,,12,,,,
451,NCF0041,,Nhẫn cưới nữ,,11,,,,
452,NCF0042,Petal of Joy 1,Nhẫn cưới nữ,,12,,,,
453,NCF0043,Petal of Joy 2,Nhẫn cưới nữ,,12,,,,
454,NCF0044,Petal of Love 2,Nhẫn cưới nữ,,11,,,,
455,NCF0045,Petal of Love 1,Nhẫn cưới nữ,,11,,,,
456,NCF0046,Petal of Happyness 3,Nhẫn cưới nữ,,11,,,,
457,NCF0101,,Nhẫn thời trang,,10,,,,
458,NCF0102,,Nhẫn thời trang,,11,,,,
459,NCF0103,,Nhẫn thời trang,,10,,,,
460,NCF0104,,Nhẫn thời trang,,10,,,,
461,NCF0105,,Nhẫn thời trang,,12,,,,
462,NCF0106,,Nhẫn thời trang,,13,,,,
463,NCF0107,,Nhẫn thời trang,,10,,,,
464,NCF0108,,Nhẫn thời trang,,10,,,,
465,NCF0109,,Nhẫn thời trang,,11,,,,
466,NCF0111,,Nhẫn thời trang,,10,,,,
467,NCF0114,,Nhẫn thời trang,,10,,,,
468,NCF0117,,Nhẫn thời trang,,10,,,,
469,NCF0118,,Nhẫn thời trang,,12,,,,
470,NCF0119,,Nhẫn thời trang,,10,,,,
471,NCF0120,,Nhẫn thời trang,,12,,,,
472,NCF0121,,Nhẫn thời trang,,10,,,,
473,NCF0122,,Nhẫn thời trang,,10,,,,
474,NCF0124,,Nhẫn thời trang,,10,,,,
475,NCF0125,,Nhẫn thời trang,,10,,,,
476,NCF0126,,Nhẫn thời trang,,10,,,,
477,NCF0127,,Nhẫn thời trang,,10,,,,
478,NCF0128,,Nhẫn thời trang,,10,,,,
479,NCF0129,,Nhẫn thời trang,,10,,,,
480,NCF0131,,Nhẫn thời trang,,10,,,,
481,NCF0132,,Nhẫn thời trang,,10,,,,
482,NCF0133,,Nhẫn thời trang,,10,,,,
483,NCF0134,,Nhẫn thời trang,,10,,,,
484,NCF0135,,Nhẫn thời trang,,10,,,,
485,NCF0136,,Nhẫn thời trang,,10,,,,
486,NCF0138,,Nhẫn thời trang,,10,,,,
487,NCF0139,,Nhẫn thời trang,,10,,,,
488,NCF0140,,Nhẫn thời trang,,15,,,,
489,NCF0141,,Nhẫn thời trang,,11,,,,
490,NCF0142,,Nhẫn thời trang,,11,,,,
491,NCF0143,,Nhẫn thời trang,,11,,,,
492,BCF1012,,Nhẫn cưới nữ,,11,,,,
493,NCF1003,,Nhẫn cưới nữ,,11,,,,
494,BCF1004,,Nhẫn cưới nữ,,11,,,,
495,NCF1005,,Nhẫn cưới nữ,,16.5,,,,
496,BCF1006,,Nhẫn cưới nữ,,10.5,,,,
497,NCF1007,,Nhẫn cưới nữ,,10,,,,
498,NCF1008,,Nhẫn cưới nữ,,9,,,,
499,NCF1009,,Nhẫn cưới nữ,,8,,,,
500,NCF1010,,Nhẫn cưới nữ,,10,,,,
501,NCF1011,,Nhẫn cưới nữ,,10.5,,,,
502,NCF1014,,Nhẫn cưới nữ,,8,,,,
503,NCF1015,,Nhẫn cưới nữ,,8,,,,
504,NCF1016,,Nhẫn cưới nữ,,8,,,,
505,BCF1017,,Nhẫn cưới nữ,,8,,,,
506,NCF1018,,Nhẫn cưới nữ,,9,,,,
507,NCF1019,,Nhẫn cưới nữ,,12,,,,
508,NCF1020,,Nhẫn cưới nữ,,8,,,,
509,NCF1021,,Nhẫn cưới nữ,,8,,,,
510,NCF1022,,Nhẫn cưới nữ,,8,,,,
511,NCF1023,,Nhẫn cưới nữ,,8,,,,
512,BCF1024,,Nhẫn cưới nữ,,10,,,,
513,NCF1025,,Nhẫn cưới nữ,,11,,,,
514,NCF1027,,Nhẫn cưới nữ,,11,,,,
515,NCF1028,,Nhẫn cưới nữ,,11,,,,
516,NCF1036,,Nhẫn cưới nữ,,11,,,,
517,NCF1037,,Nhẫn cưới nữ,,10,,,,
518,NCF1038,,Nhẫn cưới nữ,,10,,,,
519,NCF1039,,Nhẫn cưới nữ,,10,,,,
520,NCF1040,,Nhẫn cưới nữ,,11,,,,
521,NCF1041,,Nhẫn cưới nữ,,9,,,,
522,NCF1042,,Nhẫn cưới nữ,,11,,,,
523,NCF1043,,Nhẫn cưới nữ,,11,,,,
524,NCF1044,,Nhẫn cưới nữ,,11,,,,
525,NCF1046,,Nhẫn cưới nữ,,11,,,,
526,NCF1047,,Nhẫn cưới nữ,,10,,,,
527,NCF1048,,Nhẫn cưới nữ,,10,,,,
528,NCF2001,,Nhẫn cưới nữ,,8,,,,
529,NCF2004,,Nhẫn cưới nữ,,12,,,,
530,NCF2006,,Nhẫn cưới nữ,,10,,,,
531,NCF2008,,Nhẫn cưới nữ,,10,,,,
532,NCF2014,,Nhẫn cưới nữ,,8,,,,
533,NCF2016,,Nhẫn cưới nữ,,10,,,,
534,NCF2021,,Nhẫn cưới nữ,,10,,,,
535,NCF2024,,Nhẫn cưới nữ,,10,,,,
536,NCF2028,,Nhẫn cưới nữ,,10,,,,
537,NCF2030,,Nhẫn cưới nữ,,10,,,,
538,NCF2032,,Nhẫn cưới nữ,,10,,,,
539,NCF2037,,Nhẫn cưới nữ,,9,,,,
540,NCF2042,,Nhẫn cưới nữ,,8,,,,
541,NCF2043,,Nhẫn cưới nữ,,10,,,,
542,NCF2047,,Nhẫn cưới nữ,,10,,,,
543,NCF2049,,Nhẫn cưới nữ,,10,,,,
544,NCF2054,,Nhẫn cưới nữ,,10,,,,
545,NCF2055,,Nhẫn cưới nữ,,11,,,,
546,NCF2058,,Nhẫn cưới nữ,,11.5,,,,
547,NCF2059,,Nhẫn cưới nữ,,11,,,,
548,NCF2065,,Nhẫn cưới nữ,,10,,,,
549,NCF2071,,Nhẫn cưới nữ,,10,,,,
550,NCF2079,Petal of Joy 3,Nhẫn cưới nữ,,12,,,,
551,NCF2081,Petal of Happyness 2,Nhẫn cưới nữ,,11,,,,
552,NCF2090,,Nhẫn cưới nữ,,11,,,,
553,NCF2091,,Nhẫn cưới nữ,,11,,,,
554,NCF2092,,Nhẫn cưới nữ,,11,,,,
555,NCF2093,,Nhẫn cưới nữ,,8.5,,,,
556,NCF3002,,Nhẫn cưới nữ,,7,,,,
557,NCF3005,,Nhẫn cưới nữ,,8,,,,
558,NCF3006,,Nhẫn cưới nữ,,9,,,,
559,NCF3008,,Nhẫn cưới nữ,,10,,,,
560,NCF3010,,Nhẫn cưới nữ,,9,,,,
561,NCF3011,,Nhẫn cưới nữ,,10,,,,
562,NCF3013,,Nhẫn cưới nữ,,10,,,,
563,NCF3026,,Nhẫn cưới nữ,,8,,,,
564,NCF3030,Love Life,Nhẫn cưới nữ,,11,,,,
565,NCF5001,,Nhẫn cưới nữ,,11,,,,
566,NCF5002,,Nhẫn cưới nữ,,10,,,,
567,NCF5003,,Nhẫn cưới nữ,,9,,,,
568,NCF5004,,Nhẫn cưới nữ,,10,,,,
569,NCF5005,,Nhẫn cưới nữ,,10,,,,
570,NCF5006,,Nhẫn cưới nữ,,9,,,,
571,NCF5008,,Nhẫn cưới nữ,,8,,,,
572,NCF5009,,Nhẫn cưới nữ,,12,,,,
573,BCF7001,Always You,Nhẫn cưới nữ,,11,,,,
574,NCF7002,Perfect Half,Nhẫn cưới nữ,,11,,,,
575,NCF7003,Infinity Us,Nhẫn cưới nữ,,11,,,,
576,NCF7004,In My Heart,Nhẫn cưới nữ,,11.5,,,,
577,BCF7005,Mr. & Mrs.Right,Nhẫn cưới nữ,,11,,,,
578,BCF7006,All My Life,Nhẫn cưới nữ,,10,,,,
579,BCF7007,Definitely You,Nhẫn cưới nữ,,9,,,,
580,BCF7008,Destiny Half,Nhẫn cưới nữ,,11,,,,
581,BCF7009,Warmest Embrace,Nhẫn cưới nữ,,10,,,,
582,BCF7010,Tender Love,Nhẫn cưới nữ,,11,,,,
583,NCF8001,,Nhẫn cưới nữ,,11,,,,
584,NCF8002,,Nhẫn cưới nữ,,7,,,,
585,NCF8003,,Nhẫn cưới nữ,,10,,,,
586,NCF8010,Petal of Happyness 1,Nhẫn cưới nữ,,11,,,,
587,NCF9003,,Nhẫn cưới nữ,,9,,,,
588,NCF9004,,Nhẫn cưới nữ,,10,,,,
589,NCF9006,,Nhẫn cưới nữ,,9,,,,
590,NCF9007,,Nhẫn cưới nữ,,9,,,,
591,NCF9009,,Nhẫn cưới nữ,,10,,,,
592,NCF9010,,Nhẫn cưới nữ,,9,,,,
593,NCF9011,Petal of Happyness 4,Nhẫn cưới nữ,,12,,,,
594,NCH0001,,Nhẫn cầu hôn,,12,,,,
595,NCH0037,Love Of Swan,Nhẫn cầu hôn,,11,,,,
596,NCH1003,Water Lily,Nhẫn cầu hôn,,11,,,,
597,NCH1004,Love Shine,Nhẫn cầu hôn,,12,,,,
598,NCH1005,Primrose Flower,Nhẫn cầu hôn,,12,,,,
599,NCH1007,Double Heart,Nhẫn cầu hôn,,12,,,,
600,NCH1010,Roselle Hibiscus,Nhẫn cầu hôn,,10,,,,
601,NCH1014,Little Love,Nhẫn cầu hôn,,13,,,,
602,NCH1015,Paris,Nhẫn cầu hôn,,8,,,,
603,NCH1017,My Day Dreams,Nhẫn cầu hôn,,12,,,,
604,NCH1018,Fulfill Love,Nhẫn cầu hôn,,11,,,,
605,NCH1019,Forever,Nhẫn cầu hôn,,11,,,,
606,NCH1020,Ever After,Nhẫn cầu hôn,,12,,,,
607,NCH1021,Always You,Nhẫn cầu hôn,,10,,,,
608,NCH1022,Aphrodite's Blessing,Nhẫn cầu hôn,,10,,,,
609,NCH1023,Mantilla Veil,Nhẫn cầu hôn,,11,,,,
610,NCH1024,Whisper Chiffon,Nhẫn cầu hôn,,11,,,,
611,NCH1025,Butterfly Cathedral,Nhẫn cầu hôn,,10,,,,
612,NCH1028,Lavish Veil,Nhẫn cầu hôn,,11,,,,
613,BCH1101,Always You,Nhẫn cầu hôn,,11,,,,
614,BCH1102,,Nhẫn cầu hôn,,11,,,,
615,BCH1103,My Amour,Nhẫn cầu hôn,,11,,,,
616,NCH1104,Elegant Shape,Nhẫn cầu hôn,,12,,,,
617,NCH1105,,Nhẫn cầu hôn,,11,,,,
618,NCH1202,Shining Light,Nhẫn cầu hôn,,10,,,,
619,NCH1203,Modest Love,Nhẫn cầu hôn,,11,,,,
620,NCH1204,True Beauty,Nhẫn cầu hôn,,11,,,,
621,NCH1206,Flaming Lines,Nhẫn cầu hôn,,11,,,,
622,NCH1301,,Nhẫn cầu hôn,,9,,,,
623,NCH1302,,Nhẫn cầu hôn,,10,,,,
624,BCH1303,Lovely Honey,Nhẫn cầu hôn,,9.5,,,,
625,NCH1304,Tiny Lovely,Nhẫn cầu hôn,,10,,,,
626,NCH1305,,Nhẫn cầu hôn,,10,,,,
627,NCH1306,,Nhẫn cầu hôn,,9,,,,
628,NCH1307,,Nhẫn cầu hôn,,10,,,,
629,NCH1309,Princess Cape,Nhẫn cầu hôn,,12,,,,
630,NCH1310,Tiny Bauquet,Nhẫn cầu hôn,,10,,,,
631,NCH1311,It'S You,Nhẫn cầu hôn,,11,,,,
632,NCH1312,My Sunlight,Nhẫn cầu hôn,,10,,,,
633,NCH1313,My Start,Nhẫn cầu hôn,,11,,,,
634,NCH1314,Soulmate,Nhẫn cầu hôn,,11,,,,
635,NCH1315,My Blooming Love,Nhẫn cầu hôn,,10,,,,
636,NCH1317,Tulle Ribbon,Nhẫn cầu hôn,,10,,,,
637,NCH1318,Svelte Waistline,Nhẫn cầu hôn,,11,,,,
638,NCH1319,Organza Princess,Nhẫn cầu hôn,,10,,,,
639,BCH1401,,Nhẫn cầu hôn,,12,,,,
640,BCH1402,Gentle Touch,Nhẫn cầu hôn,,11,,,,
641,NCH1403,,Nhẫn cầu hôn,,12,,,,
642,NCH1404,,Nhẫn cầu hôn,,10,,,,
643,NCH1405,,Nhẫn cầu hôn,,10,,,,
644,NCH1406,,Nhẫn cầu hôn,,10,,,,
645,NCH1407,Trellis Blossoms,Nhẫn cầu hôn,,10,,,,
646,NCH1408,,Nhẫn cầu hôn,,10,,,,
647,NCH1409,The Only,Nhẫn cầu hôn,,11,,,,
648,NCH1410,,Nhẫn cầu hôn,,14,,,,
649,NCH1411,Ladonna,Nhẫn cầu hôn,,11,,,,
650,NCH1412,Adelaide,Nhẫn cầu hôn,,12,,,,
651,NCH1413,Zoey,Nhẫn cầu hôn,,11,,,,
652,NCH1414,Cella,Nhẫn cầu hôn,,10,,,,
653,NCH1415,Adela,Nhẫn cầu hôn,,10,,,,
654,NCH1416,Phoebe,Nhẫn cầu hôn,,10,,,,
655,NCH1417,Keelin,Nhẫn cầu hôn,,11,,,,
656,NCH1417 6.3mm,Keelin,Nhẫn cầu hôn,,10,,,,
657,NCH1418,My Joy,Nhẫn cầu hôn,,11,,,,
658,NCH1419,Promise You,Nhẫn cầu hôn,,13,,,,
659,NCH1419 6.3mm,Promise You,Nhẫn cầu hôn,,10,,,,
660,NCH1420,Be Your,Nhẫn cầu hôn,,12,,,,
661,NCH1421,By Yourside,Nhẫn cầu hôn,,10,,,,
662,NCH1422,Fairy Veil,Nhẫn cầu hôn,,11,,,,
663,NCH1423,Angel Wings,Nhẫn cầu hôn,,10,,,,
664,NCH1424,Blissie Wish,Nhẫn cầu hôn,,10,,,,
665,NCH1425,Luna Ray,Nhẫn cầu hôn,,10,,,,
666,NCH1426,Fairy Gown,Nhẫn cầu hôn,,11,,,,
667,NCH1427,Heart Petal,Nhẫn cầu hôn,,11,,,,
668,BCH1501,Sweety,Nhẫn cầu hôn,,12,,,,
669,NCH1502,Little Pretty,Nhẫn cầu hôn,,11,,,,
670,BCH1503,Loving,Nhẫn cầu hôn,,10,,,,
671,NCH1504,,Nhẫn cầu hôn,,11,,,,
672,NCH1505,,Nhẫn cầu hôn,,13,,,,
673,NCH1506,,Nhẫn cầu hôn,,10,,,,
674,NCH1507,,Nhẫn cầu hôn,,11,,,,
675,NCH1508,,Nhẫn cầu hôn,,10,,,,
676,NCH1510,,Nhẫn cầu hôn,,11,,,,
677,NCH1512,,Nhẫn cầu hôn,,11,,,,
678,NCH1513,Pretty Flora,Nhẫn cầu hôn,,12,,,,
679,NCH1514,,Nhẫn cầu hôn,,10,,,,
680,NCH1515,,Nhẫn cầu hôn,,10,,,,
681,BCH1601,,Nhẫn cầu hôn,,11,,,,
682,BCH1602,,Nhẫn cầu hôn,,12,,,,
683,NCH1602 6.3mm,,Nhẫn cầu hôn,,10,,,,
684,NCH1603,,Nhẫn cầu hôn,,12,,,,
685,NCH1604,,Nhẫn cầu hôn,,11,,,,
686,NCH1605,,Nhẫn cầu hôn,,11,,,,
687,NCH1606,,Nhẫn cầu hôn,,11,,,,
688,NCH1607,,Nhẫn cầu hôn,,11,,,,
689,NCH1609,,Nhẫn cầu hôn,,11,,,,
690,NCH1610,,Nhẫn cầu hôn,,11,,,,
691,NCH1612,Princess Bowtie,Nhẫn cầu hôn,,12,,,,
692,NCH1613,Morri - Morri,Nhẫn cầu hôn,,11,,,,
693,NCH1616,Belle Ame,Nhẫn cầu hôn,,11,,,,
694,NCH1617,My Destiny,Nhẫn cầu hôn,,10,,,,
695,NCH1618,Heaven Bird,Nhẫn cầu hôn,,11,,,,
696,NCH1701,Twinkle Strap,Nhẫn cầu hôn,,12,,,,
697,NCH1702,,Nhẫn cầu hôn,,11,,,,
698,NCH1703,,Nhẫn cầu hôn,,11,,,,
699,NCH1704,,Nhẫn cầu hôn,,12,,,,
700,NCH1705,,Nhẫn cầu hôn,,11,,,,
701,NCH1706,,Nhẫn cầu hôn,,10,,,,
702,NCH1709,Tiny Tierra,Nhẫn cầu hôn,,11,,,,
703,NCH1711,Vintage Ribbon,Nhẫn cầu hôn,,12,,,,
704,NCH1718,Mira - Mira,Nhẫn cầu hôn,,11,,,,
705,NCH1719,Freya,Nhẫn cầu hôn,,10,,,,
706,NCH1720,Veronica,Nhẫn cầu hôn,,10,,,,
707,NCH1721,Adrianne,Nhẫn cầu hôn,,10,,,,
708,NCH1722,Cheryl,Nhẫn cầu hôn,,10,,,,
709,NCH1723,Olivia,Nhẫn cầu hôn,,12,,,,
710,NCH1724,Harmony,Nhẫn cầu hôn,,12,,,,
711,NCH1801,,Nhẫn cầu hôn,,12,,,,
712,NCH1802,,Nhẫn cầu hôn,,13,,,,
713,NCH1803,,Nhẫn cầu hôn,,13,,,,
714,NCH1804,,Nhẫn cầu hôn,,11,,,,
715,NCH1805,,Nhẫn cầu hôn,,10,,,,
716,NCH1807,,Nhẫn cầu hôn,,11,,,,
717,NCH1808,,Nhẫn cầu hôn,,11,,,,
718,NCH1810,,Nhẫn cầu hôn,,10,,,,
719,NCH1812,Tie The Knot,Nhẫn cầu hôn,,12,,,,
720,NCH1901,Morning Glory,Nhẫn cầu hôn,,10,,,,
721,NCH1902,White Orchid,Nhẫn cầu hôn,,11,,,,
722,NCH1903,Katherine,Nhẫn cầu hôn,,11,,,,
723,NCH1905,Summer Lotus,Nhẫn cầu hôn,,11,,,,
724,NCH1906,Pansy,Nhẫn cầu hôn,,11,,,,
725,NCH1907,Lily,Nhẫn cầu hôn,,10,,,,
726,NCH1908,Green Cloud,Nhẫn cầu hôn,,12,,,,
727,NCH1909,Moonlynn,Nhẫn cầu hôn,,11,,,,
728,NCH2001,,Nhẫn cầu hôn,,11,,,,
729,NCH2002,,Nhẫn cầu hôn,,10,,,,
730,NCH2003,,Nhẫn cầu hôn,,11,,,,
731,NCH2004,Summer Bloom,Nhẫn cầu hôn,,11,,,,
732,NCH2005,,Nhẫn cầu hôn,,11,,,,
733,NCH2006,Halo Sparkling,Nhẫn cầu hôn,,11,,,,
734,NCH2007,,Nhẫn cầu hôn,,12,,,,
735,NCH2007 6.3mm,,Nhẫn cầu hôn,,11,,,,
736,NCH2008,,Nhẫn cầu hôn,,11,,,,
737,NCH2009,,Nhẫn cầu hôn,,12,,,,
738,NCH2011,,Nhẫn cầu hôn,,11,,,,
739,NCH2101,,Nhẫn cầu hôn,,12,,,,
740,NCH2102,,Nhẫn cầu hôn,,13,,,,
741,NCH2103,,Nhẫn cầu hôn,,11,,,,
742,NCH2104,,Nhẫn cầu hôn,,8,,,,
743,NCH2105,,Nhẫn cầu hôn,,11,,,,
744,NCH2106,,Nhẫn cầu hôn,,11,,,,
745,NCH2201,,Nhẫn cầu hôn,,10,,,,
746,NCH2202,,Nhẫn cầu hôn,,13,,,,
747,NCH2204,,Nhẫn cầu hôn,,10,,,,
748,NCH2205,,Nhẫn cầu hôn,,11,,,,
749,NCH2206,,Nhẫn cầu hôn,,11,,,,
750,NCH2402,,Nhẫn cầu hôn,,11,,,,
751,NCH2404,,Nhẫn cầu hôn,,10,,,,
752,NCH2407,Dear Darling,Nhẫn cầu hôn,,11,,,,
753,NCH3001,,Nhẫn cầu hôn,,12,,,,
754,NCH3004,Stella,Nhẫn cầu hôn,,10,,,,
755,NCH3101,,Nhẫn cầu hôn,,12,,,,
756,NCH3102,,Nhẫn cầu hôn,,11,,,,
757,NCH3104,,Nhẫn cầu hôn,,10,,,,
758,NCH3105,,Nhẫn cầu hôn,,10,,,,
759,NCH3201,,Nhẫn cầu hôn,,11,,,,
760,NCH3202,,Nhẫn cầu hôn,,11,,,,
761,NCH3203,,Nhẫn cầu hôn,,11,,,,
762,NCH3204,,Nhẫn cầu hôn,,11,,,,
763,NCH3205,,Nhẫn cầu hôn,,13,,,,
764,NCH3207,Heart Vibe,Nhẫn cầu hôn,,14,,,,
765,NCH3208,Dulcie,Nhẫn cầu hôn,,10,,,,
766,NCH3302,,Nhẫn cầu hôn,,12,,,,
767,NCH5301,Delicate Petal,Nhẫn cầu hôn,,11,,,,
768,NCH5302,Mermaid'S Shell,Nhẫn cầu hôn,,10,,,,
769,NCH5303,Sparkle Fin,Nhẫn cầu hôn,,10,,,,
770,NCH5401,White Pappilon,Nhẫn cầu hôn,,11,,,,
771,NCH5402,Diana Gown,Nhẫn cầu hôn,,11,,,,
772,NCH5404,Satin Cape,Nhẫn cầu hôn,,11,,,,
773,NCH5405,Enchanted Tulip,Nhẫn cầu hôn,,11,,,,
774,NCH5406,Princess Brooch,Nhẫn cầu hôn,,10,,,,
775,BCH7101,Bubble Kiss,Nhẫn cầu hôn,,11,,,,
776,BCH7102,Cloudy Kiss,Nhẫn cầu hôn,,11,,,,
777,BCH7103,Butterfly Kiss,Nhẫn cầu hôn,,11,,,,
778,BCH7104,Moon Kiss,Nhẫn cầu hôn,,11,,,,
779,BCH7105,Sun Kiss,Nhẫn cầu hôn,,11.5,,,,
780,BCH7106,Sweet Kiss,Nhẫn cầu hôn,,11.5,,,,
781,BCH7107,Rainbow Kiss,Nhẫn cầu hôn,,11,,,,
782,BCH7108,Candy Kiss,Nhẫn cầu hôn,,10,,,,
783,BCH7109,Veil Kiss,Nhẫn cầu hôn,,11,,,,
784,BCH7110,Lovely Kiss,Nhẫn cầu hôn,,10,,,,
785,BCH7111,Retro Kiss,Nhẫn cầu hôn,,11,,,,
786,BCH7112,Ribbon Kiss,Nhẫn cầu hôn,,10,,,,
787,BCH8101,,Nhẫn cầu hôn,,11,,,,
788,NCH8102,,Nhẫn cầu hôn,,10,,,,
789,NCH8108,Birdcage Blusher,Nhẫn cầu hôn,,11,,,,
790,NCH8201,,Nhẫn cầu hôn,,9,,,,
791,NCH8202,,Nhẫn cầu hôn,,8,,,,
792,NCH8203,,Nhẫn cầu hôn,,8,,,,
793,NCH8209,,Nhẫn cầu hôn,,10,,,,
794,NCH8301,,Nhẫn cầu hôn,,10,,,,
795,NCH8401,,Nhẫn cầu hôn,,9,,,,
796,NCH8402,,Nhẫn cầu hôn,,12,,,,
797,NCH8403,Heart Of Princess,Nhẫn cầu hôn,,11,,,,
798,NCH8405,,Nhẫn cầu hôn,,13,,,,
799,NCH8406,,Nhẫn cầu hôn,,9,,,,
800,NCH8407,,Nhẫn cầu hôn,,17,,,,
801,NCH8408,Chloe,Nhẫn cầu hôn,,10,,,,
802,NCH8409,Lovey Dovey,Nhẫn cầu hôn,,11,,,,
803,NCH8410,Rosalie Kiss,Nhẫn cầu hôn,,10,,,,
804,NCH8411,Goddess Heart,Nhẫn cầu hôn,,11,,,,
805,NCH8413,Sweet Pea,Nhẫn cầu hôn,,11,,,,
806,NCH8414,Yours Forever,Nhẫn cầu hôn,,10,,,,
807,NCH8415,Satin Plait,Nhẫn cầu hôn,,10,,,,
808,NCH8416,Radiant Chapel,Nhẫn cầu hôn,,12,,,,
809,NCH8417,Coguette Blusher,Nhẫn cầu hôn,,10,,,,
810,NCH8501,,Nhẫn cầu hôn,,11,,,,
811,NCH9903,,Nhẫn cầu hôn,,12,,,,
812,NCH9904,,Nhẫn cầu hôn,,11,,,,
813,NCH9909,,Nhẫn cầu hôn,,11,,,,
814,NCH9910,,Nhẫn cầu hôn,,11,,,,
815,NCH9911,,Nhẫn cầu hôn,,11,,,,
816,NCH9913,,Nhẫn cầu hôn,,10,,,,
817,NCH9920,Adore You,Nhẫn cầu hôn,,11,,,,
818,NCH9921,Be Mine,Nhẫn cầu hôn,,11,,,,
819,NCH9922,Little Lotus,Nhẫn cầu hôn,,13,,,,
820,NCM0001,,Nhẫn cưới nam,,18,,,,
821,NCM0002,,Nhẫn cưới nam,,15,,,,
822,NCM0005,,Nhẫn cưới nam,,16,,,,
823,NCM0006,,Nhẫn cưới nam,,15,,,,
824,NCM0007,,Nhẫn cưới nam,,15,,,,
825,NCM0010,,Nhẫn cưới nam,,15,,,,
826,NCM0011,,Nhẫn cưới nam,,19,,,,
827,NCM0012,,Nhẫn cưới nam,,10,,,,
828,NCM0013,,Nhẫn cưới nam,,16.5,,,,
829,NCM0016,,Nhẫn cưới nam,,15,,,,
830,NCM0017,,Nhẫn cưới nam,,18,,,,
831,NCM0018,,Nhẫn cưới nam,,16,,,,
832,NCM0022,,Nhẫn cưới nam,,16,,,,
833,NCM0024,,Nhẫn cưới nam,,17,,,,
834,NCM0027,,Nhẫn cưới nam,,13,,,,
835,NCM0029,Twisted Love,Nhẫn cưới nam,,15,,,,
836,NCM0036,,Nhẫn cưới nam,,19.5,,,,
837,NCM0040,,Nhẫn cưới nam,,19,,,,
838,NCM0041,,Nhẫn cưới nam,,16,,,,
839,NCM0042,Petal of Joy 1,Nhẫn cưới nam,,18.5,,,,
840,NCM0043,Petal of Joy 2,Nhẫn cưới nam,,18,,,,
841,NCM0044,Petal of Love 2,Nhẫn cưới nam,,18,,,,
842,NCM0045,Petal of Love 1,Nhẫn cưới nam,,18,,,,
843,NCM0046,Petal of Happyness 3,Nhẫn cưới nam,,18,,,,
844,BCM1012,,Nhẫn cưới nam,,19,,,,
845,NCM1003,,Nhẫn cưới nam,,20,,,,
846,BCM1004,,Nhẫn cưới nam,,21,,,,
847,NCM1005,,Nhẫn cưới nam,,18.5,,,,
848,BCM1006,,Nhẫn cưới nam,,19,,,,
849,NCM1007,,Nhẫn cưới nam,,20,,,,
850,NCM1008,,Nhẫn cưới nam,,15,,,,
851,NCM1009,,Nhẫn cưới nam,,16,,,,
852,NCM1010,,Nhẫn cưới nam,,14,,,,
853,NCM1011,,Nhẫn cưới nam,,22,,,,
854,NCM1014,,Nhẫn cưới nam,,17,,,,
855,NCM1015,,Nhẫn cưới nam,,17,,,,
856,NCM1016,,Nhẫn cưới nam,,17,,,,
857,BCM1017,,Nhẫn cưới nam,,17,,,,
858,NCM1018,,Nhẫn cưới nam,,16,,,,
859,NCM1019,,Nhẫn cưới nam,,22,,,,
860,NCM1020,,Nhẫn cưới nam,,17,,,,
861,NCM1021,,Nhẫn cưới nam,,16,,,,
862,NCM1022,,Nhẫn cưới nam,,16,,,,
863,NCM1023,,Nhẫn cưới nam,,18,,,,
864,BCM1024,,Nhẫn cưới nam,,17,,,,
865,NCM1025,,Nhẫn cưới nam,,17,,,,
866,NCM1027,,Nhẫn cưới nam,,16,,,,
867,NCM1028,,Nhẫn cưới nam,,17,,,,
868,NCM1036,,Nhẫn cưới nam,,18.5,,,,
869,NCM1037,,Nhẫn cưới nam,,18,,,,
870,NCM1038,,Nhẫn cưới nam,,15,,,,
871,NCM1039,,Nhẫn cưới nam,,14,,,,
872,NCM1040,,Nhẫn cưới nam,,14,,,,
873,NCM1041,,Nhẫn cưới nam,,13,,,,
874,NCM1042,,Nhẫn cưới nam,,16,,,,
875,NCM1043,,Nhẫn cưới nam,,19,,,,
876,NCM1044,,Nhẫn cưới nam,,19,,,,
877,NCM1046,,Nhẫn cưới nam,,19,,,,
878,NCM1047,,Nhẫn cưới nam,,19,,,,
879,NCM1048,,Nhẫn cưới nam,,19,,,,
880,NCM2001,,Nhẫn cưới nam,,16,,,,
881,NCM2004,,Nhẫn cưới nam,,24,,,,
882,NCM2006,,Nhẫn cưới nam,,20,,,,
883,NCM2008,,Nhẫn cưới nam,,16,,,,
884,NCM2014,,Nhẫn cưới nam,,18,,,,
885,NCM2016,,Nhẫn cưới nam,,20,,,,
886,NCM2021,,Nhẫn cưới nam,,20,,,,
887,NCM2024,,Nhẫn cưới nam,,20,,,,
888,NCM2028,,Nhẫn cưới nam,,15,,,,
889,NCM2030,,Nhẫn cưới nam,,16,,,,
890,NCM2032,,Nhẫn cưới nam,,18,,,,
891,NCM2037,,Nhẫn cưới nam,,15,,,,
892,NCM2042,,Nhẫn cưới nam,,14,,,,
893,NCM2043,,Nhẫn cưới nam,,18,,,,
894,NCM2047,,Nhẫn cưới nam,,14,,,,
895,NCM2049,,Nhẫn cưới nam,,15,,,,
896,NCM2054,,Nhẫn cưới nam,,15,,,,
897,NCM2055,,Nhẫn cưới nam,,16,,,,
898,NCM2058,,Nhẫn cưới nam,,14,,,,
899,NCM2059,,Nhẫn cưới nam,,17,,,,
900,NCM2065,,Nhẫn cưới nam,,15,,,,
901,NCM2071,Our Day,Nhẫn cưới nam,,15,,,,
902,NCM2079,Petal of Joy 3,Nhẫn cưới nam,,18,,,,
903,NCM2081,Petal of Happyness 2,Nhẫn cưới nam,,18,,,,
904,NCM2090,,Nhẫn cưới nam,,15,,,,
905,NCM2091,,Nhẫn cưới nam,,19,,,,
906,NCM2092,,Nhẫn cưới nam,,19,,,,
907,NCM2093,,Nhẫn cưới nam,,18.5,,,,
908,NCM3002,,Nhẫn cưới nam,,25,,,,
909,NCM3005,,Nhẫn cưới nam,,17.5,,,,
910,NCM3008,,Nhẫn cưới nam,,20,,,,
911,NCM3010,,Nhẫn cưới nam,,12,,,,
912,NCM3011,,Nhẫn cưới nam,,18,,,,
913,NCM3013,,Nhẫn cưới nam,,15,,,,
914,NCM3026,,Nhẫn cưới nam,,16,,,,
915,NCM3030,Love Liife,Nhẫn cưới nam,,18,,,,
916,NCM5001,,Nhẫn cưới nam,,18,,,,
917,NCM5002,,Nhẫn cưới nam,,19,,,,
918,NCM5003,,Nhẫn cưới nam,,16,,,,
919,NCM5004,,Nhẫn cưới nam,,15,,,,
920,NCM5005,,Nhẫn cưới nam,,15,,,,
921,NCM5006,,Nhẫn cưới nam,,17,,,,
922,NCM5008,,Nhẫn cưới nam,,15,,,,
923,NCM5009,,Nhẫn cưới nam,,12,,,,
924,BCM7001,Always You,Nhẫn cưới nam,,13.5,,,,
925,NCM7002,Perfect Half,Nhẫn cưới nam,,19,,,,
926,NCM7003,Infinite Us,Nhẫn cưới nam,,19,,,,
927,NCM7004,In My Heart,Nhẫn cưới nam,,18,,,,
928,BCM7005,Mr & Mrs. Right,Nhẫn cưới nam,,17.5,,,,
929,BCM7006,All My Life,Nhẫn cưới nam,,18,,,,
930,BCM7007,Definitely You,Nhẫn cưới nam,,18,,,,
931,BCM7008,Destiny Hallf,Nhẫn cưới nam,,13.5,,,,
932,BCM7009,Warmest Embrace,Nhẫn cưới nam,,17,,,,
933,BCM7010,Tender Love,Nhẫn cưới nam,,15,,,,
934,NCM8003,,Nhẫn cưới nam,,14,,,,
935,NCM8010,Petal of Happyness 1,Nhẫn cưới nam,,18,,,,
936,NCM9003,,Nhẫn cưới nam,,18,,,,
937,NCM9004,,Nhẫn cưới nam,,18,,,,
938,NCM9006,,Nhẫn cưới nam,,19,,,,
939,NCM9007,,Nhẫn cưới nam,,15,,,,
940,NCM9009,,Nhẫn cưới nam,,15,,,,
941,NCM9010,,Nhẫn cưới nam,,15,,,,
942,NCM9011,Petal of Happyness 4,Nhẫn cưới nam,,18,,,,
943,NCC0003,,Nhẫn cưới,,M.18-F.7.5,,,,
944,NCC0004,,Nhẫn cưới,,M.15-F.11.5,,,,
945,NCC0008,,Nhẫn cưới,,M.15-F.8.5,,,,
946,NCC0009,,Nhẫn cưới,,M.15-F.8.5,,,,
947,NCC1012,,Nhẫn cưới,,M.17-F.10,,,,
948,NCC1013,,Nhẫn cưới,,M.15-F.10,,,,
949,NCC1033,,Nhẫn cưới,,M.15-F.8.5,,,,
950,NCC2002,,Nhẫn cưới,,M.12-F.07,,,,
951,NCC2003,,Nhẫn cưới,,M.18-F.11,,,,
952,NCC2005,,Nhẫn cưới,,M.18-F.12,,,,
953,NCC2007,,Nhẫn cưới,,M.18-F.11,,,,
954,NCC2009,,Nhẫn cưới,,M.16-F.09,,,,
955,NCC2010,,Nhẫn cưới,,M.15-F.8.5,,,,
956,NCC2011,,Nhẫn cưới,,M.15-F.8.5,,,,
957,NCC2012,,Nhẫn cưới,,M.17-F.11,,,,
958,NCC2013,,Nhẫn cưới,,M.18-F.10,,,,
959,NCC2015,,Nhẫn cưới,,M.15-F.8.5,,,,
960,NCC2017,,Nhẫn cưới,,M.20-F.10,,,,
961,NCC2018,,Nhẫn cưới,,M.16-F.08,,,,
962,NCC2019,,Nhẫn cưới,,M.20-F.10,,,,
963,NCC2020,,Nhẫn cưới,,M.20-F.10,,,,
964,NCC2022,,Nhẫn cưới,,M.20-F.10,,,,
965,NCC2023,,Nhẫn cưới,,M.20-F.10,,,,
966,NCC2025,,Nhẫn cưới,,M.14-F.06,,,,
967,NCC2026,,Nhẫn cưới,,M.21-F.10,,,,
968,NCC2027,,Nhẫn cưới,,M.18-F.10,,,,
969,NCC2029,,Nhẫn cưới,,M.16-F.08,,,,
970,NCC2031,,Nhẫn cưới,,M.16-F.11,,,,
971,NCC2033,,Nhẫn cưới,,M.15-F.09,,,,
972,NCC2034,,Nhẫn cưới,,M.17-F.14,,,,
973,NCC2035,,Nhẫn cưới,,M.15.5-F.7.5,,,,
974,NCC2036,,Nhẫn cưới,,M.18-F.14,,,,
975,NCC2038,,Nhẫn cưới,,M.15-F.09,,,,
976,NCC2040,,Nhẫn cưới,,M.15-F.08,,,,
977,NCC2041,,Nhẫn cưới,,M.15-F.8.5,,,,
978,NCC2044,,Nhẫn cưới,,M.15-F.10,,,,
979,NCC2045,,Nhẫn cưới,,M.15-F.10,,,,
980,NCC2048,,Nhẫn cưới,,M.15-F.10,,,,
981,NCC2053,,Nhẫn cưới,,M.17-F.12,,,,
982,NCC2061,,Nhẫn cưới,,M.17-F.11,,,,
983,NCC2062,,Nhẫn cưới,,M.17-F.11,,,,
984,NCC2066,Star Light,Nhẫn cưới,,M.20-F.12,,,,
985,NCC2070,Our Day,Nhẫn cưới,,M.20-F.13,,,,
986,NCC2080,Petal of Joy,Nhẫn cưới,,M.18-F.12,,,,
987,NCC3001,,Nhẫn cưới,,,,,,
988,NCC3003,,Nhẫn cưới,,M.17-F.11,,,,
989,NCC3004,,Nhẫn cưới,,M.15-F.09,,,,
990,NCC3006,,Nhẫn cưới,,M.15.5-F.8.5,,,,
991,NCC3007,,Nhẫn cưới,,M.19-F.10,,,,
992,NCC3009,,Nhẫn cưới,,M.15.5-F.8.5,,,,
993,NCC3012,,Nhẫn cưới,,M.15-F.8.5,,,,
994,NCC3015,,Nhẫn cưới,,M.17-F.11,,,,
995,NCC3024,Love'Em,Nhẫn cưới,,M.15-F.12,,,,
996,NCC5007,,Nhẫn cưới,,M.18-F.10,,,,
997,NCC9001,,Nhẫn cưới,,M.16-F.09,,,,
998,NCC9002,,Nhẫn cưới,,M.20-F.10,,,,
999,NCC9005,,Nhẫn cưới,,M.17-F.11,,,,
1000,NCF0003,,Nhẫn cưới nữ,,8.5,,,,
1001,NFS0004,,Nhẫn cưới nữ,,11.5,,,,
1002,NCF0008,,Nhẫn cưới nữ,,8.5,,,,
1003,NFS0009,,Nhẫn cưới nữ,,8.5,,,,
1004,NCF1012,,Nhẫn cưới nữ,,10,,,,
1005,NCF1013,,Nhẫn cưới nữ,,10,,,,
1006,NCF1033,,Nhẫn cưới nữ,,8.5,,,,
1007,NCF2002,,Nhẫn cưới nữ,,7,,,,
1008,NCF2003,,Nhẫn cưới nữ,,11,,,,
1009,NCF2005,,Nhẫn cưới nữ,,12,,,,
1010,NCF2007,,Nhẫn cưới nữ,,11,,,,
1011,NCF2009,,Nhẫn cưới nữ,,9,,,,
1012,NCF2010,,Nhẫn cưới nữ,,8.5,,,,
1013,NCF2011,,Nhẫn cưới nữ,,8.5,,,,
1014,NCF2012,,Nhẫn cưới nữ,,11,,,,
1015,NCF2013,,Nhẫn cưới nữ,,10,,,,
1016,NCF2015,,Nhẫn cưới nữ,,8.5,,,,
1017,NCF2017,,Nhẫn cưới nữ,,10,,,,
1018,NCF2018,,Nhẫn cưới nữ,,8,,,,
1019,NCF2019,,Nhẫn cưới nữ,,10,,,,
1020,NCF2020,,Nhẫn cưới nữ,,10,,,,
1021,NCF2022,,Nhẫn cưới nữ,,10,,,,
1022,NCF2023,,Nhẫn cưới nữ,,10,,,,
1023,NCF2025,,Nhẫn cưới nữ,,6,,,,
1024,NCF2026,,Nhẫn cưới nữ,,10,,,,
1025,NCF2027,,Nhẫn cưới nữ,,10,,,,
1026,NCF2029,,Nhẫn cưới nữ,,8,,,,
1027,NCF2031,,Nhẫn cưới nữ,,11,,,,
1028,NCF2033,,Nhẫn cưới nữ,,9,,,,
1029,NCF2034,,Nhẫn cưới nữ,,14,,,,
1030,NCF2035,,Nhẫn cưới nữ,,7.5,,,,
1031,NCF2036,,Nhẫn cưới nữ,,14,,,,
1032,NCF2038,,Nhẫn cưới nữ,,9,,,,
1033,NCF2039,,Nhẫn cưới nữ,,,,,,
1034,NCF2040,,Nhẫn cưới nữ,,8,,,,
1035,NCF2041,,Nhẫn cưới nữ,,8.5,,,,
1036,NCF2044,,Nhẫn cưới nữ,,10,,,,
1037,NCF2045,,Nhẫn cưới nữ,,10,,,,
1038,NCF2048,,Nhẫn cưới nữ,,10,,,,
1039,NCF2053,,Nhẫn cưới nữ,,12,,,,
1040,NCF2061,,Nhẫn cưới nữ,,11,,,,
1041,NCF2062,,Nhẫn cưới nữ,,11,,,,
1042,NCF2066,Star Light,Nhẫn cưới nữ,,12,,,,
1043,NCF2070,Our Day,Nhẫn cưới nữ,,13,,,,
1044,NCF2080,Petal of Joy 4,Nhẫn cưới nữ,,12,,,,
1045,NCF3001,,Nhẫn cưới nữ,,10,,,,
1046,NCF3003,,Nhẫn cưới nữ,,11,,,,
1047,NCF3004,,Nhẫn cưới nữ,,9,,,,
1048,NFS3006,,Nhẫn cưới nữ,,8.5,,,,
1049,NCF3007,,Nhẫn cưới nữ,,10,,,,
1050,NCF3009,,Nhẫn cưới nữ,,8.5,,,,
1051,NCF3012,,Nhẫn cưới nữ,,8.5,,,,
1052,NCF3015,,Nhẫn cưới nữ,,11,,,,
1053,NCF3024,Love'Em,Nhẫn cưới nữ,,12,,,,
1054,NCF5007,,Nhẫn cưới nữ,,10,,,,
1055,NCF9001,,Nhẫn cưới nữ,,9,,,,
1056,NCF9002,,Nhẫn cưới nữ,,10,,,,
1057,NCF9005,,Nhẫn cưới nữ,,11,,,,
1058,NKC0003,Satin Heart,Nhẫn kim cương,,10,,,,
1059,NKC0005,,Nhẫn kim cương,,11,,,,
1060,NKC0007,Twin Flowers,Nhẫn kim cương,,11,,,,
1061,NKC0008,Fancy Wide Band,Nhẫn kim cương,,12,,,,
1062,NKC0009,Diamond Bowtie,Nhẫn kim cương,,12,,,,
1063,NKC0011,White Camelia Diamond Ring,Nhẫn kim cương,,11,,,,
1064,NKC0012,Plumeria Diamond Lady Ring,Nhẫn kim cương,,11,,,,
1065,NKC0014,,Nhẫn kim cương,,14,,,,
1066,NKC0015,,Nhẫn kim cương,,14,,,,
1067,NKC1001,Tender Of Flower,Nhẫn kim cương,,12,,,,
1068,NKC1003,Fully Heart,Nhẫn kim cương,,13,,,,
1069,NKC1008,,Nhẫn kim cương,,11,,,,
1070,NKC1009,,Nhẫn kim cương,,12,,,,
1071,NKC1125,,Nhẫn kim cương,,11,,,,
1072,NKC1201,,Nhẫn kim cương,,11,,,,
1073,NKC1201 6.3mm,,Nhẫn kim cương,,11,,,,
1074,NKC1205,,Nhẫn kim cương,,11,,,,
1075,NKC1207,Basket Diamond & Wide Band,Nhẫn kim cương,,12,,,,
1076,NKC1308,,Nhẫn kim cương,,11,,,,
1077,NKC1308 6.3mm,,Nhẫn kim cương,,11,,,,
1078,NKC1316,,Nhẫn kim cương,,11,,,,
1079,NKC1428,,Nhẫn kim cương,,11,,,,
1080,NKC1511,,Nhẫn kim cương,,11,,,,
1081,NKC1608,,Nhẫn kim cương,,11,,,,
1082,NKC1608 6.3mm,,Nhẫn kim cương,,11,,,,
1083,NKC1611,,Nhẫn kim cương,,11.5,,,,
1084,NKC1712,,Nhẫn kim cương,,10,,,,
1085,NKC1801,Shining Love,Nhẫn kim cương,,13,,,,
1086,NKC2002,Décor Cushion Shape,Nhẫn kim cương,,13,,,,
1087,NKC2003,Queenie Butterfly,Nhẫn kim cương,,13,,,,
1088,NKC2006,Tournesol Bleu,Nhẫn kim cương,,12,,,,
1089,NKC2008,Anne Queen'S Lace Diamond Lady Ring,Nhẫn kim cương,,11,,,,
1090,NKC2010,Custom Halo With Rhombus Bridge Accent,Nhẫn kim cương,,11,,,,
1091,NKC2012,Royal Milgrain Pattern,Nhẫn kim cương,,11,,,,
1092,NKC2013,,Nhẫn kim cương,,11,,,,
1093,NKC2014,,Nhẫn kim cương,,11,,,,
1094,NKC2015,Full Of Light,Nhẫn kim cương,,12,,,,
1095,NKC2015 6.3mm,Full Of Light,Nhẫn kim cương,,13,,,,
1096,NKC2017,Migranie Wide Band,Nhẫn kim cương,,10,,,,
1097,NKC2102,Vintage Butterfly,Nhẫn kim cương,,13,,,,
1098,NKC2203,,Nhẫn kim cương,,11,,,,
1099,NKC2301,,Nhẫn kim cương,,11,,,,
1100,NKC2302,,Nhẫn kim cương,,11,,,,
1101,NKC2303,,Nhẫn kim cương,,11,,,,
1102,NKC2304,,Nhẫn kim cương,,11,,,,
1103,NKC2305,Double Halo Wide Band,Nhẫn kim cương,,11,,,,
1104,NKC2306,Rose Gold Papillon,Nhẫn kim cương,,13,,,,
1105,NKC2308,,Nhẫn kim cương,,12,,,,
1106,NKC2401,,Nhẫn kim cương,,11,,,,
1107,NKC2405,,Nhẫn kim cương,,11,,,,
1108,NKC2405 6.3mm,,Nhẫn kim cương,,11,,,,
1109,NKC2406,Halo Twisted  Band,Nhẫn kim cương,,10,,,,
1110,NKC2408,Vintage Twisted Buds,Nhẫn kim cương,,11,,,,
1111,NKC2501,,Nhẫn kim cương,,12,,,,
1112,NKC2502,,Nhẫn kim cương,,10.5,,,,
1113,NKC2504,,Nhẫn kim cương,,11,,,,
1114,NKC2505,,Nhẫn kim cương,,11,,,,
1115,NKC2508,,Nhẫn kim cương,,11,,,,
1116,NKC2509,,Nhẫn kim cương,,11,,,,
1117,NKC2514,Fancy Sunflower,Nhẫn kim cương,,13,,,,
1118,NKC3005,,Nhẫn kim cương,,11,,,,
1119,NKC3103,,Nhẫn kim cương,,11,,,,
1120,NKC3206,,Nhẫn kim cương,,10,,,,
1121,NKC3301,Five Stone With Bridge Accent Stone,Nhẫn kim cương,,11,,,,
1122,NKC3302,Art Deco Three Stone,Nhẫn kim cương,,12,,,,
1123,NKC4110,Spring Peony,Nhẫn kim cương,,12,,,,
1124,NKC4111,Spring Dandelion,Nhẫn kim cương,,11,,,,
1125,NKC4112,Spring Willow,Nhẫn kim cương,,12,,,,
1126,NKC4113,Joy of Spring,Nhẫn kim cương,,10,,,,
1127,NKC4114,Spring Sunflower,Nhẫn kim cương,,10,,,,
1128,NKC4117,Spring Light,Nhẫn kim cương,,10,,,,
1129,NKC4118,Love of Spring,Nhẫn kim cương,,12,,,,
1130,NKC4119,Dream's Spring,Nhẫn kim cương,,12,,,,
1131,NKC4120,Spring Muse,Nhẫn kim cương,,12,,,,
1132,NKC4121,Radiant Spring,Nhẫn kim cương,,11,,,,
1133,NKC4201,Lotus Of Clear Moon,Nhẫn kim cương,,13,,,,
1134,NKC8101,La Reine,Nhẫn kim cương,,13,,,,
1135,NKC8103,Princess Cut With Royal Pattern,Nhẫn kim cương,,13,,,,
1136,NKC8204,Emerald And Split Diamond Band,Nhẫn kim cương,,11,,,,
1137,NKC8205,Emerald And Twisted Diamond Band,Nhẫn kim cương,,9,,,,
1138,NKC8207,Shape Of Emerald,Nhẫn kim cương,,14,,,,
1139,NKC8210,,Nhẫn kim cương,,11,,,,
1140,NKC8211,Radiant Cut And Décor Split Shank,Nhẫn kim cương,,11,,,,
1141,NKC8302,Custom Pear Cut,Nhẫn kim cương,,5,,,,
1142,NKC8402,You'Re My Treasure,Nhẫn kim cương,,12,,,,
1143,NKC8503,Five Stone With Bridge Accent Stone,Nhẫn kim cương,,11,,,,
1144,NKC8505,Princess Modern Oval,Nhẫn kim cương,,11,,,,
1145,NKC9901,The Fleur,Nhẫn kim cương,,11,,,,
1146,NKC9902,,Nhẫn kim cương,,11,,,,
1147,NKC9905,,Nhẫn kim cương,,10,,,,
1148,NKC9906,,Nhẫn kim cương,,10,,,,
1149,NKC9907,,Nhẫn kim cương,,10,,,,
1150,NKC9908,,Nhẫn kim cương,,10,,,,
1151,NKC9914,,Nhẫn kim cương,,11,,,,
1152,NKC9915,,Nhẫn kim cương,,11,,,,
1153,NKC9916,,Nhẫn kim cương,,10,,,,
1154,NKC9917,,Nhẫn kim cương,,11,,,,
1155,NCM0003,,Nhẫn cưới nam,,18,,,,
1156,NCM0004,,Nhẫn cưới nam,,15,,,,
1157,NCM0008,,Nhẫn cưới nam,,15,,,,
1158,NCM0009,,Nhẫn cưới nam,,15,,,,
1159,NCM1012,,Nhẫn cưới nam,,17,,,,
1160,NCM1013,,Nhẫn cưới nam,,15,,,,
1161,NCM1033,,Nhẫn cưới nam,,15,,,,
1162,NCM2002,,Nhẫn cưới nam,,12,,,,
1163,NCM2003,,Nhẫn cưới nam,,18,,,,
1164,NCM2005,,Nhẫn cưới nam,,18,,,,
1165,NCM2007,,Nhẫn cưới nam,,18,,,,
1166,NCM2009,,Nhẫn cưới nam,,16,,,,
1167,NCM2010,,Nhẫn cưới nam,,15,,,,
1168,NCM2011,,Nhẫn cưới nam,,15,,,,
1169,NCM2012,,Nhẫn cưới nam,,17,,,,
1170,NCM2013,,Nhẫn cưới nam,,18,,,,
1171,NCM2015,,Nhẫn cưới nam,,15,,,,
1172,NCM2017,,Nhẫn cưới nam,,20,,,,
1173,NCM2018,,Nhẫn cưới nam,,16,,,,
1174,NCM2019,,Nhẫn cưới nam,,20,,,,
1175,NCM2020,,Nhẫn cưới nam,,20,,,,
1176,NCM2022,,Nhẫn cưới nam,,20,,,,
1177,NCM2023,,Nhẫn cưới nam,,20,,,,
1178,NCM2025,,Nhẫn cưới nam,,14,,,,
1179,NCM2026,,Nhẫn cưới nam,,21,,,,
1180,NCM2027,,Nhẫn cưới nam,,18,,,,
1181,NCM2029,,Nhẫn cưới nam,,16,,,,
1182,NCM2031,,Nhẫn cưới nam,,16,,,,
1183,NCM2033,,Nhẫn cưới nam,,15,,,,
1184,NCM2034,,Nhẫn cưới nam,,17,,,,
1185,NCM2035,,Nhẫn cưới nam,,15.5,,,,
1186,NCM2036,,Nhẫn cưới nam,,18,,,,
1187,NCM2038,,Nhẫn cưới nam,,15,,,,
1188,NCM2039,,Nhẫn cưới nam,,15,,,,
1189,NCM2040,,Nhẫn cưới nam,,15,,,,
1190,NCM2041,,Nhẫn cưới nam,,15,,,,
1191,NCM2044,,Nhẫn cưới nam,,15,,,,
1192,NCM2045,,Nhẫn cưới nam,,15,,,,
1193,NCM2048,,Nhẫn cưới nam,,15,,,,
1194,NCM2053,,Nhẫn cưới nam,,17,,,,
1195,NCM2061,,Nhẫn cưới nam,,17,,,,
1196,NCM2062,,Nhẫn cưới nam,,17,,,,
1197,NCM2066,Star Light,Nhẫn cưới nam,,20,,,,
1198,NCM2070,Our Day,Nhẫn cưới nam,,20,,,,
1199,NCM2080,Petal of Joy 4,Nhẫn cưới nam,,18,,,,
1200,NCM3001,,Nhẫn cưới nam,,18,,,,
1201,NCM3003,,Nhẫn cưới nam,,17,,,,
1202,NCM3004,,Nhẫn cưới nam,,15,,,,
1203,NCM3006,,Nhẫn cưới nam,,15.5,,,,
1204,NCM3007,,Nhẫn cưới nam,,19,,,,
1205,NCM3009,,Nhẫn cưới nam,,15.5,,,,
1206,NCM3012,,Nhẫn cưới nam,,15,,,,
1207,NCM3015,,Nhẫn cưới nam,,17,,,,
1208,NCM3024,Love'Em,Nhẫn cưới nam,,15,,,,
1209,NCM5007,,Nhẫn cưới nam,,18,,,,
1210,NCM8001,,Nhẫn cưới nam,,16,,,,
1211,NCM8002,,Nhẫn cưới nam,,14,,,,
1212,NCM9001,,Nhẫn cưới nam,,16,,,,
1213,NCM9002,,Nhẫn cưới nam,,20,,,,
1214,NCM9005,,Nhẫn cưới nam,,17,,,,
1215,NNA1401,,Nhẫn nam,,20.5,,,,
1216,NNA2101,,Nhẫn nam,,20,,,,
1217,NNA2102,,Nhẫn nam,,20,,,,
1218,NNA2103,,Nhẫn nam,,20.5,,,,
1219,NNA2104,,Nhẫn nam,,20,,,,
1220,NNA2105,,Nhẫn nam,,20,,,,
1221,NNA2106,Constantia,Nhẫn nam,,20,,,,
1222,NNA2107,Sapientia,Nhẫn nam,,18,,,,
1223,NNA2108,Fortitudo,Nhẫn nam,,18,,,,
1224,NNA2201,,Nhẫn nam,,16,,,,
1225,NNA2202,,Nhẫn nam,,20,,,,
1226,NNA2204,Calmitas,Nhẫn nam,,20,,,,
1227,NNA2205,Prima,Nhẫn nam,,18,,,,
1228,NNA2206,Decisio,Nhẫn nam,,18,,,,
1229,NNA2207,Mens,Nhẫn nam,,18,,,,
1230,NNA2301,,Nhẫn nam,,20,,,,
1231,NNA2302,,Nhẫn nam,,19,,,,
1232,NNA2303,,Nhẫn nam,,18,,,,
1233,NNA2304,,Nhẫn nam,,16,,,,
1234,NNA2305,,Nhẫn nam,,20,,,,
1235,NNA2306,,Nhẫn nam,,20,,,,
1236,NNA2307,,Nhẫn nam,,20,,,,
1237,NNA2308,,Nhẫn nam,,20,,,,
1238,NNA2309,,Nhẫn nam,,19,,,,
1239,NNA2310,,Nhẫn nam,,20,,,,
1240,NNA2311,,Nhẫn nam,,18,,,,
1241,NNA2313,,Nhẫn nam,,20,,,,
1242,NNA2315,Fides,Nhẫn nam,,18,,,,
1243,NNA2316,Clementia,Nhẫn nam,,18,,,,
1244,NNA2317,Regius,Nhẫn nam,,20,,,,
1245,NNA3101,,Nhẫn nam,,18,,,,
1246,NNA3102,,Nhẫn nam,,18,,,,
1247,NNA3103,,Nhẫn nam,,20,,,,
1248,NNA3104,,Nhẫn nam,,17,,,,
1249,NNA3105,,Nhẫn nam,,15.5,,,,
1250,NNA3106,,Nhẫn nam,,16,,,,
1251,NNA3107,,Nhẫn nam,,15,,,,
1252,NNA3108,,Nhẫn nam,,19,,,,
1253,NNA3109,,Nhẫn nam,,20,,,,
1254,NNA3110,,Nhẫn nam,,20,,,,
1255,NNA3111,,Nhẫn nam,,16,,,,
1256,NNA3112,,Nhẫn nam,,15,,,,
1257,NNA3114,,Nhẫn nam,,20,,,,
1258,NNA3115,,Nhẫn nam,,21,,,,
1259,NNA3116,,Nhẫn nam,,21,,,,
1260,NNA3117,,Nhẫn nam,,15,,,,
1261,NNA3118,,Nhẫn nam,,20,,,,
1262,NNA3119,,Nhẫn nam,,20,,,,
1263,NNA3120,,Nhẫn nam,,19,,,,
1264,NNA3121,,Nhẫn nam,,28,,,,
1265,NNA3122,,Nhẫn nam,,18,,,,
1266,NNA3123,,Nhẫn nam,,17,,,,
1267,NNA3201,,Nhẫn nam,,15,,,,
1268,NNA3202,,Nhẫn nam,,20,,,,
1269,NNA3203,,Nhẫn nam,,20,,,,
1270,NNA3204,,Nhẫn nam,,19,,,,
1271,NNA3401,,Nhẫn nam,,16,,,,
1272,NNA3402,,Nhẫn nam,,16,,,,
1273,NNA3403,,Nhẫn nam,,16,,,,
1274,NNA3404,,Nhẫn nam,,16,,,,
1275,NNA3405,,Nhẫn nam,,16,,,,
1276,NNA3406,,Nhẫn nam,,16,,,,
1277,NNA3407,,Nhẫn nam,,18,,,,
1278,NNA3408,,Nhẫn nam,,19,,,,
1279,NNA3501,,Nhẫn nam,,19,,,,
1280,NNA3801,,Nhẫn nam,,19,,,,
1281,NNA3802,,Nhẫn nam,,18,,,,
1282,NNA3803,,Nhẫn nam,,20,,,,
1283,NNA3901,,Nhẫn nam,,16,,,,
1284,NNA3902,,Nhẫn nam,,18,,,,
1285,NNA3903,,Nhẫn nam,,20,,,,
1286,NNA3904,,Nhẫn nam,,18,,,,
1287,NNA3905,,Nhẫn nam,,19,,,,
1288,NNA3906,,Nhẫn nam,,18,,,,
1289,NNA3907,,Nhẫn nam,,18,,,,
1290,NNA3908,,Nhẫn nam,,21,,,,
1291,NNA3909,,Nhẫn nam,,18,,,,
1292,NNA3910,,Nhẫn nam,,18,,,,
1293,NNA3911,,Nhẫn nam,,20,,,,
1294,NNA3912,,Nhẫn nam,,20,,,,
1295,NNA3913,,Nhẫn nam,,18,,,,
1296,NNA3914,,Nhẫn nam,,18,,,,
1297,NNA3915,,Nhẫn nam,,18,,,,
1298,NNA3916,,Nhẫn nam,,19,,,,
1299,NNA4001,,Nhẫn nam,,17,,,,
1300,NNA4101,,Nhẫn nam,,12,,,,
1301,NNA4102,,Nhẫn nam,,20,,,,
1302,NNA4104,,Nhẫn nam,,25,,,,
1303,NNA4105,,Nhẫn nam,,20,,,,
1304,NNA4106,,Nhẫn nam,,20,,,,
1305,NNA4107,,Nhẫn nam,,20,,,,
1306,NNA4108,,Nhẫn nam,,18,,,,
1307,NNA4109,,Nhẫn nam,,20,,,,
1308,NNA4110,,Nhẫn nam,,20,,,,
1309,NNA4111,,Nhẫn nam,,20,,,,
1310,NNA4112,,Nhẫn nam,,20,,,,
1311,NNA4113,,Nhẫn nam,,20,,,,
1312,NNA4114,,Nhẫn nam,,20,,,,
1313,NNA4115,,Nhẫn nam,,20,,,,
1314,NNA4201,,Nhẫn nam,,19,,,,
1315,NNA4202,,Nhẫn nam,,20,,,,
1316,NNA4203,,Nhẫn nam,,20,,,,
1317,NNA4204,,Nhẫn nam,,20,,,,
1318,NNA4205,,Nhẫn nam,,20,,,,
1319,NNA4207,,Nhẫn nam,,20,,,,
1320,NNA4208,,Nhẫn nam,,20,,,,
1321,NNA4209,,Nhẫn nam,,20,,,,
1322,NNA4301,,Nhẫn nam,,20,,,,
1323,NNA4302,,Nhẫn nam,,20,,,,
1324,NNA4303,,Nhẫn nam,,20,,,,
1325,NNA4304,,Nhẫn nam,,19,,,,
1326,NNA4401,,Nhẫn nam,,18,,,,
1327,NNA8001,,Nhẫn nam,,20,,,,
1328,NNA8002,,Nhẫn nam,,20,,,,
1329,NNA8003,,Nhẫn nam,,16,,,,
1330,NNA8004,,Nhẫn nam,,19,,,,
1331,NNA8005,,Nhẫn nam,,20,,,,
1332,NNA8006,,Nhẫn nam,,15,,,,
1333,NNA8007,,Nhẫn nam,,17,,,,
1334,NNA8008,,Nhẫn nam,,17,,,,
1335,NNA8009,,Nhẫn nam,,18,,,,
1336,NNA8010,,Nhẫn nam,,18,,,,
1337,NNA8011,,Nhẫn nam,,18,,,,
1338,NNA8012,,Nhẫn nam,,18,,,,
1339,NNA8013,,Nhẫn nam,,17,,,,
1340,NNA8014,,Nhẫn nam,,18,,,,
1341,NNA8015,,Nhẫn nam,,20,,,,
1342,NNA8016,,Nhẫn nam,,20,,,,
1343,NNA8017,,Nhẫn nam,,20,,,,
1344,NNA8018,,Nhẫn nam,,20,,,,
1345,NNA8019,,Nhẫn nam,,23,,,,
1346,NNA8020,,Nhẫn nam,,21,,,,
1347,NNA8021,,Nhẫn nam,,17,,,,
1348,NPT3107,,Nhẫn phong thủy,,18,,,,
1349,NPT3116,,Nhẫn phong thủy,,16,,,,
1350,NPT3119,,Nhẫn phong thủy,,20,,,,
1351,NPT3407,,Nhẫn phong thủy,,22,,,,
1352,NPT3801,,Nhẫn phong thủy,,16,,,,
1353,NPT3802,,Nhẫn phong thủy,,18,,,,
1354,NPT4207,,Nhẫn phong thủy,,20,,,,
1355,NPT4209,,Nhẫn phong thủy,,18,,,,
1356,NPT4304,,Nhẫn phong thủy,,18,,,,
1357,NPT4305,,Nhẫn phong thủy,,17.5,,,,
1358,NTT1201,,Nhẫn thời trang,,8,,,,
1359,NTT1202,,Nhẫn thời trang,,8,,,,
1360,NTT1203,,Nhẫn thời trang,,8,,,,
1361,NTT1204,,Nhẫn thời trang,,10,,,,
1362,NTT1205,,Nhẫn thời trang,,10,,,,
1363,NTT1206,,Nhẫn thời trang,,11,,,,
1364,NTT1207,,Nhẫn thời trang,,11,,,,
1365,NTT1208,,Nhẫn thời trang,,10,,,,
1366,NTT1801,,Nhẫn thời trang,,10,,,,
1367,NTT1802,,Nhẫn thời trang,,10,,,,
1368,NTT1803,,Nhẫn thời trang,,10,,,,
1369,NTT1804,,Nhẫn thời trang,,10,,,,
1370,NTT1805,,Nhẫn thời trang,,11,,,,
1371,NTT1806,,Nhẫn thời trang,,11,,,,
1372,NTT1901,,Nhẫn thời trang,,10,,,,
1373,NTT5101,Xuân Đào,Nhẫn thời trang,,8.5,,,,
1374,NTT5102,Nút Thắt Tường An,Nhẫn thời trang,,9.5,,,,
1375,NTT5103,"Tường Vân "" Phúc """,Nhẫn thời trang,,11,,,,
1376,NTT5104,"Tường Vân "" Lộc """,Nhẫn thời trang,,11,,,,
1377,NTT5106,Mini Teddy Huggie,Nhẫn thời trang,,6.5,,,,
1378,NTT5107,Teddy Huggie,Nhẫn thời trang,,11,,,,
1379,NTT5108,Heart Candy,Nhẫn thời trang,,11,,,,
1380,NTT5109,Kim Tiền,Nhẫn thời trang,,11,,,,
1381,NTT5109,Kim Tiền,Nhẫn thời trang,,13,,,,
1382,NTT5109,Kim Tiền,Nhẫn thời trang,,16,,,,
1383,NTT5109,Kim Tiền,Nhẫn thời trang,,19,,,,
1384,NTT5110,Kim Tiền,Nhẫn thời trang,,11,,,,
1385,NTT5110,Kim Tiền,Nhẫn thời trang,,13,,,,
1386,NTT5110,Kim Tiền,Nhẫn thời trang,,16,,,,
1387,NTT5110,Kim Tiền,Nhẫn thời trang,,19,,,,
1388,NTT5111,Kim Tiền,Nhẫn thời trang,,11,,,,
1389,NTT5111,Kim Tiền,Nhẫn thời trang,,13,,,,
1390,NTT5111,Kim Tiền,Nhẫn thời trang,,16,,,,
1391,NTT5111,Kim Tiền,Nhẫn thời trang,,19,,,,
1392,NTT5112,Kim Tiền Chiêu Tài,Nhẫn thời trang,,,,,,
1393,NTT5113,Kim Tiền Chiêu An,Nhẫn thời trang,,,,,,
1394,VCO0001,,Others,,,,,,
1395,VCO0002,,Others,,,,,,
1396,VCO0003,,Others,,,,,,
1397,VCO0004,,Others,,,,,,
1398,VTA0001,,Vòng tay,,,,,,
1399,VTA0007,Cát Long,Vòng tay,,,,,,
1400,VTA0008,Khánh Phúc,Vòng tay,,,,,,
1401,VTA0009,Khánh Lộc,Vòng tay,,,,,,
1402,VTA0010,Kim Xà Chiêu Phúc,Vòng tay,,,,,,
1403,VTA0012,Tiểu Kim Xà Chiêu Phúc,Vòng tay,,,,,,
1404,VTA1101,,Vòng tay,,,,,,
1405,VTA1102,,Vòng tay,,,,,,
1406,VTA1103,,Vòng tay,,,,,,
1407,VTA1104,,Vòng tay,,,,,,
1408,VTA1105,,Vòng tay,,,,,,
1409,VTA1106,,Vòng tay,,,,,,
1410,VTA1108,,Vòng tay,,,,,,
1411,VTA1109,,Vòng tay,,,,,,
1412,VTA1110,,Vòng tay,,,,,,
1413,VTA1111,,Vòng tay,,,,,,
1414,VTA1112,,Vòng tay,,,,,,
1415,VTA1114,,Vòng tay,,,,,,
1416,VTA1116,,Vòng tay,,,,,,
1417,VTA1201,,Vòng tay,,,,,,
1418,VTA2002,,Vòng tay,51,,,,,
1419,VTA3101,,Vòng tay,,,,,,
1420,VTA3103,,Vòng tay,,,,,,
1421,VTA3104,,Vòng tay,,,,,,
1422,VTA3105,,Vòng tay,,,,,,
1423,VTA5102,,Vòng tay,,,,,,
1424,VTA5103,,Vòng tay,,,,,,
1425,VTA5104,Queen Anne'S Lace Bracelet,Vòng tay,,,,,,
1426,VTA5105,Plumeria Bracelet,Vòng tay,,,,,,
1427,VTA8102,,Vòng tay,,,,,,
1428,VTA8103,,Vòng tay,,,,,,
1429,VTA8104,,Vòng tay,,,,,,
1430,VTA8109,,Vòng tay,51.03,,,,,
1431,VTA8110,,Vòng tay,,,,,,
1432,VTA8111,,Vòng tay,,,,,,
1433,VTA8112,,Vòng tay,,,,,,
1434,VTA8118,Kim Tiền,Vòng tay,,,,,,
1435,VTA8118.2024,Kim Tiền,Vòng tay,,,,,,
1436,VTA9001,,Vòng tay,50,,,,,
1437,VTA9002,,Vòng tay,50,,,,,
1438,VTA9003,,Vòng tay,,,,,,
1439,VTA9004,,Vòng tay,,,,,,
1440,MDA8155,,Mặt dây,,,,,,
1441,NKC0022,,Nhẫn kim cương,,,,,,
1442,BTA8152,,Bông tai,,,,,,
1443,VTA1118,,Vòng tay,,,,,,
1444,BCF0012,,Nhẫn cưới nữ,,5.5,,,,
1445,BCM0012,,Nhẫn cưới nam,,14,,,,
1446,BCF1002,,Nhẫn cưới nữ,,11,,,,
1447,BCM1002,,Nhẫn cưới nam,,18,,,,
1448,BCF1042,,Nhẫn cưới nữ,,11,,,,
1449,BCM1042,,Nhẫn cưới nam,,16,,,,
1450,BCF2004,,Nhẫn cưới nữ,,11,,,,
1451,BCM2004,,Nhẫn cưới nam,,16,,,,
1452,BCF2009,,Nhẫn cưới nữ,,11,,,,
1453,BCM2009,,Nhẫn cưới nam,,18,,,,
1454,BCF2016,,Nhẫn cưới nữ,,10,,,,
1455,BCM2016,,Nhẫn cưới nam,,14,,,,
1456,BCF2023,,Nhẫn cưới nữ,,10,,,,
1457,BCM2023,,Nhẫn cưới nam,,17,,,,
1458,BCF2024,,Nhẫn cưới nữ,,10,,,,
1459,BCM2024,,Nhẫn cưới nam,,19.5,,,,
1460,BCF2031,,Nhẫn cưới nữ,,11,,,,
1461,BCM2031,,Nhẫn cưới nam,,19,,,,
1462,BCF2043,,Nhẫn cưới nữ,,11,,,,
1463,BCM2043,,Nhẫn cưới nam,,18,,,,
1464,BCF2054,,Nhẫn cưới nữ,,11,,,,
1465,BCM2054,,Nhẫn cưới nam,,19,,,,
1466,BCF2070,,Nhẫn cưới nữ,,11,,,,
1467,BCM2070,,Nhẫn cưới nam,,19,,,,
1468,BCF3002,,Nhẫn cưới nữ,,11,,,,
1469,BCM3002,,Nhẫn cưới nam,,15,,,,
1470,BCF3011,,Nhẫn cưới nữ,,11,,,,
1471,BCM3011,,Nhẫn cưới nam,,19,,,,
1472,BCF3024,,Nhẫn cưới nữ,,11,,,,
1473,BCM3024,,Nhẫn cưới nam,,17,,,,
1474,BNC0012,,Nhẫn cưới,,M.14-F.5.5,,,,
1475,BNC1002,,Nhẫn cưới,,M.18-F.11,,,,
1476,BNC1042,,Nhẫn cưới,,M.16-F.11,,,,
1477,BNC2004,,Nhẫn cưới,,M.16-F.11,,,,
1478,BNC2009,,Nhẫn cưới,,M.18-F.11,,,,
1479,BNC2016,,Nhẫn cưới,,M.14-F.10,,,,
1480,BNC2023,,Nhẫn cưới,,M.17-F.10,,,,
1481,BNC2024,,Nhẫn cưới,,M.19.5-F.10,,,,
1482,BNC2031,,Nhẫn cưới,,M.19-F.11,,,,
1483,BNC2043,,Nhẫn cưới,,M.18-F.11,,,,
1484,BNC2054,,Nhẫn cưới,,M.19-F.11,,,,
1485,BNC2070,,Nhẫn cưới,,M.19-F.11,,,,
1486,BNC3002,,Nhẫn cưới,,M.15-F.11,,,,
1487,BNC3011,,Nhẫn cưới,,M.19-F.11,,,,
1488,BNC3024,,Nhẫn cưới,,M.17-F.11,,,,
1489,BCF2002,,Nhẫn cưới,,11,,,,
1490,BCM2002,,Nhẫn cưới,,19,,,,
1491,BCF3005,,Nhẫn cưới,,11.5,,,,
1492,BCM3005,,Nhẫn cưới,,19,,,,
1493,BCF2007,,Nhẫn cưới,,11,,,,
1494,BCM2007,,Nhẫn cưới,,18,,,,
1495,BCF2008,,Nhẫn cưới,,11,,,,
1496,BCM2008,,Nhẫn cưới,,18,,,,
1497,BCF2055,,Nhẫn cưới,,11,,,,
1498,BCM2055,,Nhẫn cưới,,19,,,,
1499,BCF2022,,Nhẫn cưới,,11,,,,
1500,BCM2022,,Nhẫn cưới,,19,,,,
1501,BCF0001,,Nhẫn cưới,,11,,,,
1502,BCM0001,,Nhẫn cưới,,19.5,,,,
1503,BCF2010,,Nhẫn cưới,,11,,,,
1504,BCM2010,,Nhẫn cưới,,19.5,,,,
1505,BCF1003,,Nhẫn cưới,,11,,,,
1506,BCM1003,,Nhẫn cưới,,19.5,,,,
1507,BCF1015,,Nhẫn cưới,,11,,,,
1508,BCM1015,,Nhẫn cưới,,19.5,,,,
1509,BCF2003,,Nhẫn cưới,,11,,,,
1510,BCM2003,,Nhẫn cưới,,19.5,,,,
1511,BCF2005,,Nhẫn cưới,,11,,,,
1512,BCM2005,,Nhẫn cưới,,19,,,,
1513,BCF2012,,Nhẫn cưới,,11,,,,
1514,BCM2012,,Nhẫn cưới,,18,,,,
1515,BCF3007,,Nhẫn cưới,,11,,,,
1516,BCM3007,,Nhẫn cưới,,18,,,,
1517,BCF0006,,Nhẫn cưới,,9,,,,
1518,BCM0006,,Nhẫn cưới,,18,,,,
1519,BCF2013,,Nhẫn cưới,,10,,,,
1520,BCM2013,,Nhẫn cưới,,18,,,,
1521,BCF2014,,Nhẫn cưới,,11,,,,
1522,BCM2014,,Nhẫn cưới,,18,,,,
1523,BCF2015,,Nhẫn cưới,,11,,,,
1524,BCM2015,,Nhẫn cưới,,18,,,,
1525,BCF2018,,Nhẫn cưới,,11,,,,
1526,BCM2018,,Nhẫn cưới,,18,,,,
1527,BCF2019,,Nhẫn cưới,,11,,,,
1528,BCM2019,,Nhẫn cưới,,18,,,,
1529,BCF2020,,Nhẫn cưới,,11,,,,
1530,BCM2020,,Nhẫn cưới,,18,,,,
1531,BCF2025,,Nhẫn cưới,,11,,,,
1532,BCM2025,,Nhẫn cưới,,18,,,,
1533,BCF2017,,Nhẫn cưới,,11,,,,
1534,BCM2017,,Nhẫn cưới,,18,,,,
1535,BCF2066,,Nhẫn cưới,,12.5,,,,
1536,BCM2066,,Nhẫn cưới,,20,,,,
1537,BNC0001,,Nhẫn cưới,,M.19.5-F.11,,,,
1538,BNC1003,,Nhẫn cưới,,M.19.5-F.11,,,,
1539,BNC1015,,Nhẫn cưới,,M.19.5-F.11,,,,
1540,BNC2002,,Nhẫn cưới,,M.19-F.11,,,,
1541,BNC2003,,Nhẫn cưới,,M.19.5-F.11,,,,
1542,BNC2005,,Nhẫn cưới,,M.19-F.11,,,,
1543,BNC2007,,Nhẫn cưới,,M.18-F.11,,,,
1544,BNC2008,,Nhẫn cưới,,M.18-F.11,,,,
1545,BNC2022,,Nhẫn cưới,,M.19-F.11,,,,
1546,BNC2010,,Nhẫn cưới,,M.19.5-F.11,,,,
1547,BNC2055,,Nhẫn cưới,,M.19-F.11,,,,
1548,BNC3005,,Nhẫn cưới,,M.19-F.11.5,,,,
1549,BNC0006,,Nhẫn cưới,,M.18-F.9,,,,
1550,BNC2012,,Nhẫn cưới,,M.18-F.11,,,,
1551,BNC2013,,Nhẫn cưới,,M.18-F.10,,,,
1552,BNC2014,,Nhẫn cưới,,M.18-F.11,,,,
1553,BNC2015,,Nhẫn cưới,,M.18-F.11,,,,
1554,BNC2017,,Nhẫn cưới,,M.18-F.11,,,,
1555,BNC2018,,Nhẫn cưới,,M.18-F.11,,,,
1556,BNC2019,,Nhẫn cưới,,M.18-F.11,,,,
1557,BNC2020,,Nhẫn cưới,,M.18-F.11,,,,
1558,BNC2025,,Nhẫn cưới,,M.18-F.11,,,,
1559,BNC2066,,Nhẫn cưới,,M.20-F.12.5,,,,
1560,BNC3007,,Nhẫn cưới,,M.18-F.11,,,,
1561,DLN2101,,Nhẫn kim cương,,,,,,
1562,DLN1801,,Nhẫn kim cương,,,,,,
1563,DLN2501,,Nhẫn kim cương,,,,,,
1564,DLN2502,,Nhẫn kim cương,,,,,,